"","Date","Source","Site.ID","POC","Daily.Max.8.hour.Ozone.Concentration","UNITS","DAILY_AQI_VALUE","Site.Name","DAILY_OBS_COUNT","PERCENT_COMPLETE","AQS_PARAMETER_CODE","AQS_PARAMETER_DESC","CBSA_CODE","CBSA_NAME","STATE_CODE","STATE","COUNTY_CODE","COUNTY","SITE_LATITUDE","SITE_LONGITUDE"
"1","01/01/2010","AQS",371190041,1,0.031,"ppm",29,"Garinger High School",17,100,44201,"Ozone",16740,"Charlotte-Concord-Gastonia, NC-SC",37,"North Carolina",119,"Mecklenburg",35.2401000008895,-80.785683
"2","01/02/2010","AQS",371190041,1,0.033,"ppm",31,"Garinger High School",17,100,44201,"Ozone",16740,"Charlotte-Concord-Gastonia, NC-SC",37,"North Carolina",119,"Mecklenburg",35.2401000008895,-80.785683
"3","01/03/2010","AQS",371190041,1,0.035,"ppm",32,"Garinger High School",17,100,44201,"Ozone",16740,"Charlotte-Concord-Gastonia, NC-SC",37,"North Carolina",119,"Mecklenburg",35.2401000008895,-80.785683
"4","01/04/2010","AQS",371190041,1,0.031,"ppm",29,"Garinger High School",17,100,44201,"Ozone",16740,"Charlotte-Concord-Gastonia, NC-SC",37,"North Carolina",119,"Mecklenburg",35.2401000008895,-80.785683
"5","01/05/2010","AQS",371190041,1,0.027,"ppm",25,"Garinger High School",17,100,44201,"Ozone",16740,"Charlotte-Concord-Gastonia, NC-SC",37,"North Carolina",119,"Mecklenburg",35.2401000008895,-80.785683
"6","01/07/2010","AQS",371190041,1,0.033,"ppm",31,"Garinger High School",17,100,44201,"Ozone",16740,"Charlotte-Concord-Gastonia, NC-SC",37,"North Carolina",119,"Mecklenburg",35.2401000008895,-80.785683
"7","01/08/2010","AQS",371190041,1,0.035,"ppm",32,"Garinger High School",17,100,44201,"Ozone",16740,"Charlotte-Concord-Gastonia, NC-SC",37,"North Carolina",119,"Mecklenburg",35.2401000008895,-80.785683
"8","01/09/2010","AQS",371190041,1,0.032,"ppm",30,"Garinger High School",17,100,44201,"Ozone",16740,"Charlotte-Concord-Gastonia, NC-SC",37,"North Carolina",119,"Mecklenburg",35.2401000008895,-80.785683
"9","01/10/2010","AQS",371190041,1,0.032,"ppm",30,"Garinger High School",17,100,44201,"Ozone",16740,"Charlotte-Concord-Gastonia, NC-SC",37,"North Carolina",119,"Mecklenburg",35.2401000008895,-80.785683
"10","01/11/2010","AQS",371190041,1,0.03,"ppm",28,"Garinger High School",17,100,44201,"Ozone",16740,"Charlotte-Concord-Gastonia, NC-SC",37,"North Carolina",119,"Mecklenburg",35.2401000008895,-80.785683
"11","01/12/2010","AQS",371190041,1,0.026,"ppm",24,"Garinger High School",17,100,44201,"Ozone",16740,"Charlotte-Concord-Gastonia, NC-SC",37,"North Carolina",119,"Mecklenburg",35.2401000008895,-80.785683
"12","01/16/2010","AQS",371190041,1,0.035,"ppm",32,"Garinger High School",17,100,44201,"Ozone",16740,"Charlotte-Concord-Gastonia, NC-SC",37,"North Carolina",119,"Mecklenburg",35.2401000008895,-80.785683
"13","01/17/2010","AQS",371190041,1,0.028,"ppm",26,"Garinger High School",17,100,44201,"Ozone",16740,"Charlotte-Concord-Gastonia, NC-SC",37,"North Carolina",119,"Mecklenburg",35.2401000008895,-80.785683
"14","01/18/2010","AQS",371190041,1,0.035,"ppm",32,"Garinger High School",17,100,44201,"Ozone",16740,"Charlotte-Concord-Gastonia, NC-SC",37,"North Carolina",119,"Mecklenburg",35.2401000008895,-80.785683
"15","01/19/2010","AQS",371190041,1,0.029,"ppm",27,"Garinger High School",17,100,44201,"Ozone",16740,"Charlotte-Concord-Gastonia, NC-SC",37,"North Carolina",119,"Mecklenburg",35.2401000008895,-80.785683
"16","01/20/2010","AQS",371190041,1,0.035,"ppm",32,"Garinger High School",17,100,44201,"Ozone",16740,"Charlotte-Concord-Gastonia, NC-SC",37,"North Carolina",119,"Mecklenburg",35.2401000008895,-80.785683
"17","01/21/2010","AQS",371190041,1,0.015,"ppm",14,"Garinger High School",17,100,44201,"Ozone",16740,"Charlotte-Concord-Gastonia, NC-SC",37,"North Carolina",119,"Mecklenburg",35.2401000008895,-80.785683
"18","01/22/2010","AQS",371190041,1,0.023,"ppm",21,"Garinger High School",17,100,44201,"Ozone",16740,"Charlotte-Concord-Gastonia, NC-SC",37,"North Carolina",119,"Mecklenburg",35.2401000008895,-80.785683
"19","01/23/2010","AQS",371190041,1,0.026,"ppm",24,"Garinger High School",17,100,44201,"Ozone",16740,"Charlotte-Concord-Gastonia, NC-SC",37,"North Carolina",119,"Mecklenburg",35.2401000008895,-80.785683
"20","01/24/2010","AQS",371190041,1,0.035,"ppm",32,"Garinger High School",17,100,44201,"Ozone",16740,"Charlotte-Concord-Gastonia, NC-SC",37,"North Carolina",119,"Mecklenburg",35.2401000008895,-80.785683
"21","01/25/2010","AQS",371190041,1,0.036,"ppm",33,"Garinger High School",17,100,44201,"Ozone",16740,"Charlotte-Concord-Gastonia, NC-SC",37,"North Carolina",119,"Mecklenburg",35.2401000008895,-80.785683
"22","01/26/2010","AQS",371190041,1,0.028,"ppm",26,"Garinger High School",17,100,44201,"Ozone",16740,"Charlotte-Concord-Gastonia, NC-SC",37,"North Carolina",119,"Mecklenburg",35.2401000008895,-80.785683
"23","01/27/2010","AQS",371190041,1,0.02,"ppm",19,"Garinger High School",17,100,44201,"Ozone",16740,"Charlotte-Concord-Gastonia, NC-SC",37,"North Carolina",119,"Mecklenburg",35.2401000008895,-80.785683
"24","01/28/2010","AQS",371190041,1,0.031,"ppm",29,"Garinger High School",17,100,44201,"Ozone",16740,"Charlotte-Concord-Gastonia, NC-SC",37,"North Carolina",119,"Mecklenburg",35.2401000008895,-80.785683
"25","01/29/2010","AQS",371190041,1,0.033,"ppm",31,"Garinger High School",17,100,44201,"Ozone",16740,"Charlotte-Concord-Gastonia, NC-SC",37,"North Carolina",119,"Mecklenburg",35.2401000008895,-80.785683
"26","01/30/2010","AQS",371190041,1,0.032,"ppm",30,"Garinger High School",17,100,44201,"Ozone",16740,"Charlotte-Concord-Gastonia, NC-SC",37,"North Carolina",119,"Mecklenburg",35.2401000008895,-80.785683
"27","01/31/2010","AQS",371190041,1,0.037,"ppm",34,"Garinger High School",17,100,44201,"Ozone",16740,"Charlotte-Concord-Gastonia, NC-SC",37,"North Carolina",119,"Mecklenburg",35.2401000008895,-80.785683
"28","02/01/2010","AQS",371190041,1,0.034,"ppm",31,"Garinger High School",17,100,44201,"Ozone",16740,"Charlotte-Concord-Gastonia, NC-SC",37,"North Carolina",119,"Mecklenburg",35.2401000008895,-80.785683
"29","02/02/2010","AQS",371190041,1,0.023,"ppm",21,"Garinger High School",17,100,44201,"Ozone",16740,"Charlotte-Concord-Gastonia, NC-SC",37,"North Carolina",119,"Mecklenburg",35.2401000008895,-80.785683
"30","02/03/2010","AQS",371190041,1,0.029,"ppm",27,"Garinger High School",17,100,44201,"Ozone",16740,"Charlotte-Concord-Gastonia, NC-SC",37,"North Carolina",119,"Mecklenburg",35.2401000008895,-80.785683
"31","02/04/2010","AQS",371190041,1,0.03,"ppm",28,"Garinger High School",17,100,44201,"Ozone",16740,"Charlotte-Concord-Gastonia, NC-SC",37,"North Carolina",119,"Mecklenburg",35.2401000008895,-80.785683
"32","02/05/2010","AQS",371190041,1,0.029,"ppm",27,"Garinger High School",17,100,44201,"Ozone",16740,"Charlotte-Concord-Gastonia, NC-SC",37,"North Carolina",119,"Mecklenburg",35.2401000008895,-80.785683
"33","02/06/2010","AQS",371190041,1,0.026,"ppm",24,"Garinger High School",17,100,44201,"Ozone",16740,"Charlotte-Concord-Gastonia, NC-SC",37,"North Carolina",119,"Mecklenburg",35.2401000008895,-80.785683
"34","02/07/2010","AQS",371190041,1,0.032,"ppm",30,"Garinger High School",17,100,44201,"Ozone",16740,"Charlotte-Concord-Gastonia, NC-SC",37,"North Carolina",119,"Mecklenburg",35.2401000008895,-80.785683
"35","02/08/2010","AQS",371190041,1,0.03,"ppm",28,"Garinger High School",17,100,44201,"Ozone",16740,"Charlotte-Concord-Gastonia, NC-SC",37,"North Carolina",119,"Mecklenburg",35.2401000008895,-80.785683
"36","02/09/2010","AQS",371190041,1,0.026,"ppm",24,"Garinger High School",17,100,44201,"Ozone",16740,"Charlotte-Concord-Gastonia, NC-SC",37,"North Carolina",119,"Mecklenburg",35.2401000008895,-80.785683
"37","02/10/2010","AQS",371190041,1,0.036,"ppm",33,"Garinger High School",17,100,44201,"Ozone",16740,"Charlotte-Concord-Gastonia, NC-SC",37,"North Carolina",119,"Mecklenburg",35.2401000008895,-80.785683
"38","02/11/2010","AQS",371190041,1,0.037,"ppm",34,"Garinger High School",17,100,44201,"Ozone",16740,"Charlotte-Concord-Gastonia, NC-SC",37,"North Carolina",119,"Mecklenburg",35.2401000008895,-80.785683
"39","02/12/2010","AQS",371190041,1,0.029,"ppm",27,"Garinger High School",17,100,44201,"Ozone",16740,"Charlotte-Concord-Gastonia, NC-SC",37,"North Carolina",119,"Mecklenburg",35.2401000008895,-80.785683
"40","02/13/2010","AQS",371190041,1,0.041,"ppm",38,"Garinger High School",17,100,44201,"Ozone",16740,"Charlotte-Concord-Gastonia, NC-SC",37,"North Carolina",119,"Mecklenburg",35.2401000008895,-80.785683
"41","02/14/2010","AQS",371190041,1,0.039,"ppm",36,"Garinger High School",17,100,44201,"Ozone",16740,"Charlotte-Concord-Gastonia, NC-SC",37,"North Carolina",119,"Mecklenburg",35.2401000008895,-80.785683
"42","02/15/2010","AQS",371190041,1,0.034,"ppm",31,"Garinger High School",17,100,44201,"Ozone",16740,"Charlotte-Concord-Gastonia, NC-SC",37,"North Carolina",119,"Mecklenburg",35.2401000008895,-80.785683
"43","02/16/2010","AQS",371190041,1,0.038,"ppm",35,"Garinger High School",17,100,44201,"Ozone",16740,"Charlotte-Concord-Gastonia, NC-SC",37,"North Carolina",119,"Mecklenburg",35.2401000008895,-80.785683
"44","02/17/2010","AQS",371190041,1,0.037,"ppm",34,"Garinger High School",17,100,44201,"Ozone",16740,"Charlotte-Concord-Gastonia, NC-SC",37,"North Carolina",119,"Mecklenburg",35.2401000008895,-80.785683
"45","02/18/2010","AQS",371190041,1,0.039,"ppm",36,"Garinger High School",17,100,44201,"Ozone",16740,"Charlotte-Concord-Gastonia, NC-SC",37,"North Carolina",119,"Mecklenburg",35.2401000008895,-80.785683
"46","02/19/2010","AQS",371190041,1,0.04,"ppm",37,"Garinger High School",17,100,44201,"Ozone",16740,"Charlotte-Concord-Gastonia, NC-SC",37,"North Carolina",119,"Mecklenburg",35.2401000008895,-80.785683
"47","02/20/2010","AQS",371190041,1,0.041,"ppm",38,"Garinger High School",17,100,44201,"Ozone",16740,"Charlotte-Concord-Gastonia, NC-SC",37,"North Carolina",119,"Mecklenburg",35.2401000008895,-80.785683
"48","02/21/2010","AQS",371190041,1,0.055,"ppm",51,"Garinger High School",17,100,44201,"Ozone",16740,"Charlotte-Concord-Gastonia, NC-SC",37,"North Carolina",119,"Mecklenburg",35.2401000008895,-80.785683
"49","02/22/2010","AQS",371190041,1,0.027,"ppm",25,"Garinger High School",17,100,44201,"Ozone",16740,"Charlotte-Concord-Gastonia, NC-SC",37,"North Carolina",119,"Mecklenburg",35.2401000008895,-80.785683
"50","02/23/2010","AQS",371190041,1,0.028,"ppm",26,"Garinger High School",17,100,44201,"Ozone",16740,"Charlotte-Concord-Gastonia, NC-SC",37,"North Carolina",119,"Mecklenburg",35.2401000008895,-80.785683
"51","02/24/2010","AQS",371190041,1,0.028,"ppm",26,"Garinger High School",17,100,44201,"Ozone",16740,"Charlotte-Concord-Gastonia, NC-SC",37,"North Carolina",119,"Mecklenburg",35.2401000008895,-80.785683
"52","02/25/2010","AQS",371190041,1,0.036,"ppm",33,"Garinger High School",17,100,44201,"Ozone",16740,"Charlotte-Concord-Gastonia, NC-SC",37,"North Carolina",119,"Mecklenburg",35.2401000008895,-80.785683
"53","02/26/2010","AQS",371190041,1,0.041,"ppm",38,"Garinger High School",17,100,44201,"Ozone",16740,"Charlotte-Concord-Gastonia, NC-SC",37,"North Carolina",119,"Mecklenburg",35.2401000008895,-80.785683
"54","02/27/2010","AQS",371190041,1,0.043,"ppm",40,"Garinger High School",17,100,44201,"Ozone",16740,"Charlotte-Concord-Gastonia, NC-SC",37,"North Carolina",119,"Mecklenburg",35.2401000008895,-80.785683
"55","02/28/2010","AQS",371190041,1,0.037,"ppm",34,"Garinger High School",17,100,44201,"Ozone",16740,"Charlotte-Concord-Gastonia, NC-SC",37,"North Carolina",119,"Mecklenburg",35.2401000008895,-80.785683
"56","03/01/2010","AQS",371190041,1,0.033,"ppm",31,"Garinger High School",17,100,44201,"Ozone",16740,"Charlotte-Concord-Gastonia, NC-SC",37,"North Carolina",119,"Mecklenburg",35.2401000008895,-80.785683
"57","03/02/2010","AQS",371190041,1,0.029,"ppm",27,"Garinger High School",17,100,44201,"Ozone",16740,"Charlotte-Concord-Gastonia, NC-SC",37,"North Carolina",119,"Mecklenburg",35.2401000008895,-80.785683
"58","03/03/2010","AQS",371190041,1,0.034,"ppm",31,"Garinger High School",17,100,44201,"Ozone",16740,"Charlotte-Concord-Gastonia, NC-SC",37,"North Carolina",119,"Mecklenburg",35.2401000008895,-80.785683
"59","03/04/2010","AQS",371190041,1,0.042,"ppm",39,"Garinger High School",17,100,44201,"Ozone",16740,"Charlotte-Concord-Gastonia, NC-SC",37,"North Carolina",119,"Mecklenburg",35.2401000008895,-80.785683
"60","03/05/2010","AQS",371190041,1,0.043,"ppm",40,"Garinger High School",17,100,44201,"Ozone",16740,"Charlotte-Concord-Gastonia, NC-SC",37,"North Carolina",119,"Mecklenburg",35.2401000008895,-80.785683
"61","03/06/2010","AQS",371190041,1,0.045,"ppm",42,"Garinger High School",17,100,44201,"Ozone",16740,"Charlotte-Concord-Gastonia, NC-SC",37,"North Carolina",119,"Mecklenburg",35.2401000008895,-80.785683
"62","03/07/2010","AQS",371190041,1,0.049,"ppm",45,"Garinger High School",17,100,44201,"Ozone",16740,"Charlotte-Concord-Gastonia, NC-SC",37,"North Carolina",119,"Mecklenburg",35.2401000008895,-80.785683
"63","03/08/2010","AQS",371190041,1,0.059,"ppm",64,"Garinger High School",17,100,44201,"Ozone",16740,"Charlotte-Concord-Gastonia, NC-SC",37,"North Carolina",119,"Mecklenburg",35.2401000008895,-80.785683
"64","03/09/2010","AQS",371190041,1,0.062,"ppm",74,"Garinger High School",17,100,44201,"Ozone",16740,"Charlotte-Concord-Gastonia, NC-SC",37,"North Carolina",119,"Mecklenburg",35.2401000008895,-80.785683
"65","03/10/2010","AQS",371190041,1,0.04,"ppm",37,"Garinger High School",17,100,44201,"Ozone",16740,"Charlotte-Concord-Gastonia, NC-SC",37,"North Carolina",119,"Mecklenburg",35.2401000008895,-80.785683
"66","03/11/2010","AQS",371190041,1,0.023,"ppm",21,"Garinger High School",17,100,44201,"Ozone",16740,"Charlotte-Concord-Gastonia, NC-SC",37,"North Carolina",119,"Mecklenburg",35.2401000008895,-80.785683
"67","03/12/2010","AQS",371190041,1,0.037,"ppm",34,"Garinger High School",17,100,44201,"Ozone",16740,"Charlotte-Concord-Gastonia, NC-SC",37,"North Carolina",119,"Mecklenburg",35.2401000008895,-80.785683
"68","03/13/2010","AQS",371190041,1,0.044,"ppm",41,"Garinger High School",17,100,44201,"Ozone",16740,"Charlotte-Concord-Gastonia, NC-SC",37,"North Carolina",119,"Mecklenburg",35.2401000008895,-80.785683
"69","03/14/2010","AQS",371190041,1,0.037,"ppm",34,"Garinger High School",17,100,44201,"Ozone",16740,"Charlotte-Concord-Gastonia, NC-SC",37,"North Carolina",119,"Mecklenburg",35.2401000008895,-80.785683
"70","03/15/2010","AQS",371190041,1,0.039,"ppm",36,"Garinger High School",17,100,44201,"Ozone",16740,"Charlotte-Concord-Gastonia, NC-SC",37,"North Carolina",119,"Mecklenburg",35.2401000008895,-80.785683
"71","03/16/2010","AQS",371190041,1,0.035,"ppm",32,"Garinger High School",17,100,44201,"Ozone",16740,"Charlotte-Concord-Gastonia, NC-SC",37,"North Carolina",119,"Mecklenburg",35.2401000008895,-80.785683
"72","03/17/2010","AQS",371190041,1,0.049,"ppm",45,"Garinger High School",17,100,44201,"Ozone",16740,"Charlotte-Concord-Gastonia, NC-SC",37,"North Carolina",119,"Mecklenburg",35.2401000008895,-80.785683
"73","03/18/2010","AQS",371190041,1,0.051,"ppm",47,"Garinger High School",17,100,44201,"Ozone",16740,"Charlotte-Concord-Gastonia, NC-SC",37,"North Carolina",119,"Mecklenburg",35.2401000008895,-80.785683
"74","03/19/2010","AQS",371190041,1,0.06,"ppm",67,"Garinger High School",17,100,44201,"Ozone",16740,"Charlotte-Concord-Gastonia, NC-SC",37,"North Carolina",119,"Mecklenburg",35.2401000008895,-80.785683
"75","03/20/2010","AQS",371190041,1,0.064,"ppm",80,"Garinger High School",17,100,44201,"Ozone",16740,"Charlotte-Concord-Gastonia, NC-SC",37,"North Carolina",119,"Mecklenburg",35.2401000008895,-80.785683
"76","03/21/2010","AQS",371190041,1,0.049,"ppm",45,"Garinger High School",17,100,44201,"Ozone",16740,"Charlotte-Concord-Gastonia, NC-SC",37,"North Carolina",119,"Mecklenburg",35.2401000008895,-80.785683
"77","03/22/2010","AQS",371190041,1,0.03,"ppm",28,"Garinger High School",17,100,44201,"Ozone",16740,"Charlotte-Concord-Gastonia, NC-SC",37,"North Carolina",119,"Mecklenburg",35.2401000008895,-80.785683
"78","03/23/2010","AQS",371190041,1,0.046,"ppm",43,"Garinger High School",17,100,44201,"Ozone",16740,"Charlotte-Concord-Gastonia, NC-SC",37,"North Carolina",119,"Mecklenburg",35.2401000008895,-80.785683
"79","03/24/2010","AQS",371190041,1,0.052,"ppm",48,"Garinger High School",17,100,44201,"Ozone",16740,"Charlotte-Concord-Gastonia, NC-SC",37,"North Carolina",119,"Mecklenburg",35.2401000008895,-80.785683
"80","03/25/2010","AQS",371190041,1,0.057,"ppm",58,"Garinger High School",17,100,44201,"Ozone",16740,"Charlotte-Concord-Gastonia, NC-SC",37,"North Carolina",119,"Mecklenburg",35.2401000008895,-80.785683
"81","03/26/2010","AQS",371190041,1,0.041,"ppm",38,"Garinger High School",17,100,44201,"Ozone",16740,"Charlotte-Concord-Gastonia, NC-SC",37,"North Carolina",119,"Mecklenburg",35.2401000008895,-80.785683
"82","03/27/2010","AQS",371190041,1,0.046,"ppm",43,"Garinger High School",17,100,44201,"Ozone",16740,"Charlotte-Concord-Gastonia, NC-SC",37,"North Carolina",119,"Mecklenburg",35.2401000008895,-80.785683
"83","03/28/2010","AQS",371190041,1,0.044,"ppm",41,"Garinger High School",17,100,44201,"Ozone",16740,"Charlotte-Concord-Gastonia, NC-SC",37,"North Carolina",119,"Mecklenburg",35.2401000008895,-80.785683
"84","03/29/2010","AQS",371190041,1,0.045,"ppm",42,"Garinger High School",13,76,44201,"Ozone",16740,"Charlotte-Concord-Gastonia, NC-SC",37,"North Carolina",119,"Mecklenburg",35.2401000008895,-80.785683
"85","03/30/2010","AQS",371190041,1,0.046,"ppm",43,"Garinger High School",17,100,44201,"Ozone",16740,"Charlotte-Concord-Gastonia, NC-SC",37,"North Carolina",119,"Mecklenburg",35.2401000008895,-80.785683
"86","03/31/2010","AQS",371190041,1,0.051,"ppm",47,"Garinger High School",16,94,44201,"Ozone",16740,"Charlotte-Concord-Gastonia, NC-SC",37,"North Carolina",119,"Mecklenburg",35.2401000008895,-80.785683
"87","04/01/2010","AQS",371190041,1,0.061,"ppm",71,"Garinger High School",16,94,44201,"Ozone",16740,"Charlotte-Concord-Gastonia, NC-SC",37,"North Carolina",119,"Mecklenburg",35.2401000008895,-80.785683
"88","04/02/2010","AQS",371190041,1,0.073,"ppm",108,"Garinger High School",17,100,44201,"Ozone",16740,"Charlotte-Concord-Gastonia, NC-SC",37,"North Carolina",119,"Mecklenburg",35.2401000008895,-80.785683
"89","04/03/2010","AQS",371190041,1,0.065,"ppm",84,"Garinger High School",17,100,44201,"Ozone",16740,"Charlotte-Concord-Gastonia, NC-SC",37,"North Carolina",119,"Mecklenburg",35.2401000008895,-80.785683
"90","04/04/2010","AQS",371190041,1,0.065,"ppm",84,"Garinger High School",17,100,44201,"Ozone",16740,"Charlotte-Concord-Gastonia, NC-SC",37,"North Carolina",119,"Mecklenburg",35.2401000008895,-80.785683
"91","04/05/2010","AQS",371190041,1,0.057,"ppm",58,"Garinger High School",17,100,44201,"Ozone",16740,"Charlotte-Concord-Gastonia, NC-SC",37,"North Carolina",119,"Mecklenburg",35.2401000008895,-80.785683
"92","04/06/2010","AQS",371190041,1,0.054,"ppm",50,"Garinger High School",17,100,44201,"Ozone",16740,"Charlotte-Concord-Gastonia, NC-SC",37,"North Carolina",119,"Mecklenburg",35.2401000008895,-80.785683
"93","04/07/2010","AQS",371190041,1,0.056,"ppm",54,"Garinger High School",17,100,44201,"Ozone",16740,"Charlotte-Concord-Gastonia, NC-SC",37,"North Carolina",119,"Mecklenburg",35.2401000008895,-80.785683
"94","04/08/2010","AQS",371190041,1,0.035,"ppm",32,"Garinger High School",17,100,44201,"Ozone",16740,"Charlotte-Concord-Gastonia, NC-SC",37,"North Carolina",119,"Mecklenburg",35.2401000008895,-80.785683
"95","04/09/2010","AQS",371190041,1,0.05,"ppm",46,"Garinger High School",17,100,44201,"Ozone",16740,"Charlotte-Concord-Gastonia, NC-SC",37,"North Carolina",119,"Mecklenburg",35.2401000008895,-80.785683
"96","04/10/2010","AQS",371190041,1,0.058,"ppm",61,"Garinger High School",17,100,44201,"Ozone",16740,"Charlotte-Concord-Gastonia, NC-SC",37,"North Carolina",119,"Mecklenburg",35.2401000008895,-80.785683
"97","04/11/2010","AQS",371190041,1,0.066,"ppm",87,"Garinger High School",17,100,44201,"Ozone",16740,"Charlotte-Concord-Gastonia, NC-SC",37,"North Carolina",119,"Mecklenburg",35.2401000008895,-80.785683
"98","04/12/2010","AQS",371190041,1,0.073,"ppm",108,"Garinger High School",17,100,44201,"Ozone",16740,"Charlotte-Concord-Gastonia, NC-SC",37,"North Carolina",119,"Mecklenburg",35.2401000008895,-80.785683
"99","04/13/2010","AQS",371190041,1,0.069,"ppm",97,"Garinger High School",17,100,44201,"Ozone",16740,"Charlotte-Concord-Gastonia, NC-SC",37,"North Carolina",119,"Mecklenburg",35.2401000008895,-80.785683
"100","04/14/2010","AQS",371190041,1,0.044,"ppm",41,"Garinger High School",17,100,44201,"Ozone",16740,"Charlotte-Concord-Gastonia, NC-SC",37,"North Carolina",119,"Mecklenburg",35.2401000008895,-80.785683
"101","04/15/2010","AQS",371190041,1,0.059,"ppm",64,"Garinger High School",17,100,44201,"Ozone",16740,"Charlotte-Concord-Gastonia, NC-SC",37,"North Carolina",119,"Mecklenburg",35.2401000008895,-80.785683
"102","04/16/2010","AQS",371190041,1,0.066,"ppm",87,"Garinger High School",17,100,44201,"Ozone",16740,"Charlotte-Concord-Gastonia, NC-SC",37,"North Carolina",119,"Mecklenburg",35.2401000008895,-80.785683
"103","04/17/2010","AQS",371190041,1,0.055,"ppm",51,"Garinger High School",17,100,44201,"Ozone",16740,"Charlotte-Concord-Gastonia, NC-SC",37,"North Carolina",119,"Mecklenburg",35.2401000008895,-80.785683
"104","04/18/2010","AQS",371190041,1,0.054,"ppm",50,"Garinger High School",17,100,44201,"Ozone",16740,"Charlotte-Concord-Gastonia, NC-SC",37,"North Carolina",119,"Mecklenburg",35.2401000008895,-80.785683
"105","04/19/2010","AQS",371190041,1,0.046,"ppm",43,"Garinger High School",17,100,44201,"Ozone",16740,"Charlotte-Concord-Gastonia, NC-SC",37,"North Carolina",119,"Mecklenburg",35.2401000008895,-80.785683
"106","04/20/2010","AQS",371190041,1,0.052,"ppm",48,"Garinger High School",17,100,44201,"Ozone",16740,"Charlotte-Concord-Gastonia, NC-SC",37,"North Carolina",119,"Mecklenburg",35.2401000008895,-80.785683
"107","04/21/2010","AQS",371190041,1,0.048,"ppm",44,"Garinger High School",17,100,44201,"Ozone",16740,"Charlotte-Concord-Gastonia, NC-SC",37,"North Carolina",119,"Mecklenburg",35.2401000008895,-80.785683
"108","04/22/2010","AQS",371190041,1,0.065,"ppm",84,"Garinger High School",17,100,44201,"Ozone",16740,"Charlotte-Concord-Gastonia, NC-SC",37,"North Carolina",119,"Mecklenburg",35.2401000008895,-80.785683
"109","04/23/2010","AQS",371190041,1,0.067,"ppm",90,"Garinger High School",17,100,44201,"Ozone",16740,"Charlotte-Concord-Gastonia, NC-SC",37,"North Carolina",119,"Mecklenburg",35.2401000008895,-80.785683
"110","04/24/2010","AQS",371190041,1,0.042,"ppm",39,"Garinger High School",17,100,44201,"Ozone",16740,"Charlotte-Concord-Gastonia, NC-SC",37,"North Carolina",119,"Mecklenburg",35.2401000008895,-80.785683
"111","04/25/2010","AQS",371190041,1,0.044,"ppm",41,"Garinger High School",17,100,44201,"Ozone",16740,"Charlotte-Concord-Gastonia, NC-SC",37,"North Carolina",119,"Mecklenburg",35.2401000008895,-80.785683
"112","04/26/2010","AQS",371190041,1,0.044,"ppm",41,"Garinger High School",17,100,44201,"Ozone",16740,"Charlotte-Concord-Gastonia, NC-SC",37,"North Carolina",119,"Mecklenburg",35.2401000008895,-80.785683
"113","04/27/2010","AQS",371190041,1,0.036,"ppm",33,"Garinger High School",17,100,44201,"Ozone",16740,"Charlotte-Concord-Gastonia, NC-SC",37,"North Carolina",119,"Mecklenburg",35.2401000008895,-80.785683
"114","04/28/2010","AQS",371190041,1,0.045,"ppm",42,"Garinger High School",17,100,44201,"Ozone",16740,"Charlotte-Concord-Gastonia, NC-SC",37,"North Carolina",119,"Mecklenburg",35.2401000008895,-80.785683
"115","04/29/2010","AQS",371190041,1,0.059,"ppm",64,"Garinger High School",17,100,44201,"Ozone",16740,"Charlotte-Concord-Gastonia, NC-SC",37,"North Carolina",119,"Mecklenburg",35.2401000008895,-80.785683
"116","04/30/2010","AQS",371190041,1,0.061,"ppm",71,"Garinger High School",17,100,44201,"Ozone",16740,"Charlotte-Concord-Gastonia, NC-SC",37,"North Carolina",119,"Mecklenburg",35.2401000008895,-80.785683
"117","05/01/2010","AQS",371190041,1,0.036,"ppm",33,"Garinger High School",17,100,44201,"Ozone",16740,"Charlotte-Concord-Gastonia, NC-SC",37,"North Carolina",119,"Mecklenburg",35.2401000008895,-80.785683
"118","05/02/2010","AQS",371190041,1,0.032,"ppm",30,"Garinger High School",17,100,44201,"Ozone",16740,"Charlotte-Concord-Gastonia, NC-SC",37,"North Carolina",119,"Mecklenburg",35.2401000008895,-80.785683
"119","05/03/2010","AQS",371190041,1,0.019,"ppm",18,"Garinger High School",17,100,44201,"Ozone",16740,"Charlotte-Concord-Gastonia, NC-SC",37,"North Carolina",119,"Mecklenburg",35.2401000008895,-80.785683
"120","05/04/2010","AQS",371190041,1,0.057,"ppm",58,"Garinger High School",17,100,44201,"Ozone",16740,"Charlotte-Concord-Gastonia, NC-SC",37,"North Carolina",119,"Mecklenburg",35.2401000008895,-80.785683
"121","05/05/2010","AQS",371190041,1,0.062,"ppm",74,"Garinger High School",17,100,44201,"Ozone",16740,"Charlotte-Concord-Gastonia, NC-SC",37,"North Carolina",119,"Mecklenburg",35.2401000008895,-80.785683
"122","05/06/2010","AQS",371190041,1,0.073,"ppm",108,"Garinger High School",17,100,44201,"Ozone",16740,"Charlotte-Concord-Gastonia, NC-SC",37,"North Carolina",119,"Mecklenburg",35.2401000008895,-80.785683
"123","05/07/2010","AQS",371190041,1,0.07,"ppm",100,"Garinger High School",17,100,44201,"Ozone",16740,"Charlotte-Concord-Gastonia, NC-SC",37,"North Carolina",119,"Mecklenburg",35.2401000008895,-80.785683
"124","05/08/2010","AQS",371190041,1,0.055,"ppm",51,"Garinger High School",17,100,44201,"Ozone",16740,"Charlotte-Concord-Gastonia, NC-SC",37,"North Carolina",119,"Mecklenburg",35.2401000008895,-80.785683
"125","05/09/2010","AQS",371190041,1,0.044,"ppm",41,"Garinger High School",17,100,44201,"Ozone",16740,"Charlotte-Concord-Gastonia, NC-SC",37,"North Carolina",119,"Mecklenburg",35.2401000008895,-80.785683
"126","05/10/2010","AQS",371190041,1,0.051,"ppm",47,"Garinger High School",17,100,44201,"Ozone",16740,"Charlotte-Concord-Gastonia, NC-SC",37,"North Carolina",119,"Mecklenburg",35.2401000008895,-80.785683
"127","05/11/2010","AQS",371190041,1,0.032,"ppm",30,"Garinger High School",17,100,44201,"Ozone",16740,"Charlotte-Concord-Gastonia, NC-SC",37,"North Carolina",119,"Mecklenburg",35.2401000008895,-80.785683
"128","05/12/2010","AQS",371190041,1,0.041,"ppm",38,"Garinger High School",17,100,44201,"Ozone",16740,"Charlotte-Concord-Gastonia, NC-SC",37,"North Carolina",119,"Mecklenburg",35.2401000008895,-80.785683
"129","05/13/2010","AQS",371190041,1,0.05,"ppm",46,"Garinger High School",17,100,44201,"Ozone",16740,"Charlotte-Concord-Gastonia, NC-SC",37,"North Carolina",119,"Mecklenburg",35.2401000008895,-80.785683
"130","05/14/2010","AQS",371190041,1,0.054,"ppm",50,"Garinger High School",17,100,44201,"Ozone",16740,"Charlotte-Concord-Gastonia, NC-SC",37,"North Carolina",119,"Mecklenburg",35.2401000008895,-80.785683
"131","05/15/2010","AQS",371190041,1,0.06,"ppm",67,"Garinger High School",17,100,44201,"Ozone",16740,"Charlotte-Concord-Gastonia, NC-SC",37,"North Carolina",119,"Mecklenburg",35.2401000008895,-80.785683
"132","05/16/2010","AQS",371190041,1,0.048,"ppm",44,"Garinger High School",17,100,44201,"Ozone",16740,"Charlotte-Concord-Gastonia, NC-SC",37,"North Carolina",119,"Mecklenburg",35.2401000008895,-80.785683
"133","05/17/2010","AQS",371190041,1,0.027,"ppm",25,"Garinger High School",17,100,44201,"Ozone",16740,"Charlotte-Concord-Gastonia, NC-SC",37,"North Carolina",119,"Mecklenburg",35.2401000008895,-80.785683
"134","05/18/2010","AQS",371190041,1,0.042,"ppm",39,"Garinger High School",17,100,44201,"Ozone",16740,"Charlotte-Concord-Gastonia, NC-SC",37,"North Carolina",119,"Mecklenburg",35.2401000008895,-80.785683
"135","05/19/2010","AQS",371190041,1,0.043,"ppm",40,"Garinger High School",17,100,44201,"Ozone",16740,"Charlotte-Concord-Gastonia, NC-SC",37,"North Carolina",119,"Mecklenburg",35.2401000008895,-80.785683
"136","05/20/2010","AQS",371190041,1,0.054,"ppm",50,"Garinger High School",17,100,44201,"Ozone",16740,"Charlotte-Concord-Gastonia, NC-SC",37,"North Carolina",119,"Mecklenburg",35.2401000008895,-80.785683
"137","05/21/2010","AQS",371190041,1,0.05,"ppm",46,"Garinger High School",17,100,44201,"Ozone",16740,"Charlotte-Concord-Gastonia, NC-SC",37,"North Carolina",119,"Mecklenburg",35.2401000008895,-80.785683
"138","05/22/2010","AQS",371190041,1,0.046,"ppm",43,"Garinger High School",17,100,44201,"Ozone",16740,"Charlotte-Concord-Gastonia, NC-SC",37,"North Carolina",119,"Mecklenburg",35.2401000008895,-80.785683
"139","05/23/2010","AQS",371190041,1,0.049,"ppm",45,"Garinger High School",17,100,44201,"Ozone",16740,"Charlotte-Concord-Gastonia, NC-SC",37,"North Carolina",119,"Mecklenburg",35.2401000008895,-80.785683
"140","05/24/2010","AQS",371190041,1,0.042,"ppm",39,"Garinger High School",17,100,44201,"Ozone",16740,"Charlotte-Concord-Gastonia, NC-SC",37,"North Carolina",119,"Mecklenburg",35.2401000008895,-80.785683
"141","05/25/2010","AQS",371190041,1,0.026,"ppm",24,"Garinger High School",17,100,44201,"Ozone",16740,"Charlotte-Concord-Gastonia, NC-SC",37,"North Carolina",119,"Mecklenburg",35.2401000008895,-80.785683
"142","05/26/2010","AQS",371190041,1,0.055,"ppm",51,"Garinger High School",17,100,44201,"Ozone",16740,"Charlotte-Concord-Gastonia, NC-SC",37,"North Carolina",119,"Mecklenburg",35.2401000008895,-80.785683
"143","05/27/2010","AQS",371190041,1,0.065,"ppm",84,"Garinger High School",17,100,44201,"Ozone",16740,"Charlotte-Concord-Gastonia, NC-SC",37,"North Carolina",119,"Mecklenburg",35.2401000008895,-80.785683
"144","05/28/2010","AQS",371190041,1,0.058,"ppm",61,"Garinger High School",17,100,44201,"Ozone",16740,"Charlotte-Concord-Gastonia, NC-SC",37,"North Carolina",119,"Mecklenburg",35.2401000008895,-80.785683
"145","05/29/2010","AQS",371190041,1,0.045,"ppm",42,"Garinger High School",17,100,44201,"Ozone",16740,"Charlotte-Concord-Gastonia, NC-SC",37,"North Carolina",119,"Mecklenburg",35.2401000008895,-80.785683
"146","05/30/2010","AQS",371190041,1,0.035,"ppm",32,"Garinger High School",17,100,44201,"Ozone",16740,"Charlotte-Concord-Gastonia, NC-SC",37,"North Carolina",119,"Mecklenburg",35.2401000008895,-80.785683
"147","05/31/2010","AQS",371190041,1,0.024,"ppm",22,"Garinger High School",17,100,44201,"Ozone",16740,"Charlotte-Concord-Gastonia, NC-SC",37,"North Carolina",119,"Mecklenburg",35.2401000008895,-80.785683
"148","06/01/2010","AQS",371190041,1,0.05,"ppm",46,"Garinger High School",17,100,44201,"Ozone",16740,"Charlotte-Concord-Gastonia, NC-SC",37,"North Carolina",119,"Mecklenburg",35.2401000008895,-80.785683
"149","06/02/2010","AQS",371190041,1,0.048,"ppm",44,"Garinger High School",17,100,44201,"Ozone",16740,"Charlotte-Concord-Gastonia, NC-SC",37,"North Carolina",119,"Mecklenburg",35.2401000008895,-80.785683
"150","06/03/2010","AQS",371190041,1,0.053,"ppm",49,"Garinger High School",17,100,44201,"Ozone",16740,"Charlotte-Concord-Gastonia, NC-SC",37,"North Carolina",119,"Mecklenburg",35.2401000008895,-80.785683
"151","06/04/2010","AQS",371190041,1,0.044,"ppm",41,"Garinger High School",17,100,44201,"Ozone",16740,"Charlotte-Concord-Gastonia, NC-SC",37,"North Carolina",119,"Mecklenburg",35.2401000008895,-80.785683
"152","06/05/2010","AQS",371190041,1,0.04,"ppm",37,"Garinger High School",17,100,44201,"Ozone",16740,"Charlotte-Concord-Gastonia, NC-SC",37,"North Carolina",119,"Mecklenburg",35.2401000008895,-80.785683
"153","06/06/2010","AQS",371190041,1,0.041,"ppm",38,"Garinger High School",17,100,44201,"Ozone",16740,"Charlotte-Concord-Gastonia, NC-SC",37,"North Carolina",119,"Mecklenburg",35.2401000008895,-80.785683
"154","06/07/2010","AQS",371190041,1,0.053,"ppm",49,"Garinger High School",17,100,44201,"Ozone",16740,"Charlotte-Concord-Gastonia, NC-SC",37,"North Carolina",119,"Mecklenburg",35.2401000008895,-80.785683
"155","06/08/2010","AQS",371190041,1,0.065,"ppm",84,"Garinger High School",17,100,44201,"Ozone",16740,"Charlotte-Concord-Gastonia, NC-SC",37,"North Carolina",119,"Mecklenburg",35.2401000008895,-80.785683
"156","06/09/2010","AQS",371190041,1,0.052,"ppm",48,"Garinger High School",17,100,44201,"Ozone",16740,"Charlotte-Concord-Gastonia, NC-SC",37,"North Carolina",119,"Mecklenburg",35.2401000008895,-80.785683
"157","06/10/2010","AQS",371190041,1,0.046,"ppm",43,"Garinger High School",17,100,44201,"Ozone",16740,"Charlotte-Concord-Gastonia, NC-SC",37,"North Carolina",119,"Mecklenburg",35.2401000008895,-80.785683
"158","06/11/2010","AQS",371190041,1,0.073,"ppm",108,"Garinger High School",17,100,44201,"Ozone",16740,"Charlotte-Concord-Gastonia, NC-SC",37,"North Carolina",119,"Mecklenburg",35.2401000008895,-80.785683
"159","06/12/2010","AQS",371190041,1,0.069,"ppm",97,"Garinger High School",17,100,44201,"Ozone",16740,"Charlotte-Concord-Gastonia, NC-SC",37,"North Carolina",119,"Mecklenburg",35.2401000008895,-80.785683
"160","06/13/2010","AQS",371190041,1,0.044,"ppm",41,"Garinger High School",17,100,44201,"Ozone",16740,"Charlotte-Concord-Gastonia, NC-SC",37,"North Carolina",119,"Mecklenburg",35.2401000008895,-80.785683
"161","06/14/2010","AQS",371190041,1,0.047,"ppm",44,"Garinger High School",17,100,44201,"Ozone",16740,"Charlotte-Concord-Gastonia, NC-SC",37,"North Carolina",119,"Mecklenburg",35.2401000008895,-80.785683
"162","06/15/2010","AQS",371190041,1,0.066,"ppm",87,"Garinger High School",17,100,44201,"Ozone",16740,"Charlotte-Concord-Gastonia, NC-SC",37,"North Carolina",119,"Mecklenburg",35.2401000008895,-80.785683
"163","06/16/2010","AQS",371190041,1,0.068,"ppm",93,"Garinger High School",17,100,44201,"Ozone",16740,"Charlotte-Concord-Gastonia, NC-SC",37,"North Carolina",119,"Mecklenburg",35.2401000008895,-80.785683
"164","06/17/2010","AQS",371190041,1,0.056,"ppm",54,"Garinger High School",17,100,44201,"Ozone",16740,"Charlotte-Concord-Gastonia, NC-SC",37,"North Carolina",119,"Mecklenburg",35.2401000008895,-80.785683
"165","06/18/2010","AQS",371190041,1,0.061,"ppm",71,"Garinger High School",17,100,44201,"Ozone",16740,"Charlotte-Concord-Gastonia, NC-SC",37,"North Carolina",119,"Mecklenburg",35.2401000008895,-80.785683
"166","06/19/2010","AQS",371190041,1,0.064,"ppm",80,"Garinger High School",17,100,44201,"Ozone",16740,"Charlotte-Concord-Gastonia, NC-SC",37,"North Carolina",119,"Mecklenburg",35.2401000008895,-80.785683
"167","06/20/2010","AQS",371190041,1,0.057,"ppm",58,"Garinger High School",17,100,44201,"Ozone",16740,"Charlotte-Concord-Gastonia, NC-SC",37,"North Carolina",119,"Mecklenburg",35.2401000008895,-80.785683
"168","06/21/2010","AQS",371190041,1,0.074,"ppm",112,"Garinger High School",17,100,44201,"Ozone",16740,"Charlotte-Concord-Gastonia, NC-SC",37,"North Carolina",119,"Mecklenburg",35.2401000008895,-80.785683
"169","06/22/2010","AQS",371190041,1,0.07,"ppm",100,"Garinger High School",17,100,44201,"Ozone",16740,"Charlotte-Concord-Gastonia, NC-SC",37,"North Carolina",119,"Mecklenburg",35.2401000008895,-80.785683
"170","06/23/2010","AQS",371190041,1,0.082,"ppm",140,"Garinger High School",17,100,44201,"Ozone",16740,"Charlotte-Concord-Gastonia, NC-SC",37,"North Carolina",119,"Mecklenburg",35.2401000008895,-80.785683
"171","06/24/2010","AQS",371190041,1,0.062,"ppm",74,"Garinger High School",16,94,44201,"Ozone",16740,"Charlotte-Concord-Gastonia, NC-SC",37,"North Carolina",119,"Mecklenburg",35.2401000008895,-80.785683
"172","06/25/2010","AQS",371190041,1,0.061,"ppm",71,"Garinger High School",17,100,44201,"Ozone",16740,"Charlotte-Concord-Gastonia, NC-SC",37,"North Carolina",119,"Mecklenburg",35.2401000008895,-80.785683
"173","06/26/2010","AQS",371190041,1,0.068,"ppm",93,"Garinger High School",17,100,44201,"Ozone",16740,"Charlotte-Concord-Gastonia, NC-SC",37,"North Carolina",119,"Mecklenburg",35.2401000008895,-80.785683
"174","06/27/2010","AQS",371190041,1,0.062,"ppm",74,"Garinger High School",17,100,44201,"Ozone",16740,"Charlotte-Concord-Gastonia, NC-SC",37,"North Carolina",119,"Mecklenburg",35.2401000008895,-80.785683
"175","06/28/2010","AQS",371190041,1,0.052,"ppm",48,"Garinger High School",17,100,44201,"Ozone",16740,"Charlotte-Concord-Gastonia, NC-SC",37,"North Carolina",119,"Mecklenburg",35.2401000008895,-80.785683
"176","06/29/2010","AQS",371190041,1,0.061,"ppm",71,"Garinger High School",17,100,44201,"Ozone",16740,"Charlotte-Concord-Gastonia, NC-SC",37,"North Carolina",119,"Mecklenburg",35.2401000008895,-80.785683
"177","06/30/2010","AQS",371190041,1,0.038,"ppm",35,"Garinger High School",17,100,44201,"Ozone",16740,"Charlotte-Concord-Gastonia, NC-SC",37,"North Carolina",119,"Mecklenburg",35.2401000008895,-80.785683
"178","07/01/2010","AQS",371190041,1,0.063,"ppm",77,"Garinger High School",17,100,44201,"Ozone",16740,"Charlotte-Concord-Gastonia, NC-SC",37,"North Carolina",119,"Mecklenburg",35.2401000008895,-80.785683
"179","07/02/2010","AQS",371190041,1,0.057,"ppm",58,"Garinger High School",17,100,44201,"Ozone",16740,"Charlotte-Concord-Gastonia, NC-SC",37,"North Carolina",119,"Mecklenburg",35.2401000008895,-80.785683
"180","07/03/2010","AQS",371190041,1,0.064,"ppm",80,"Garinger High School",17,100,44201,"Ozone",16740,"Charlotte-Concord-Gastonia, NC-SC",37,"North Carolina",119,"Mecklenburg",35.2401000008895,-80.785683
"181","07/04/2010","AQS",371190041,1,0.069,"ppm",97,"Garinger High School",17,100,44201,"Ozone",16740,"Charlotte-Concord-Gastonia, NC-SC",37,"North Carolina",119,"Mecklenburg",35.2401000008895,-80.785683
"182","07/05/2010","AQS",371190041,1,0.058,"ppm",61,"Garinger High School",17,100,44201,"Ozone",16740,"Charlotte-Concord-Gastonia, NC-SC",37,"North Carolina",119,"Mecklenburg",35.2401000008895,-80.785683
"183","07/06/2010","AQS",371190041,1,0.06,"ppm",67,"Garinger High School",17,100,44201,"Ozone",16740,"Charlotte-Concord-Gastonia, NC-SC",37,"North Carolina",119,"Mecklenburg",35.2401000008895,-80.785683
"184","07/07/2010","AQS",371190041,1,0.091,"ppm",164,"Garinger High School",17,100,44201,"Ozone",16740,"Charlotte-Concord-Gastonia, NC-SC",37,"North Carolina",119,"Mecklenburg",35.2401000008895,-80.785683
"185","07/08/2010","AQS",371190041,1,0.082,"ppm",140,"Garinger High School",17,100,44201,"Ozone",16740,"Charlotte-Concord-Gastonia, NC-SC",37,"North Carolina",119,"Mecklenburg",35.2401000008895,-80.785683
"186","07/09/2010","AQS",371190041,1,0.085,"ppm",150,"Garinger High School",17,100,44201,"Ozone",16740,"Charlotte-Concord-Gastonia, NC-SC",37,"North Carolina",119,"Mecklenburg",35.2401000008895,-80.785683
"187","07/10/2010","AQS",371190041,1,0.054,"ppm",50,"Garinger High School",17,100,44201,"Ozone",16740,"Charlotte-Concord-Gastonia, NC-SC",37,"North Carolina",119,"Mecklenburg",35.2401000008895,-80.785683
"188","07/11/2010","AQS",371190041,1,0.062,"ppm",74,"Garinger High School",17,100,44201,"Ozone",16740,"Charlotte-Concord-Gastonia, NC-SC",37,"North Carolina",119,"Mecklenburg",35.2401000008895,-80.785683
"189","07/12/2010","AQS",371190041,1,0.033,"ppm",31,"Garinger High School",17,100,44201,"Ozone",16740,"Charlotte-Concord-Gastonia, NC-SC",37,"North Carolina",119,"Mecklenburg",35.2401000008895,-80.785683
"190","07/13/2010","AQS",371190041,1,0.041,"ppm",38,"Garinger High School",17,100,44201,"Ozone",16740,"Charlotte-Concord-Gastonia, NC-SC",37,"North Carolina",119,"Mecklenburg",35.2401000008895,-80.785683
"191","07/14/2010","AQS",371190041,1,0.055,"ppm",51,"Garinger High School",17,100,44201,"Ozone",16740,"Charlotte-Concord-Gastonia, NC-SC",37,"North Carolina",119,"Mecklenburg",35.2401000008895,-80.785683
"192","07/15/2010","AQS",371190041,1,0.067,"ppm",90,"Garinger High School",17,100,44201,"Ozone",16740,"Charlotte-Concord-Gastonia, NC-SC",37,"North Carolina",119,"Mecklenburg",35.2401000008895,-80.785683
"193","07/16/2010","AQS",371190041,1,0.053,"ppm",49,"Garinger High School",17,100,44201,"Ozone",16740,"Charlotte-Concord-Gastonia, NC-SC",37,"North Carolina",119,"Mecklenburg",35.2401000008895,-80.785683
"194","07/17/2010","AQS",371190041,1,0.04,"ppm",37,"Garinger High School",17,100,44201,"Ozone",16740,"Charlotte-Concord-Gastonia, NC-SC",37,"North Carolina",119,"Mecklenburg",35.2401000008895,-80.785683
"195","07/18/2010","AQS",371190041,1,0.03,"ppm",28,"Garinger High School",17,100,44201,"Ozone",16740,"Charlotte-Concord-Gastonia, NC-SC",37,"North Carolina",119,"Mecklenburg",35.2401000008895,-80.785683
"196","07/19/2010","AQS",371190041,1,0.047,"ppm",44,"Garinger High School",17,100,44201,"Ozone",16740,"Charlotte-Concord-Gastonia, NC-SC",37,"North Carolina",119,"Mecklenburg",35.2401000008895,-80.785683
"197","07/20/2010","AQS",371190041,1,0.054,"ppm",50,"Garinger High School",17,100,44201,"Ozone",16740,"Charlotte-Concord-Gastonia, NC-SC",37,"North Carolina",119,"Mecklenburg",35.2401000008895,-80.785683
"198","07/21/2010","AQS",371190041,1,0.056,"ppm",54,"Garinger High School",17,100,44201,"Ozone",16740,"Charlotte-Concord-Gastonia, NC-SC",37,"North Carolina",119,"Mecklenburg",35.2401000008895,-80.785683
"199","07/22/2010","AQS",371190041,1,0.075,"ppm",115,"Garinger High School",17,100,44201,"Ozone",16740,"Charlotte-Concord-Gastonia, NC-SC",37,"North Carolina",119,"Mecklenburg",35.2401000008895,-80.785683
"200","07/23/2010","AQS",371190041,1,0.068,"ppm",93,"Garinger High School",17,100,44201,"Ozone",16740,"Charlotte-Concord-Gastonia, NC-SC",37,"North Carolina",119,"Mecklenburg",35.2401000008895,-80.785683
"201","07/24/2010","AQS",371190041,1,0.044,"ppm",41,"Garinger High School",17,100,44201,"Ozone",16740,"Charlotte-Concord-Gastonia, NC-SC",37,"North Carolina",119,"Mecklenburg",35.2401000008895,-80.785683
"202","07/25/2010","AQS",371190041,1,0.048,"ppm",44,"Garinger High School",17,100,44201,"Ozone",16740,"Charlotte-Concord-Gastonia, NC-SC",37,"North Carolina",119,"Mecklenburg",35.2401000008895,-80.785683
"203","07/26/2010","AQS",371190041,1,0.059,"ppm",64,"Garinger High School",17,100,44201,"Ozone",16740,"Charlotte-Concord-Gastonia, NC-SC",37,"North Carolina",119,"Mecklenburg",35.2401000008895,-80.785683
"204","07/27/2010","AQS",371190041,1,0.055,"ppm",51,"Garinger High School",17,100,44201,"Ozone",16740,"Charlotte-Concord-Gastonia, NC-SC",37,"North Carolina",119,"Mecklenburg",35.2401000008895,-80.785683
"205","07/28/2010","AQS",371190041,1,0.066,"ppm",87,"Garinger High School",17,100,44201,"Ozone",16740,"Charlotte-Concord-Gastonia, NC-SC",37,"North Carolina",119,"Mecklenburg",35.2401000008895,-80.785683
"206","07/29/2010","AQS",371190041,1,0.054,"ppm",50,"Garinger High School",17,100,44201,"Ozone",16740,"Charlotte-Concord-Gastonia, NC-SC",37,"North Carolina",119,"Mecklenburg",35.2401000008895,-80.785683
"207","07/30/2010","AQS",371190041,1,0.059,"ppm",64,"Garinger High School",17,100,44201,"Ozone",16740,"Charlotte-Concord-Gastonia, NC-SC",37,"North Carolina",119,"Mecklenburg",35.2401000008895,-80.785683
"208","07/31/2010","AQS",371190041,1,0.042,"ppm",39,"Garinger High School",17,100,44201,"Ozone",16740,"Charlotte-Concord-Gastonia, NC-SC",37,"North Carolina",119,"Mecklenburg",35.2401000008895,-80.785683
"209","08/01/2010","AQS",371190041,1,0.027,"ppm",25,"Garinger High School",17,100,44201,"Ozone",16740,"Charlotte-Concord-Gastonia, NC-SC",37,"North Carolina",119,"Mecklenburg",35.2401000008895,-80.785683
"210","08/02/2010","AQS",371190041,1,0.041,"ppm",38,"Garinger High School",17,100,44201,"Ozone",16740,"Charlotte-Concord-Gastonia, NC-SC",37,"North Carolina",119,"Mecklenburg",35.2401000008895,-80.785683
"211","08/03/2010","AQS",371190041,1,0.044,"ppm",41,"Garinger High School",17,100,44201,"Ozone",16740,"Charlotte-Concord-Gastonia, NC-SC",37,"North Carolina",119,"Mecklenburg",35.2401000008895,-80.785683
"212","08/04/2010","AQS",371190041,1,0.04,"ppm",37,"Garinger High School",17,100,44201,"Ozone",16740,"Charlotte-Concord-Gastonia, NC-SC",37,"North Carolina",119,"Mecklenburg",35.2401000008895,-80.785683
"213","08/05/2010","AQS",371190041,1,0.047,"ppm",44,"Garinger High School",17,100,44201,"Ozone",16740,"Charlotte-Concord-Gastonia, NC-SC",37,"North Carolina",119,"Mecklenburg",35.2401000008895,-80.785683
"214","08/06/2010","AQS",371190041,1,0.059,"ppm",64,"Garinger High School",17,100,44201,"Ozone",16740,"Charlotte-Concord-Gastonia, NC-SC",37,"North Carolina",119,"Mecklenburg",35.2401000008895,-80.785683
"215","08/07/2010","AQS",371190041,1,0.06,"ppm",67,"Garinger High School",17,100,44201,"Ozone",16740,"Charlotte-Concord-Gastonia, NC-SC",37,"North Carolina",119,"Mecklenburg",35.2401000008895,-80.785683
"216","08/08/2010","AQS",371190041,1,0.054,"ppm",50,"Garinger High School",17,100,44201,"Ozone",16740,"Charlotte-Concord-Gastonia, NC-SC",37,"North Carolina",119,"Mecklenburg",35.2401000008895,-80.785683
"217","08/09/2010","AQS",371190041,1,0.072,"ppm",105,"Garinger High School",17,100,44201,"Ozone",16740,"Charlotte-Concord-Gastonia, NC-SC",37,"North Carolina",119,"Mecklenburg",35.2401000008895,-80.785683
"218","08/10/2010","AQS",371190041,1,0.063,"ppm",77,"Garinger High School",17,100,44201,"Ozone",16740,"Charlotte-Concord-Gastonia, NC-SC",37,"North Carolina",119,"Mecklenburg",35.2401000008895,-80.785683
"219","08/11/2010","AQS",371190041,1,0.055,"ppm",51,"Garinger High School",17,100,44201,"Ozone",16740,"Charlotte-Concord-Gastonia, NC-SC",37,"North Carolina",119,"Mecklenburg",35.2401000008895,-80.785683
"220","08/12/2010","AQS",371190041,1,0.068,"ppm",93,"Garinger High School",17,100,44201,"Ozone",16740,"Charlotte-Concord-Gastonia, NC-SC",37,"North Carolina",119,"Mecklenburg",35.2401000008895,-80.785683
"221","08/13/2010","AQS",371190041,1,0.059,"ppm",64,"Garinger High School",17,100,44201,"Ozone",16740,"Charlotte-Concord-Gastonia, NC-SC",37,"North Carolina",119,"Mecklenburg",35.2401000008895,-80.785683
"222","08/14/2010","AQS",371190041,1,0.042,"ppm",39,"Garinger High School",17,100,44201,"Ozone",16740,"Charlotte-Concord-Gastonia, NC-SC",37,"North Carolina",119,"Mecklenburg",35.2401000008895,-80.785683
"223","08/15/2010","AQS",371190041,1,0.032,"ppm",30,"Garinger High School",17,100,44201,"Ozone",16740,"Charlotte-Concord-Gastonia, NC-SC",37,"North Carolina",119,"Mecklenburg",35.2401000008895,-80.785683
"224","08/16/2010","AQS",371190041,1,0.037,"ppm",34,"Garinger High School",17,100,44201,"Ozone",16740,"Charlotte-Concord-Gastonia, NC-SC",37,"North Carolina",119,"Mecklenburg",35.2401000008895,-80.785683
"225","08/17/2010","AQS",371190041,1,0.034,"ppm",31,"Garinger High School",17,100,44201,"Ozone",16740,"Charlotte-Concord-Gastonia, NC-SC",37,"North Carolina",119,"Mecklenburg",35.2401000008895,-80.785683
"226","08/18/2010","AQS",371190041,1,0.037,"ppm",34,"Garinger High School",17,100,44201,"Ozone",16740,"Charlotte-Concord-Gastonia, NC-SC",37,"North Carolina",119,"Mecklenburg",35.2401000008895,-80.785683
"227","08/19/2010","AQS",371190041,1,0.028,"ppm",26,"Garinger High School",17,100,44201,"Ozone",16740,"Charlotte-Concord-Gastonia, NC-SC",37,"North Carolina",119,"Mecklenburg",35.2401000008895,-80.785683
"228","08/20/2010","AQS",371190041,1,0.04,"ppm",37,"Garinger High School",17,100,44201,"Ozone",16740,"Charlotte-Concord-Gastonia, NC-SC",37,"North Carolina",119,"Mecklenburg",35.2401000008895,-80.785683
"229","08/21/2010","AQS",371190041,1,0.047,"ppm",44,"Garinger High School",17,100,44201,"Ozone",16740,"Charlotte-Concord-Gastonia, NC-SC",37,"North Carolina",119,"Mecklenburg",35.2401000008895,-80.785683
"230","08/22/2010","AQS",371190041,1,0.054,"ppm",50,"Garinger High School",17,100,44201,"Ozone",16740,"Charlotte-Concord-Gastonia, NC-SC",37,"North Carolina",119,"Mecklenburg",35.2401000008895,-80.785683
"231","08/23/2010","AQS",371190041,1,0.06,"ppm",67,"Garinger High School",17,100,44201,"Ozone",16740,"Charlotte-Concord-Gastonia, NC-SC",37,"North Carolina",119,"Mecklenburg",35.2401000008895,-80.785683
"232","08/24/2010","AQS",371190041,1,0.047,"ppm",44,"Garinger High School",17,100,44201,"Ozone",16740,"Charlotte-Concord-Gastonia, NC-SC",37,"North Carolina",119,"Mecklenburg",35.2401000008895,-80.785683
"233","08/25/2010","AQS",371190041,1,0.059,"ppm",64,"Garinger High School",17,100,44201,"Ozone",16740,"Charlotte-Concord-Gastonia, NC-SC",37,"North Carolina",119,"Mecklenburg",35.2401000008895,-80.785683
"234","08/26/2010","AQS",371190041,1,0.063,"ppm",77,"Garinger High School",17,100,44201,"Ozone",16740,"Charlotte-Concord-Gastonia, NC-SC",37,"North Carolina",119,"Mecklenburg",35.2401000008895,-80.785683
"235","08/27/2010","AQS",371190041,1,0.055,"ppm",51,"Garinger High School",17,100,44201,"Ozone",16740,"Charlotte-Concord-Gastonia, NC-SC",37,"North Carolina",119,"Mecklenburg",35.2401000008895,-80.785683
"236","08/28/2010","AQS",371190041,1,0.051,"ppm",47,"Garinger High School",17,100,44201,"Ozone",16740,"Charlotte-Concord-Gastonia, NC-SC",37,"North Carolina",119,"Mecklenburg",35.2401000008895,-80.785683
"237","08/29/2010","AQS",371190041,1,0.051,"ppm",47,"Garinger High School",17,100,44201,"Ozone",16740,"Charlotte-Concord-Gastonia, NC-SC",37,"North Carolina",119,"Mecklenburg",35.2401000008895,-80.785683
"238","08/30/2010","AQS",371190041,1,0.053,"ppm",49,"Garinger High School",17,100,44201,"Ozone",16740,"Charlotte-Concord-Gastonia, NC-SC",37,"North Carolina",119,"Mecklenburg",35.2401000008895,-80.785683
"239","08/31/2010","AQS",371190041,1,0.064,"ppm",80,"Garinger High School",17,100,44201,"Ozone",16740,"Charlotte-Concord-Gastonia, NC-SC",37,"North Carolina",119,"Mecklenburg",35.2401000008895,-80.785683
"240","09/01/2010","AQS",371190041,1,0.069,"ppm",97,"Garinger High School",17,100,44201,"Ozone",16740,"Charlotte-Concord-Gastonia, NC-SC",37,"North Carolina",119,"Mecklenburg",35.2401000008895,-80.785683
"241","09/02/2010","AQS",371190041,1,0.067,"ppm",90,"Garinger High School",17,100,44201,"Ozone",16740,"Charlotte-Concord-Gastonia, NC-SC",37,"North Carolina",119,"Mecklenburg",35.2401000008895,-80.785683
"242","09/03/2010","AQS",371190041,1,0.065,"ppm",84,"Garinger High School",17,100,44201,"Ozone",16740,"Charlotte-Concord-Gastonia, NC-SC",37,"North Carolina",119,"Mecklenburg",35.2401000008895,-80.785683
"243","09/04/2010","AQS",371190041,1,0.055,"ppm",51,"Garinger High School",17,100,44201,"Ozone",16740,"Charlotte-Concord-Gastonia, NC-SC",37,"North Carolina",119,"Mecklenburg",35.2401000008895,-80.785683
"244","09/05/2010","AQS",371190041,1,0.048,"ppm",44,"Garinger High School",17,100,44201,"Ozone",16740,"Charlotte-Concord-Gastonia, NC-SC",37,"North Carolina",119,"Mecklenburg",35.2401000008895,-80.785683
"245","09/06/2010","AQS",371190041,1,0.056,"ppm",54,"Garinger High School",17,100,44201,"Ozone",16740,"Charlotte-Concord-Gastonia, NC-SC",37,"North Carolina",119,"Mecklenburg",35.2401000008895,-80.785683
"246","09/07/2010","AQS",371190041,1,0.063,"ppm",77,"Garinger High School",17,100,44201,"Ozone",16740,"Charlotte-Concord-Gastonia, NC-SC",37,"North Carolina",119,"Mecklenburg",35.2401000008895,-80.785683
"247","09/08/2010","AQS",371190041,1,0.051,"ppm",47,"Garinger High School",17,100,44201,"Ozone",16740,"Charlotte-Concord-Gastonia, NC-SC",37,"North Carolina",119,"Mecklenburg",35.2401000008895,-80.785683
"248","09/09/2010","AQS",371190041,1,0.067,"ppm",90,"Garinger High School",17,100,44201,"Ozone",16740,"Charlotte-Concord-Gastonia, NC-SC",37,"North Carolina",119,"Mecklenburg",35.2401000008895,-80.785683
"249","09/10/2010","AQS",371190041,1,0.07,"ppm",100,"Garinger High School",17,100,44201,"Ozone",16740,"Charlotte-Concord-Gastonia, NC-SC",37,"North Carolina",119,"Mecklenburg",35.2401000008895,-80.785683
"250","09/11/2010","AQS",371190041,1,0.04,"ppm",37,"Garinger High School",17,100,44201,"Ozone",16740,"Charlotte-Concord-Gastonia, NC-SC",37,"North Carolina",119,"Mecklenburg",35.2401000008895,-80.785683
"251","09/12/2010","AQS",371190041,1,0.047,"ppm",44,"Garinger High School",17,100,44201,"Ozone",16740,"Charlotte-Concord-Gastonia, NC-SC",37,"North Carolina",119,"Mecklenburg",35.2401000008895,-80.785683
"252","09/13/2010","AQS",371190041,1,0.054,"ppm",50,"Garinger High School",17,100,44201,"Ozone",16740,"Charlotte-Concord-Gastonia, NC-SC",37,"North Carolina",119,"Mecklenburg",35.2401000008895,-80.785683
"253","09/14/2010","AQS",371190041,1,0.065,"ppm",84,"Garinger High School",16,94,44201,"Ozone",16740,"Charlotte-Concord-Gastonia, NC-SC",37,"North Carolina",119,"Mecklenburg",35.2401000008895,-80.785683
"254","09/15/2010","AQS",371190041,1,0.064,"ppm",80,"Garinger High School",17,100,44201,"Ozone",16740,"Charlotte-Concord-Gastonia, NC-SC",37,"North Carolina",119,"Mecklenburg",35.2401000008895,-80.785683
"255","09/16/2010","AQS",371190041,1,0.051,"ppm",47,"Garinger High School",17,100,44201,"Ozone",16740,"Charlotte-Concord-Gastonia, NC-SC",37,"North Carolina",119,"Mecklenburg",35.2401000008895,-80.785683
"256","09/17/2010","AQS",371190041,1,0.067,"ppm",90,"Garinger High School",17,100,44201,"Ozone",16740,"Charlotte-Concord-Gastonia, NC-SC",37,"North Carolina",119,"Mecklenburg",35.2401000008895,-80.785683
"257","09/18/2010","AQS",371190041,1,0.063,"ppm",77,"Garinger High School",17,100,44201,"Ozone",16740,"Charlotte-Concord-Gastonia, NC-SC",37,"North Carolina",119,"Mecklenburg",35.2401000008895,-80.785683
"258","09/19/2010","AQS",371190041,1,0.071,"ppm",101,"Garinger High School",17,100,44201,"Ozone",16740,"Charlotte-Concord-Gastonia, NC-SC",37,"North Carolina",119,"Mecklenburg",35.2401000008895,-80.785683
"259","09/20/2010","AQS",371190041,1,0.067,"ppm",90,"Garinger High School",17,100,44201,"Ozone",16740,"Charlotte-Concord-Gastonia, NC-SC",37,"North Carolina",119,"Mecklenburg",35.2401000008895,-80.785683
"260","09/21/2010","AQS",371190041,1,0.058,"ppm",61,"Garinger High School",17,100,44201,"Ozone",16740,"Charlotte-Concord-Gastonia, NC-SC",37,"North Carolina",119,"Mecklenburg",35.2401000008895,-80.785683
"261","09/22/2010","AQS",371190041,1,0.056,"ppm",54,"Garinger High School",17,100,44201,"Ozone",16740,"Charlotte-Concord-Gastonia, NC-SC",37,"North Carolina",119,"Mecklenburg",35.2401000008895,-80.785683
"262","09/23/2010","AQS",371190041,1,0.067,"ppm",90,"Garinger High School",17,100,44201,"Ozone",16740,"Charlotte-Concord-Gastonia, NC-SC",37,"North Carolina",119,"Mecklenburg",35.2401000008895,-80.785683
"263","09/24/2010","AQS",371190041,1,0.057,"ppm",58,"Garinger High School",17,100,44201,"Ozone",16740,"Charlotte-Concord-Gastonia, NC-SC",37,"North Carolina",119,"Mecklenburg",35.2401000008895,-80.785683
"264","09/25/2010","AQS",371190041,1,0.05,"ppm",46,"Garinger High School",17,100,44201,"Ozone",16740,"Charlotte-Concord-Gastonia, NC-SC",37,"North Carolina",119,"Mecklenburg",35.2401000008895,-80.785683
"265","09/26/2010","AQS",371190041,1,0.036,"ppm",33,"Garinger High School",17,100,44201,"Ozone",16740,"Charlotte-Concord-Gastonia, NC-SC",37,"North Carolina",119,"Mecklenburg",35.2401000008895,-80.785683
"266","09/27/2010","AQS",371190041,1,0.025,"ppm",23,"Garinger High School",17,100,44201,"Ozone",16740,"Charlotte-Concord-Gastonia, NC-SC",37,"North Carolina",119,"Mecklenburg",35.2401000008895,-80.785683
"267","09/28/2010","AQS",371190041,1,0.04,"ppm",37,"Garinger High School",17,100,44201,"Ozone",16740,"Charlotte-Concord-Gastonia, NC-SC",37,"North Carolina",119,"Mecklenburg",35.2401000008895,-80.785683
"268","09/29/2010","AQS",371190041,1,0.019,"ppm",18,"Garinger High School",17,100,44201,"Ozone",16740,"Charlotte-Concord-Gastonia, NC-SC",37,"North Carolina",119,"Mecklenburg",35.2401000008895,-80.785683
"269","09/30/2010","AQS",371190041,1,0.035,"ppm",32,"Garinger High School",17,100,44201,"Ozone",16740,"Charlotte-Concord-Gastonia, NC-SC",37,"North Carolina",119,"Mecklenburg",35.2401000008895,-80.785683
"270","10/01/2010","AQS",371190041,1,0.046,"ppm",43,"Garinger High School",17,100,44201,"Ozone",16740,"Charlotte-Concord-Gastonia, NC-SC",37,"North Carolina",119,"Mecklenburg",35.2401000008895,-80.785683
"271","10/02/2010","AQS",371190041,1,0.047,"ppm",44,"Garinger High School",17,100,44201,"Ozone",16740,"Charlotte-Concord-Gastonia, NC-SC",37,"North Carolina",119,"Mecklenburg",35.2401000008895,-80.785683
"272","10/03/2010","AQS",371190041,1,0.038,"ppm",35,"Garinger High School",17,100,44201,"Ozone",16740,"Charlotte-Concord-Gastonia, NC-SC",37,"North Carolina",119,"Mecklenburg",35.2401000008895,-80.785683
"273","10/04/2010","AQS",371190041,1,0.035,"ppm",32,"Garinger High School",17,100,44201,"Ozone",16740,"Charlotte-Concord-Gastonia, NC-SC",37,"North Carolina",119,"Mecklenburg",35.2401000008895,-80.785683
"274","10/05/2010","AQS",371190041,1,0.035,"ppm",32,"Garinger High School",17,100,44201,"Ozone",16740,"Charlotte-Concord-Gastonia, NC-SC",37,"North Carolina",119,"Mecklenburg",35.2401000008895,-80.785683
"275","10/06/2010","AQS",371190041,1,0.042,"ppm",39,"Garinger High School",17,100,44201,"Ozone",16740,"Charlotte-Concord-Gastonia, NC-SC",37,"North Carolina",119,"Mecklenburg",35.2401000008895,-80.785683
"276","10/07/2010","AQS",371190041,1,0.056,"ppm",54,"Garinger High School",17,100,44201,"Ozone",16740,"Charlotte-Concord-Gastonia, NC-SC",37,"North Carolina",119,"Mecklenburg",35.2401000008895,-80.785683
"277","10/08/2010","AQS",371190041,1,0.057,"ppm",58,"Garinger High School",17,100,44201,"Ozone",16740,"Charlotte-Concord-Gastonia, NC-SC",37,"North Carolina",119,"Mecklenburg",35.2401000008895,-80.785683
"278","10/09/2010","AQS",371190041,1,0.059,"ppm",64,"Garinger High School",17,100,44201,"Ozone",16740,"Charlotte-Concord-Gastonia, NC-SC",37,"North Carolina",119,"Mecklenburg",35.2401000008895,-80.785683
"279","10/10/2010","AQS",371190041,1,0.066,"ppm",87,"Garinger High School",17,100,44201,"Ozone",16740,"Charlotte-Concord-Gastonia, NC-SC",37,"North Carolina",119,"Mecklenburg",35.2401000008895,-80.785683
"280","10/11/2010","AQS",371190041,1,0.056,"ppm",54,"Garinger High School",17,100,44201,"Ozone",16740,"Charlotte-Concord-Gastonia, NC-SC",37,"North Carolina",119,"Mecklenburg",35.2401000008895,-80.785683
"281","10/12/2010","AQS",371190041,1,0.059,"ppm",64,"Garinger High School",17,100,44201,"Ozone",16740,"Charlotte-Concord-Gastonia, NC-SC",37,"North Carolina",119,"Mecklenburg",35.2401000008895,-80.785683
"282","10/13/2010","AQS",371190041,1,0.065,"ppm",84,"Garinger High School",17,100,44201,"Ozone",16740,"Charlotte-Concord-Gastonia, NC-SC",37,"North Carolina",119,"Mecklenburg",35.2401000008895,-80.785683
"283","10/14/2010","AQS",371190041,1,0.04,"ppm",37,"Garinger High School",17,100,44201,"Ozone",16740,"Charlotte-Concord-Gastonia, NC-SC",37,"North Carolina",119,"Mecklenburg",35.2401000008895,-80.785683
"284","10/15/2010","AQS",371190041,1,0.045,"ppm",42,"Garinger High School",17,100,44201,"Ozone",16740,"Charlotte-Concord-Gastonia, NC-SC",37,"North Carolina",119,"Mecklenburg",35.2401000008895,-80.785683
"285","10/16/2010","AQS",371190041,1,0.042,"ppm",39,"Garinger High School",17,100,44201,"Ozone",16740,"Charlotte-Concord-Gastonia, NC-SC",37,"North Carolina",119,"Mecklenburg",35.2401000008895,-80.785683
"286","10/17/2010","AQS",371190041,1,0.05,"ppm",46,"Garinger High School",17,100,44201,"Ozone",16740,"Charlotte-Concord-Gastonia, NC-SC",37,"North Carolina",119,"Mecklenburg",35.2401000008895,-80.785683
"287","10/18/2010","AQS",371190041,1,0.025,"ppm",23,"Garinger High School",17,100,44201,"Ozone",16740,"Charlotte-Concord-Gastonia, NC-SC",37,"North Carolina",119,"Mecklenburg",35.2401000008895,-80.785683
"288","10/19/2010","AQS",371190041,1,0.056,"ppm",54,"Garinger High School",17,100,44201,"Ozone",16740,"Charlotte-Concord-Gastonia, NC-SC",37,"North Carolina",119,"Mecklenburg",35.2401000008895,-80.785683
"289","10/20/2010","AQS",371190041,1,0.035,"ppm",32,"Garinger High School",17,100,44201,"Ozone",16740,"Charlotte-Concord-Gastonia, NC-SC",37,"North Carolina",119,"Mecklenburg",35.2401000008895,-80.785683
"290","10/21/2010","AQS",371190041,1,0.048,"ppm",44,"Garinger High School",17,100,44201,"Ozone",16740,"Charlotte-Concord-Gastonia, NC-SC",37,"North Carolina",119,"Mecklenburg",35.2401000008895,-80.785683
"291","10/22/2010","AQS",371190041,1,0.041,"ppm",38,"Garinger High School",17,100,44201,"Ozone",16740,"Charlotte-Concord-Gastonia, NC-SC",37,"North Carolina",119,"Mecklenburg",35.2401000008895,-80.785683
"292","10/23/2010","AQS",371190041,1,0.051,"ppm",47,"Garinger High School",17,100,44201,"Ozone",16740,"Charlotte-Concord-Gastonia, NC-SC",37,"North Carolina",119,"Mecklenburg",35.2401000008895,-80.785683
"293","10/24/2010","AQS",371190041,1,0.048,"ppm",44,"Garinger High School",17,100,44201,"Ozone",16740,"Charlotte-Concord-Gastonia, NC-SC",37,"North Carolina",119,"Mecklenburg",35.2401000008895,-80.785683
"294","10/25/2010","AQS",371190041,1,0.022,"ppm",20,"Garinger High School",17,100,44201,"Ozone",16740,"Charlotte-Concord-Gastonia, NC-SC",37,"North Carolina",119,"Mecklenburg",35.2401000008895,-80.785683
"295","10/26/2010","AQS",371190041,1,0.02,"ppm",19,"Garinger High School",17,100,44201,"Ozone",16740,"Charlotte-Concord-Gastonia, NC-SC",37,"North Carolina",119,"Mecklenburg",35.2401000008895,-80.785683
"296","10/27/2010","AQS",371190041,1,0.018,"ppm",17,"Garinger High School",17,100,44201,"Ozone",16740,"Charlotte-Concord-Gastonia, NC-SC",37,"North Carolina",119,"Mecklenburg",35.2401000008895,-80.785683
"297","10/28/2010","AQS",371190041,1,0.033,"ppm",31,"Garinger High School",17,100,44201,"Ozone",16740,"Charlotte-Concord-Gastonia, NC-SC",37,"North Carolina",119,"Mecklenburg",35.2401000008895,-80.785683
"298","10/29/2010","AQS",371190041,1,0.031,"ppm",29,"Garinger High School",17,100,44201,"Ozone",16740,"Charlotte-Concord-Gastonia, NC-SC",37,"North Carolina",119,"Mecklenburg",35.2401000008895,-80.785683
"299","10/30/2010","AQS",371190041,1,0.038,"ppm",35,"Garinger High School",17,100,44201,"Ozone",16740,"Charlotte-Concord-Gastonia, NC-SC",37,"North Carolina",119,"Mecklenburg",35.2401000008895,-80.785683
"300","10/31/2010","AQS",371190041,1,0.046,"ppm",43,"Garinger High School",17,100,44201,"Ozone",16740,"Charlotte-Concord-Gastonia, NC-SC",37,"North Carolina",119,"Mecklenburg",35.2401000008895,-80.785683
"301","11/01/2010","AQS",371190041,1,0.038,"ppm",35,"Garinger High School",17,100,44201,"Ozone",16740,"Charlotte-Concord-Gastonia, NC-SC",37,"North Carolina",119,"Mecklenburg",35.2401000008895,-80.785683
"302","11/02/2010","AQS",371190041,1,0.028,"ppm",26,"Garinger High School",17,100,44201,"Ozone",16740,"Charlotte-Concord-Gastonia, NC-SC",37,"North Carolina",119,"Mecklenburg",35.2401000008895,-80.785683
"303","11/03/2010","AQS",371190041,1,0.013,"ppm",12,"Garinger High School",17,100,44201,"Ozone",16740,"Charlotte-Concord-Gastonia, NC-SC",37,"North Carolina",119,"Mecklenburg",35.2401000008895,-80.785683
"304","11/04/2010","AQS",371190041,1,0.018,"ppm",17,"Garinger High School",17,100,44201,"Ozone",16740,"Charlotte-Concord-Gastonia, NC-SC",37,"North Carolina",119,"Mecklenburg",35.2401000008895,-80.785683
"305","11/05/2010","AQS",371190041,1,0.03,"ppm",28,"Garinger High School",17,100,44201,"Ozone",16740,"Charlotte-Concord-Gastonia, NC-SC",37,"North Carolina",119,"Mecklenburg",35.2401000008895,-80.785683
"306","11/06/2010","AQS",371190041,1,0.032,"ppm",30,"Garinger High School",17,100,44201,"Ozone",16740,"Charlotte-Concord-Gastonia, NC-SC",37,"North Carolina",119,"Mecklenburg",35.2401000008895,-80.785683
"307","11/07/2010","AQS",371190041,1,0.033,"ppm",31,"Garinger High School",17,100,44201,"Ozone",16740,"Charlotte-Concord-Gastonia, NC-SC",37,"North Carolina",119,"Mecklenburg",35.2401000008895,-80.785683
"308","11/08/2010","AQS",371190041,1,0.03,"ppm",28,"Garinger High School",17,100,44201,"Ozone",16740,"Charlotte-Concord-Gastonia, NC-SC",37,"North Carolina",119,"Mecklenburg",35.2401000008895,-80.785683
"309","11/09/2010","AQS",371190041,1,0.046,"ppm",43,"Garinger High School",17,100,44201,"Ozone",16740,"Charlotte-Concord-Gastonia, NC-SC",37,"North Carolina",119,"Mecklenburg",35.2401000008895,-80.785683
"310","11/10/2010","AQS",371190041,1,0.043,"ppm",40,"Garinger High School",17,100,44201,"Ozone",16740,"Charlotte-Concord-Gastonia, NC-SC",37,"North Carolina",119,"Mecklenburg",35.2401000008895,-80.785683
"311","11/11/2010","AQS",371190041,1,0.037,"ppm",34,"Garinger High School",17,100,44201,"Ozone",16740,"Charlotte-Concord-Gastonia, NC-SC",37,"North Carolina",119,"Mecklenburg",35.2401000008895,-80.785683
"312","11/12/2010","AQS",371190041,1,0.029,"ppm",27,"Garinger High School",17,100,44201,"Ozone",16740,"Charlotte-Concord-Gastonia, NC-SC",37,"North Carolina",119,"Mecklenburg",35.2401000008895,-80.785683
"313","11/13/2010","AQS",371190041,1,0.032,"ppm",30,"Garinger High School",17,100,44201,"Ozone",16740,"Charlotte-Concord-Gastonia, NC-SC",37,"North Carolina",119,"Mecklenburg",35.2401000008895,-80.785683
"314","11/14/2010","AQS",371190041,1,0.046,"ppm",43,"Garinger High School",17,100,44201,"Ozone",16740,"Charlotte-Concord-Gastonia, NC-SC",37,"North Carolina",119,"Mecklenburg",35.2401000008895,-80.785683
"315","11/15/2010","AQS",371190041,1,0.02,"ppm",19,"Garinger High School",17,100,44201,"Ozone",16740,"Charlotte-Concord-Gastonia, NC-SC",37,"North Carolina",119,"Mecklenburg",35.2401000008895,-80.785683
"316","11/16/2010","AQS",371190041,1,0.031,"ppm",29,"Garinger High School",17,100,44201,"Ozone",16740,"Charlotte-Concord-Gastonia, NC-SC",37,"North Carolina",119,"Mecklenburg",35.2401000008895,-80.785683
"317","11/17/2010","AQS",371190041,1,0.038,"ppm",35,"Garinger High School",17,100,44201,"Ozone",16740,"Charlotte-Concord-Gastonia, NC-SC",37,"North Carolina",119,"Mecklenburg",35.2401000008895,-80.785683
"318","11/18/2010","AQS",371190041,1,0.029,"ppm",27,"Garinger High School",17,100,44201,"Ozone",16740,"Charlotte-Concord-Gastonia, NC-SC",37,"North Carolina",119,"Mecklenburg",35.2401000008895,-80.785683
"319","11/19/2010","AQS",371190041,1,0.036,"ppm",33,"Garinger High School",17,100,44201,"Ozone",16740,"Charlotte-Concord-Gastonia, NC-SC",37,"North Carolina",119,"Mecklenburg",35.2401000008895,-80.785683
"320","11/20/2010","AQS",371190041,1,0.047,"ppm",44,"Garinger High School",17,100,44201,"Ozone",16740,"Charlotte-Concord-Gastonia, NC-SC",37,"North Carolina",119,"Mecklenburg",35.2401000008895,-80.785683
"321","11/21/2010","AQS",371190041,1,0.045,"ppm",42,"Garinger High School",17,100,44201,"Ozone",16740,"Charlotte-Concord-Gastonia, NC-SC",37,"North Carolina",119,"Mecklenburg",35.2401000008895,-80.785683
"322","11/22/2010","AQS",371190041,1,0.03,"ppm",28,"Garinger High School",17,100,44201,"Ozone",16740,"Charlotte-Concord-Gastonia, NC-SC",37,"North Carolina",119,"Mecklenburg",35.2401000008895,-80.785683
"323","11/23/2010","AQS",371190041,1,0.028,"ppm",26,"Garinger High School",17,100,44201,"Ozone",16740,"Charlotte-Concord-Gastonia, NC-SC",37,"North Carolina",119,"Mecklenburg",35.2401000008895,-80.785683
"324","11/24/2010","AQS",371190041,1,0.033,"ppm",31,"Garinger High School",17,100,44201,"Ozone",16740,"Charlotte-Concord-Gastonia, NC-SC",37,"North Carolina",119,"Mecklenburg",35.2401000008895,-80.785683
"325","11/25/2010","AQS",371190041,1,0.024,"ppm",22,"Garinger High School",17,100,44201,"Ozone",16740,"Charlotte-Concord-Gastonia, NC-SC",37,"North Carolina",119,"Mecklenburg",35.2401000008895,-80.785683
"326","11/26/2010","AQS",371190041,1,0.032,"ppm",30,"Garinger High School",17,100,44201,"Ozone",16740,"Charlotte-Concord-Gastonia, NC-SC",37,"North Carolina",119,"Mecklenburg",35.2401000008895,-80.785683
"327","11/27/2010","AQS",371190041,1,0.036,"ppm",33,"Garinger High School",17,100,44201,"Ozone",16740,"Charlotte-Concord-Gastonia, NC-SC",37,"North Carolina",119,"Mecklenburg",35.2401000008895,-80.785683
"328","11/28/2010","AQS",371190041,1,0.03,"ppm",28,"Garinger High School",17,100,44201,"Ozone",16740,"Charlotte-Concord-Gastonia, NC-SC",37,"North Carolina",119,"Mecklenburg",35.2401000008895,-80.785683
"329","11/29/2010","AQS",371190041,1,0.023,"ppm",21,"Garinger High School",17,100,44201,"Ozone",16740,"Charlotte-Concord-Gastonia, NC-SC",37,"North Carolina",119,"Mecklenburg",35.2401000008895,-80.785683
"330","11/30/2010","AQS",371190041,1,0.029,"ppm",27,"Garinger High School",17,100,44201,"Ozone",16740,"Charlotte-Concord-Gastonia, NC-SC",37,"North Carolina",119,"Mecklenburg",35.2401000008895,-80.785683
"331","12/01/2010","AQS",371190041,1,0.027,"ppm",25,"Garinger High School",17,100,44201,"Ozone",16740,"Charlotte-Concord-Gastonia, NC-SC",37,"North Carolina",119,"Mecklenburg",35.2401000008895,-80.785683
"332","12/02/2010","AQS",371190041,1,0.026,"ppm",24,"Garinger High School",15,88,44201,"Ozone",16740,"Charlotte-Concord-Gastonia, NC-SC",37,"North Carolina",119,"Mecklenburg",35.2401000008895,-80.785683
"333","12/03/2010","AQS",371190041,1,0.029,"ppm",27,"Garinger High School",16,94,44201,"Ozone",16740,"Charlotte-Concord-Gastonia, NC-SC",37,"North Carolina",119,"Mecklenburg",35.2401000008895,-80.785683
"334","12/04/2010","AQS",371190041,1,0.022,"ppm",20,"Garinger High School",17,100,44201,"Ozone",16740,"Charlotte-Concord-Gastonia, NC-SC",37,"North Carolina",119,"Mecklenburg",35.2401000008895,-80.785683
"335","12/05/2010","AQS",371190041,1,0.032,"ppm",30,"Garinger High School",17,100,44201,"Ozone",16740,"Charlotte-Concord-Gastonia, NC-SC",37,"North Carolina",119,"Mecklenburg",35.2401000008895,-80.785683
"336","12/06/2010","AQS",371190041,1,0.033,"ppm",31,"Garinger High School",17,100,44201,"Ozone",16740,"Charlotte-Concord-Gastonia, NC-SC",37,"North Carolina",119,"Mecklenburg",35.2401000008895,-80.785683
"337","12/07/2010","AQS",371190041,1,0.03,"ppm",28,"Garinger High School",17,100,44201,"Ozone",16740,"Charlotte-Concord-Gastonia, NC-SC",37,"North Carolina",119,"Mecklenburg",35.2401000008895,-80.785683
"338","12/08/2010","AQS",371190041,1,0.023,"ppm",21,"Garinger High School",17,100,44201,"Ozone",16740,"Charlotte-Concord-Gastonia, NC-SC",37,"North Carolina",119,"Mecklenburg",35.2401000008895,-80.785683
"339","12/09/2010","AQS",371190041,1,0.028,"ppm",26,"Garinger High School",17,100,44201,"Ozone",16740,"Charlotte-Concord-Gastonia, NC-SC",37,"North Carolina",119,"Mecklenburg",35.2401000008895,-80.785683
"340","12/10/2010","AQS",371190041,1,0.026,"ppm",24,"Garinger High School",17,100,44201,"Ozone",16740,"Charlotte-Concord-Gastonia, NC-SC",37,"North Carolina",119,"Mecklenburg",35.2401000008895,-80.785683
"341","12/11/2010","AQS",371190041,1,0.029,"ppm",27,"Garinger High School",17,100,44201,"Ozone",16740,"Charlotte-Concord-Gastonia, NC-SC",37,"North Carolina",119,"Mecklenburg",35.2401000008895,-80.785683
"342","12/12/2010","AQS",371190041,1,0.024,"ppm",22,"Garinger High School",17,100,44201,"Ozone",16740,"Charlotte-Concord-Gastonia, NC-SC",37,"North Carolina",119,"Mecklenburg",35.2401000008895,-80.785683
"343","12/13/2010","AQS",371190041,1,0.028,"ppm",26,"Garinger High School",17,100,44201,"Ozone",16740,"Charlotte-Concord-Gastonia, NC-SC",37,"North Carolina",119,"Mecklenburg",35.2401000008895,-80.785683
"344","12/14/2010","AQS",371190041,1,0.03,"ppm",28,"Garinger High School",17,100,44201,"Ozone",16740,"Charlotte-Concord-Gastonia, NC-SC",37,"North Carolina",119,"Mecklenburg",35.2401000008895,-80.785683
"345","12/15/2010","AQS",371190041,1,0.029,"ppm",27,"Garinger High School",17,100,44201,"Ozone",16740,"Charlotte-Concord-Gastonia, NC-SC",37,"North Carolina",119,"Mecklenburg",35.2401000008895,-80.785683
"346","12/16/2010","AQS",371190041,1,0.013,"ppm",12,"Garinger High School",17,100,44201,"Ozone",16740,"Charlotte-Concord-Gastonia, NC-SC",37,"North Carolina",119,"Mecklenburg",35.2401000008895,-80.785683
"347","12/17/2010","AQS",371190041,1,0.021,"ppm",19,"Garinger High School",17,100,44201,"Ozone",16740,"Charlotte-Concord-Gastonia, NC-SC",37,"North Carolina",119,"Mecklenburg",35.2401000008895,-80.785683
"348","12/18/2010","AQS",371190041,1,0.013,"ppm",12,"Garinger High School",17,100,44201,"Ozone",16740,"Charlotte-Concord-Gastonia, NC-SC",37,"North Carolina",119,"Mecklenburg",35.2401000008895,-80.785683
"349","12/19/2010","AQS",371190041,1,0.024,"ppm",22,"Garinger High School",17,100,44201,"Ozone",16740,"Charlotte-Concord-Gastonia, NC-SC",37,"North Carolina",119,"Mecklenburg",35.2401000008895,-80.785683
"350","12/20/2010","AQS",371190041,1,0.027,"ppm",25,"Garinger High School",17,100,44201,"Ozone",16740,"Charlotte-Concord-Gastonia, NC-SC",37,"North Carolina",119,"Mecklenburg",35.2401000008895,-80.785683
"351","12/21/2010","AQS",371190041,1,0.014,"ppm",13,"Garinger High School",17,100,44201,"Ozone",16740,"Charlotte-Concord-Gastonia, NC-SC",37,"North Carolina",119,"Mecklenburg",35.2401000008895,-80.785683
"352","12/22/2010","AQS",371190041,1,0.025,"ppm",23,"Garinger High School",17,100,44201,"Ozone",16740,"Charlotte-Concord-Gastonia, NC-SC",37,"North Carolina",119,"Mecklenburg",35.2401000008895,-80.785683
"353","12/23/2010","AQS",371190041,1,0.033,"ppm",31,"Garinger High School",17,100,44201,"Ozone",16740,"Charlotte-Concord-Gastonia, NC-SC",37,"North Carolina",119,"Mecklenburg",35.2401000008895,-80.785683
"354","12/24/2010","AQS",371190041,1,0.029,"ppm",27,"Garinger High School",17,100,44201,"Ozone",16740,"Charlotte-Concord-Gastonia, NC-SC",37,"North Carolina",119,"Mecklenburg",35.2401000008895,-80.785683
"355","12/25/2010","AQS",371190041,1,0.02,"ppm",19,"Garinger High School",17,100,44201,"Ozone",16740,"Charlotte-Concord-Gastonia, NC-SC",37,"North Carolina",119,"Mecklenburg",35.2401000008895,-80.785683
"356","12/26/2010","AQS",371190041,1,0.03,"ppm",28,"Garinger High School",17,100,44201,"Ozone",16740,"Charlotte-Concord-Gastonia, NC-SC",37,"North Carolina",119,"Mecklenburg",35.2401000008895,-80.785683
"357","12/27/2010","AQS",371190041,1,0.035,"ppm",32,"Garinger High School",17,100,44201,"Ozone",16740,"Charlotte-Concord-Gastonia, NC-SC",37,"North Carolina",119,"Mecklenburg",35.2401000008895,-80.785683
"358","12/28/2010","AQS",371190041,1,0.033,"ppm",31,"Garinger High School",17,100,44201,"Ozone",16740,"Charlotte-Concord-Gastonia, NC-SC",37,"North Carolina",119,"Mecklenburg",35.2401000008895,-80.785683
"359","12/29/2010","AQS",371190041,1,0.031,"ppm",29,"Garinger High School",17,100,44201,"Ozone",16740,"Charlotte-Concord-Gastonia, NC-SC",37,"North Carolina",119,"Mecklenburg",35.2401000008895,-80.785683
"360","12/30/2010","AQS",371190041,1,0.019,"ppm",18,"Garinger High School",17,100,44201,"Ozone",16740,"Charlotte-Concord-Gastonia, NC-SC",37,"North Carolina",119,"Mecklenburg",35.2401000008895,-80.785683
"361","01/01/2011","AQS",371190041,1,0.023,"ppm",21,"Garinger High School",17,100,44201,"Ozone",16740,"Charlotte-Concord-Gastonia, NC-SC",37,"North Carolina",119,"Mecklenburg",35.2401000008895,-80.785683
"362","01/02/2011","AQS",371190041,1,0.027,"ppm",25,"Garinger High School",17,100,44201,"Ozone",16740,"Charlotte-Concord-Gastonia, NC-SC",37,"North Carolina",119,"Mecklenburg",35.2401000008895,-80.785683
"363","01/05/2011","AQS",371190041,1,0.006,"ppm",6,"Garinger High School",15,88,44201,"Ozone",16740,"Charlotte-Concord-Gastonia, NC-SC",37,"North Carolina",119,"Mecklenburg",35.2401000008895,-80.785683
"364","01/06/2011","AQS",371190041,1,0.032,"ppm",30,"Garinger High School",17,100,44201,"Ozone",16740,"Charlotte-Concord-Gastonia, NC-SC",37,"North Carolina",119,"Mecklenburg",35.2401000008895,-80.785683
"365","01/07/2011","AQS",371190041,1,0.027,"ppm",25,"Garinger High School",17,100,44201,"Ozone",16740,"Charlotte-Concord-Gastonia, NC-SC",37,"North Carolina",119,"Mecklenburg",35.2401000008895,-80.785683
"366","01/08/2011","AQS",371190041,1,0.033,"ppm",31,"Garinger High School",17,100,44201,"Ozone",16740,"Charlotte-Concord-Gastonia, NC-SC",37,"North Carolina",119,"Mecklenburg",35.2401000008895,-80.785683
"367","01/09/2011","AQS",371190041,1,0.028,"ppm",26,"Garinger High School",17,100,44201,"Ozone",16740,"Charlotte-Concord-Gastonia, NC-SC",37,"North Carolina",119,"Mecklenburg",35.2401000008895,-80.785683
"368","01/10/2011","AQS",371190041,1,0.03,"ppm",28,"Garinger High School",17,100,44201,"Ozone",16740,"Charlotte-Concord-Gastonia, NC-SC",37,"North Carolina",119,"Mecklenburg",35.2401000008895,-80.785683
"369","01/11/2011","AQS",371190041,1,0.022,"ppm",20,"Garinger High School",17,100,44201,"Ozone",16740,"Charlotte-Concord-Gastonia, NC-SC",37,"North Carolina",119,"Mecklenburg",35.2401000008895,-80.785683
"370","01/12/2011","AQS",371190041,1,0.032,"ppm",30,"Garinger High School",17,100,44201,"Ozone",16740,"Charlotte-Concord-Gastonia, NC-SC",37,"North Carolina",119,"Mecklenburg",35.2401000008895,-80.785683
"371","01/13/2011","AQS",371190041,1,0.031,"ppm",29,"Garinger High School",17,100,44201,"Ozone",16740,"Charlotte-Concord-Gastonia, NC-SC",37,"North Carolina",119,"Mecklenburg",35.2401000008895,-80.785683
"372","01/14/2011","AQS",371190041,1,0.027,"ppm",25,"Garinger High School",17,100,44201,"Ozone",16740,"Charlotte-Concord-Gastonia, NC-SC",37,"North Carolina",119,"Mecklenburg",35.2401000008895,-80.785683
"373","01/15/2011","AQS",371190041,1,0.035,"ppm",32,"Garinger High School",17,100,44201,"Ozone",16740,"Charlotte-Concord-Gastonia, NC-SC",37,"North Carolina",119,"Mecklenburg",35.2401000008895,-80.785683
"374","01/16/2011","AQS",371190041,1,0.039,"ppm",36,"Garinger High School",17,100,44201,"Ozone",16740,"Charlotte-Concord-Gastonia, NC-SC",37,"North Carolina",119,"Mecklenburg",35.2401000008895,-80.785683
"375","01/17/2011","AQS",371190041,1,0.017,"ppm",16,"Garinger High School",17,100,44201,"Ozone",16740,"Charlotte-Concord-Gastonia, NC-SC",37,"North Carolina",119,"Mecklenburg",35.2401000008895,-80.785683
"376","01/18/2011","AQS",371190041,1,0.008,"ppm",7,"Garinger High School",17,100,44201,"Ozone",16740,"Charlotte-Concord-Gastonia, NC-SC",37,"North Carolina",119,"Mecklenburg",35.2401000008895,-80.785683
"377","01/19/2011","AQS",371190041,1,0.019,"ppm",18,"Garinger High School",17,100,44201,"Ozone",16740,"Charlotte-Concord-Gastonia, NC-SC",37,"North Carolina",119,"Mecklenburg",35.2401000008895,-80.785683
"378","01/20/2011","AQS",371190041,1,0.022,"ppm",20,"Garinger High School",17,100,44201,"Ozone",16740,"Charlotte-Concord-Gastonia, NC-SC",37,"North Carolina",119,"Mecklenburg",35.2401000008895,-80.785683
"379","01/21/2011","AQS",371190041,1,0.036,"ppm",33,"Garinger High School",17,100,44201,"Ozone",16740,"Charlotte-Concord-Gastonia, NC-SC",37,"North Carolina",119,"Mecklenburg",35.2401000008895,-80.785683
"380","01/22/2011","AQS",371190041,1,0.031,"ppm",29,"Garinger High School",17,100,44201,"Ozone",16740,"Charlotte-Concord-Gastonia, NC-SC",37,"North Carolina",119,"Mecklenburg",35.2401000008895,-80.785683
"381","01/23/2011","AQS",371190041,1,0.031,"ppm",29,"Garinger High School",17,100,44201,"Ozone",16740,"Charlotte-Concord-Gastonia, NC-SC",37,"North Carolina",119,"Mecklenburg",35.2401000008895,-80.785683
"382","01/26/2011","AQS",371190041,1,0.018,"ppm",17,"Garinger High School",13,76,44201,"Ozone",16740,"Charlotte-Concord-Gastonia, NC-SC",37,"North Carolina",119,"Mecklenburg",35.2401000008895,-80.785683
"383","01/27/2011","AQS",371190041,1,0.026,"ppm",24,"Garinger High School",17,100,44201,"Ozone",16740,"Charlotte-Concord-Gastonia, NC-SC",37,"North Carolina",119,"Mecklenburg",35.2401000008895,-80.785683
"384","01/28/2011","AQS",371190041,1,0.031,"ppm",29,"Garinger High School",17,100,44201,"Ozone",16740,"Charlotte-Concord-Gastonia, NC-SC",37,"North Carolina",119,"Mecklenburg",35.2401000008895,-80.785683
"385","01/29/2011","AQS",371190041,1,0.04,"ppm",37,"Garinger High School",17,100,44201,"Ozone",16740,"Charlotte-Concord-Gastonia, NC-SC",37,"North Carolina",119,"Mecklenburg",35.2401000008895,-80.785683
"386","01/30/2011","AQS",371190041,1,0.046,"ppm",43,"Garinger High School",17,100,44201,"Ozone",16740,"Charlotte-Concord-Gastonia, NC-SC",37,"North Carolina",119,"Mecklenburg",35.2401000008895,-80.785683
"387","01/31/2011","AQS",371190041,1,0.026,"ppm",24,"Garinger High School",17,100,44201,"Ozone",16740,"Charlotte-Concord-Gastonia, NC-SC",37,"North Carolina",119,"Mecklenburg",35.2401000008895,-80.785683
"388","02/01/2011","AQS",371190041,1,0.018,"ppm",17,"Garinger High School",17,100,44201,"Ozone",16740,"Charlotte-Concord-Gastonia, NC-SC",37,"North Carolina",119,"Mecklenburg",35.2401000008895,-80.785683
"389","02/02/2011","AQS",371190041,1,0.03,"ppm",28,"Garinger High School",17,100,44201,"Ozone",16740,"Charlotte-Concord-Gastonia, NC-SC",37,"North Carolina",119,"Mecklenburg",35.2401000008895,-80.785683
"390","02/03/2011","AQS",371190041,1,0.03,"ppm",28,"Garinger High School",17,100,44201,"Ozone",16740,"Charlotte-Concord-Gastonia, NC-SC",37,"North Carolina",119,"Mecklenburg",35.2401000008895,-80.785683
"391","02/04/2011","AQS",371190041,1,0.021,"ppm",19,"Garinger High School",17,100,44201,"Ozone",16740,"Charlotte-Concord-Gastonia, NC-SC",37,"North Carolina",119,"Mecklenburg",35.2401000008895,-80.785683
"392","02/05/2011","AQS",371190041,1,0.021,"ppm",19,"Garinger High School",17,100,44201,"Ozone",16740,"Charlotte-Concord-Gastonia, NC-SC",37,"North Carolina",119,"Mecklenburg",35.2401000008895,-80.785683
"393","02/06/2011","AQS",371190041,1,0.036,"ppm",33,"Garinger High School",17,100,44201,"Ozone",16740,"Charlotte-Concord-Gastonia, NC-SC",37,"North Carolina",119,"Mecklenburg",35.2401000008895,-80.785683
"394","02/07/2011","AQS",371190041,1,0.029,"ppm",27,"Garinger High School",17,100,44201,"Ozone",16740,"Charlotte-Concord-Gastonia, NC-SC",37,"North Carolina",119,"Mecklenburg",35.2401000008895,-80.785683
"395","02/08/2011","AQS",371190041,1,0.039,"ppm",36,"Garinger High School",17,100,44201,"Ozone",16740,"Charlotte-Concord-Gastonia, NC-SC",37,"North Carolina",119,"Mecklenburg",35.2401000008895,-80.785683
"396","02/09/2011","AQS",371190041,1,0.036,"ppm",33,"Garinger High School",17,100,44201,"Ozone",16740,"Charlotte-Concord-Gastonia, NC-SC",37,"North Carolina",119,"Mecklenburg",35.2401000008895,-80.785683
"397","02/10/2011","AQS",371190041,1,0.038,"ppm",35,"Garinger High School",17,100,44201,"Ozone",16740,"Charlotte-Concord-Gastonia, NC-SC",37,"North Carolina",119,"Mecklenburg",35.2401000008895,-80.785683
"398","02/11/2011","AQS",371190041,1,0.037,"ppm",34,"Garinger High School",17,100,44201,"Ozone",16740,"Charlotte-Concord-Gastonia, NC-SC",37,"North Carolina",119,"Mecklenburg",35.2401000008895,-80.785683
"399","02/12/2011","AQS",371190041,1,0.043,"ppm",40,"Garinger High School",17,100,44201,"Ozone",16740,"Charlotte-Concord-Gastonia, NC-SC",37,"North Carolina",119,"Mecklenburg",35.2401000008895,-80.785683
"400","02/13/2011","AQS",371190041,1,0.043,"ppm",40,"Garinger High School",17,100,44201,"Ozone",16740,"Charlotte-Concord-Gastonia, NC-SC",37,"North Carolina",119,"Mecklenburg",35.2401000008895,-80.785683
"401","02/14/2011","AQS",371190041,1,0.052,"ppm",48,"Garinger High School",17,100,44201,"Ozone",16740,"Charlotte-Concord-Gastonia, NC-SC",37,"North Carolina",119,"Mecklenburg",35.2401000008895,-80.785683
"402","02/15/2011","AQS",371190041,1,0.04,"ppm",37,"Garinger High School",17,100,44201,"Ozone",16740,"Charlotte-Concord-Gastonia, NC-SC",37,"North Carolina",119,"Mecklenburg",35.2401000008895,-80.785683
"403","02/16/2011","AQS",371190041,1,0.046,"ppm",43,"Garinger High School",17,100,44201,"Ozone",16740,"Charlotte-Concord-Gastonia, NC-SC",37,"North Carolina",119,"Mecklenburg",35.2401000008895,-80.785683
"404","02/17/2011","AQS",371190041,1,0.046,"ppm",43,"Garinger High School",17,100,44201,"Ozone",16740,"Charlotte-Concord-Gastonia, NC-SC",37,"North Carolina",119,"Mecklenburg",35.2401000008895,-80.785683
"405","02/18/2011","AQS",371190041,1,0.052,"ppm",48,"Garinger High School",15,88,44201,"Ozone",16740,"Charlotte-Concord-Gastonia, NC-SC",37,"North Carolina",119,"Mecklenburg",35.2401000008895,-80.785683
"406","02/19/2011","AQS",371190041,1,0.047,"ppm",44,"Garinger High School",17,100,44201,"Ozone",16740,"Charlotte-Concord-Gastonia, NC-SC",37,"North Carolina",119,"Mecklenburg",35.2401000008895,-80.785683
"407","02/20/2011","AQS",371190041,1,0.044,"ppm",41,"Garinger High School",17,100,44201,"Ozone",16740,"Charlotte-Concord-Gastonia, NC-SC",37,"North Carolina",119,"Mecklenburg",35.2401000008895,-80.785683
"408","02/21/2011","AQS",371190041,1,0.042,"ppm",39,"Garinger High School",17,100,44201,"Ozone",16740,"Charlotte-Concord-Gastonia, NC-SC",37,"North Carolina",119,"Mecklenburg",35.2401000008895,-80.785683
"409","02/22/2011","AQS",371190041,1,0.038,"ppm",35,"Garinger High School",17,100,44201,"Ozone",16740,"Charlotte-Concord-Gastonia, NC-SC",37,"North Carolina",119,"Mecklenburg",35.2401000008895,-80.785683
"410","02/23/2011","AQS",371190041,1,0.039,"ppm",36,"Garinger High School",17,100,44201,"Ozone",16740,"Charlotte-Concord-Gastonia, NC-SC",37,"North Carolina",119,"Mecklenburg",35.2401000008895,-80.785683
"411","02/24/2011","AQS",371190041,1,0.035,"ppm",32,"Garinger High School",17,100,44201,"Ozone",16740,"Charlotte-Concord-Gastonia, NC-SC",37,"North Carolina",119,"Mecklenburg",35.2401000008895,-80.785683
"412","02/25/2011","AQS",371190041,1,0.042,"ppm",39,"Garinger High School",17,100,44201,"Ozone",16740,"Charlotte-Concord-Gastonia, NC-SC",37,"North Carolina",119,"Mecklenburg",35.2401000008895,-80.785683
"413","02/26/2011","AQS",371190041,1,0.044,"ppm",41,"Garinger High School",17,100,44201,"Ozone",16740,"Charlotte-Concord-Gastonia, NC-SC",37,"North Carolina",119,"Mecklenburg",35.2401000008895,-80.785683
"414","02/27/2011","AQS",371190041,1,0.048,"ppm",44,"Garinger High School",17,100,44201,"Ozone",16740,"Charlotte-Concord-Gastonia, NC-SC",37,"North Carolina",119,"Mecklenburg",35.2401000008895,-80.785683
"415","02/28/2011","AQS",371190041,1,0.031,"ppm",29,"Garinger High School",17,100,44201,"Ozone",16740,"Charlotte-Concord-Gastonia, NC-SC",37,"North Carolina",119,"Mecklenburg",35.2401000008895,-80.785683
"416","03/01/2011","AQS",371190041,1,0.044,"ppm",41,"Garinger High School",17,100,44201,"Ozone",16740,"Charlotte-Concord-Gastonia, NC-SC",37,"North Carolina",119,"Mecklenburg",35.2401000008895,-80.785683
"417","03/02/2011","AQS",371190041,1,0.048,"ppm",44,"Garinger High School",17,100,44201,"Ozone",16740,"Charlotte-Concord-Gastonia, NC-SC",37,"North Carolina",119,"Mecklenburg",35.2401000008895,-80.785683
"418","03/03/2011","AQS",371190041,1,0.043,"ppm",40,"Garinger High School",17,100,44201,"Ozone",16740,"Charlotte-Concord-Gastonia, NC-SC",37,"North Carolina",119,"Mecklenburg",35.2401000008895,-80.785683
"419","03/04/2011","AQS",371190041,1,0.045,"ppm",42,"Garinger High School",17,100,44201,"Ozone",16740,"Charlotte-Concord-Gastonia, NC-SC",37,"North Carolina",119,"Mecklenburg",35.2401000008895,-80.785683
"420","03/05/2011","AQS",371190041,1,0.036,"ppm",33,"Garinger High School",17,100,44201,"Ozone",16740,"Charlotte-Concord-Gastonia, NC-SC",37,"North Carolina",119,"Mecklenburg",35.2401000008895,-80.785683
"421","03/06/2011","AQS",371190041,1,0.032,"ppm",30,"Garinger High School",17,100,44201,"Ozone",16740,"Charlotte-Concord-Gastonia, NC-SC",37,"North Carolina",119,"Mecklenburg",35.2401000008895,-80.785683
"422","03/07/2011","AQS",371190041,1,0.042,"ppm",39,"Garinger High School",17,100,44201,"Ozone",16740,"Charlotte-Concord-Gastonia, NC-SC",37,"North Carolina",119,"Mecklenburg",35.2401000008895,-80.785683
"423","03/08/2011","AQS",371190041,1,0.045,"ppm",42,"Garinger High School",17,100,44201,"Ozone",16740,"Charlotte-Concord-Gastonia, NC-SC",37,"North Carolina",119,"Mecklenburg",35.2401000008895,-80.785683
"424","03/09/2011","AQS",371190041,1,0.033,"ppm",31,"Garinger High School",17,100,44201,"Ozone",16740,"Charlotte-Concord-Gastonia, NC-SC",37,"North Carolina",119,"Mecklenburg",35.2401000008895,-80.785683
"425","03/10/2011","AQS",371190041,1,0.029,"ppm",27,"Garinger High School",17,100,44201,"Ozone",16740,"Charlotte-Concord-Gastonia, NC-SC",37,"North Carolina",119,"Mecklenburg",35.2401000008895,-80.785683
"426","03/11/2011","AQS",371190041,1,0.044,"ppm",41,"Garinger High School",17,100,44201,"Ozone",16740,"Charlotte-Concord-Gastonia, NC-SC",37,"North Carolina",119,"Mecklenburg",35.2401000008895,-80.785683
"427","03/12/2011","AQS",371190041,1,0.053,"ppm",49,"Garinger High School",17,100,44201,"Ozone",16740,"Charlotte-Concord-Gastonia, NC-SC",37,"North Carolina",119,"Mecklenburg",35.2401000008895,-80.785683
"428","03/13/2011","AQS",371190041,1,0.061,"ppm",71,"Garinger High School",17,100,44201,"Ozone",16740,"Charlotte-Concord-Gastonia, NC-SC",37,"North Carolina",119,"Mecklenburg",35.2401000008895,-80.785683
"429","03/14/2011","AQS",371190041,1,0.046,"ppm",43,"Garinger High School",17,100,44201,"Ozone",16740,"Charlotte-Concord-Gastonia, NC-SC",37,"North Carolina",119,"Mecklenburg",35.2401000008895,-80.785683
"430","03/15/2011","AQS",371190041,1,0.035,"ppm",32,"Garinger High School",17,100,44201,"Ozone",16740,"Charlotte-Concord-Gastonia, NC-SC",37,"North Carolina",119,"Mecklenburg",35.2401000008895,-80.785683
"431","03/16/2011","AQS",371190041,1,0.041,"ppm",38,"Garinger High School",17,100,44201,"Ozone",16740,"Charlotte-Concord-Gastonia, NC-SC",37,"North Carolina",119,"Mecklenburg",35.2401000008895,-80.785683
"432","03/17/2011","AQS",371190041,1,0.047,"ppm",44,"Garinger High School",17,100,44201,"Ozone",16740,"Charlotte-Concord-Gastonia, NC-SC",37,"North Carolina",119,"Mecklenburg",35.2401000008895,-80.785683
"433","03/18/2011","AQS",371190041,1,0.06,"ppm",67,"Garinger High School",17,100,44201,"Ozone",16740,"Charlotte-Concord-Gastonia, NC-SC",37,"North Carolina",119,"Mecklenburg",35.2401000008895,-80.785683
"434","03/19/2011","AQS",371190041,1,0.053,"ppm",49,"Garinger High School",17,100,44201,"Ozone",16740,"Charlotte-Concord-Gastonia, NC-SC",37,"North Carolina",119,"Mecklenburg",35.2401000008895,-80.785683
"435","03/20/2011","AQS",371190041,1,0.049,"ppm",45,"Garinger High School",17,100,44201,"Ozone",16740,"Charlotte-Concord-Gastonia, NC-SC",37,"North Carolina",119,"Mecklenburg",35.2401000008895,-80.785683
"436","03/21/2011","AQS",371190041,1,0.048,"ppm",44,"Garinger High School",17,100,44201,"Ozone",16740,"Charlotte-Concord-Gastonia, NC-SC",37,"North Carolina",119,"Mecklenburg",35.2401000008895,-80.785683
"437","03/22/2011","AQS",371190041,1,0.054,"ppm",50,"Garinger High School",17,100,44201,"Ozone",16740,"Charlotte-Concord-Gastonia, NC-SC",37,"North Carolina",119,"Mecklenburg",35.2401000008895,-80.785683
"438","03/23/2011","AQS",371190041,1,0.051,"ppm",47,"Garinger High School",17,100,44201,"Ozone",16740,"Charlotte-Concord-Gastonia, NC-SC",37,"North Carolina",119,"Mecklenburg",35.2401000008895,-80.785683
"439","03/24/2011","AQS",371190041,1,0.042,"ppm",39,"Garinger High School",17,100,44201,"Ozone",16740,"Charlotte-Concord-Gastonia, NC-SC",37,"North Carolina",119,"Mecklenburg",35.2401000008895,-80.785683
"440","03/25/2011","AQS",371190041,1,0.044,"ppm",41,"Garinger High School",17,100,44201,"Ozone",16740,"Charlotte-Concord-Gastonia, NC-SC",37,"North Carolina",119,"Mecklenburg",35.2401000008895,-80.785683
"441","03/26/2011","AQS",371190041,1,0.028,"ppm",26,"Garinger High School",17,100,44201,"Ozone",16740,"Charlotte-Concord-Gastonia, NC-SC",37,"North Carolina",119,"Mecklenburg",35.2401000008895,-80.785683
"442","03/27/2011","AQS",371190041,1,0.035,"ppm",32,"Garinger High School",17,100,44201,"Ozone",16740,"Charlotte-Concord-Gastonia, NC-SC",37,"North Carolina",119,"Mecklenburg",35.2401000008895,-80.785683
"443","03/28/2011","AQS",371190041,1,0.035,"ppm",32,"Garinger High School",17,100,44201,"Ozone",16740,"Charlotte-Concord-Gastonia, NC-SC",37,"North Carolina",119,"Mecklenburg",35.2401000008895,-80.785683
"444","03/29/2011","AQS",371190041,1,0.05,"ppm",46,"Garinger High School",17,100,44201,"Ozone",16740,"Charlotte-Concord-Gastonia, NC-SC",37,"North Carolina",119,"Mecklenburg",35.2401000008895,-80.785683
"445","03/30/2011","AQS",371190041,1,0.04,"ppm",37,"Garinger High School",17,100,44201,"Ozone",16740,"Charlotte-Concord-Gastonia, NC-SC",37,"North Carolina",119,"Mecklenburg",35.2401000008895,-80.785683
"446","03/31/2011","AQS",371190041,1,0.031,"ppm",29,"Garinger High School",17,100,44201,"Ozone",16740,"Charlotte-Concord-Gastonia, NC-SC",37,"North Carolina",119,"Mecklenburg",35.2401000008895,-80.785683
"447","04/01/2011","AQS",371190041,1,0.05,"ppm",46,"Garinger High School",17,100,44201,"Ozone",16740,"Charlotte-Concord-Gastonia, NC-SC",37,"North Carolina",119,"Mecklenburg",35.2401000008895,-80.785683
"448","04/02/2011","AQS",371190041,1,0.052,"ppm",48,"Garinger High School",17,100,44201,"Ozone",16740,"Charlotte-Concord-Gastonia, NC-SC",37,"North Carolina",119,"Mecklenburg",35.2401000008895,-80.785683
"449","04/03/2011","AQS",371190041,1,0.054,"ppm",50,"Garinger High School",17,100,44201,"Ozone",16740,"Charlotte-Concord-Gastonia, NC-SC",37,"North Carolina",119,"Mecklenburg",35.2401000008895,-80.785683
"450","04/04/2011","AQS",371190041,1,0.055,"ppm",51,"Garinger High School",17,100,44201,"Ozone",16740,"Charlotte-Concord-Gastonia, NC-SC",37,"North Carolina",119,"Mecklenburg",35.2401000008895,-80.785683
"451","04/05/2011","AQS",371190041,1,0.046,"ppm",43,"Garinger High School",17,100,44201,"Ozone",16740,"Charlotte-Concord-Gastonia, NC-SC",37,"North Carolina",119,"Mecklenburg",35.2401000008895,-80.785683
"452","04/06/2011","AQS",371190041,1,0.052,"ppm",48,"Garinger High School",17,100,44201,"Ozone",16740,"Charlotte-Concord-Gastonia, NC-SC",37,"North Carolina",119,"Mecklenburg",35.2401000008895,-80.785683
"453","04/07/2011","AQS",371190041,1,0.062,"ppm",74,"Garinger High School",17,100,44201,"Ozone",16740,"Charlotte-Concord-Gastonia, NC-SC",37,"North Carolina",119,"Mecklenburg",35.2401000008895,-80.785683
"454","04/08/2011","AQS",371190041,1,0.045,"ppm",42,"Garinger High School",17,100,44201,"Ozone",16740,"Charlotte-Concord-Gastonia, NC-SC",37,"North Carolina",119,"Mecklenburg",35.2401000008895,-80.785683
"455","04/09/2011","AQS",371190041,1,0.033,"ppm",31,"Garinger High School",17,100,44201,"Ozone",16740,"Charlotte-Concord-Gastonia, NC-SC",37,"North Carolina",119,"Mecklenburg",35.2401000008895,-80.785683
"456","04/10/2011","AQS",371190041,1,0.035,"ppm",32,"Garinger High School",16,94,44201,"Ozone",16740,"Charlotte-Concord-Gastonia, NC-SC",37,"North Carolina",119,"Mecklenburg",35.2401000008895,-80.785683
"457","04/11/2011","AQS",371190041,1,0.035,"ppm",32,"Garinger High School",17,100,44201,"Ozone",16740,"Charlotte-Concord-Gastonia, NC-SC",37,"North Carolina",119,"Mecklenburg",35.2401000008895,-80.785683
"458","04/12/2011","AQS",371190041,1,0.049,"ppm",45,"Garinger High School",17,100,44201,"Ozone",16740,"Charlotte-Concord-Gastonia, NC-SC",37,"North Carolina",119,"Mecklenburg",35.2401000008895,-80.785683
"459","04/13/2011","AQS",371190041,1,0.059,"ppm",64,"Garinger High School",17,100,44201,"Ozone",16740,"Charlotte-Concord-Gastonia, NC-SC",37,"North Carolina",119,"Mecklenburg",35.2401000008895,-80.785683
"460","04/14/2011","AQS",371190041,1,0.062,"ppm",74,"Garinger High School",17,100,44201,"Ozone",16740,"Charlotte-Concord-Gastonia, NC-SC",37,"North Carolina",119,"Mecklenburg",35.2401000008895,-80.785683
"461","04/15/2011","AQS",371190041,1,0.059,"ppm",64,"Garinger High School",17,100,44201,"Ozone",16740,"Charlotte-Concord-Gastonia, NC-SC",37,"North Carolina",119,"Mecklenburg",35.2401000008895,-80.785683
"462","04/16/2011","AQS",371190041,1,0.051,"ppm",47,"Garinger High School",17,100,44201,"Ozone",16740,"Charlotte-Concord-Gastonia, NC-SC",37,"North Carolina",119,"Mecklenburg",35.2401000008895,-80.785683
"463","04/17/2011","AQS",371190041,1,0.053,"ppm",49,"Garinger High School",17,100,44201,"Ozone",16740,"Charlotte-Concord-Gastonia, NC-SC",37,"North Carolina",119,"Mecklenburg",35.2401000008895,-80.785683
"464","04/18/2011","AQS",371190041,1,0.057,"ppm",58,"Garinger High School",17,100,44201,"Ozone",16740,"Charlotte-Concord-Gastonia, NC-SC",37,"North Carolina",119,"Mecklenburg",35.2401000008895,-80.785683
"465","04/19/2011","AQS",371190041,1,0.064,"ppm",80,"Garinger High School",17,100,44201,"Ozone",16740,"Charlotte-Concord-Gastonia, NC-SC",37,"North Carolina",119,"Mecklenburg",35.2401000008895,-80.785683
"466","04/20/2011","AQS",371190041,1,0.052,"ppm",48,"Garinger High School",17,100,44201,"Ozone",16740,"Charlotte-Concord-Gastonia, NC-SC",37,"North Carolina",119,"Mecklenburg",35.2401000008895,-80.785683
"467","04/21/2011","AQS",371190041,1,0.048,"ppm",44,"Garinger High School",17,100,44201,"Ozone",16740,"Charlotte-Concord-Gastonia, NC-SC",37,"North Carolina",119,"Mecklenburg",35.2401000008895,-80.785683
"468","04/22/2011","AQS",371190041,1,0.034,"ppm",31,"Garinger High School",17,100,44201,"Ozone",16740,"Charlotte-Concord-Gastonia, NC-SC",37,"North Carolina",119,"Mecklenburg",35.2401000008895,-80.785683
"469","04/23/2011","AQS",371190041,1,0.038,"ppm",35,"Garinger High School",17,100,44201,"Ozone",16740,"Charlotte-Concord-Gastonia, NC-SC",37,"North Carolina",119,"Mecklenburg",35.2401000008895,-80.785683
"470","04/24/2011","AQS",371190041,1,0.045,"ppm",42,"Garinger High School",17,100,44201,"Ozone",16740,"Charlotte-Concord-Gastonia, NC-SC",37,"North Carolina",119,"Mecklenburg",35.2401000008895,-80.785683
"471","04/25/2011","AQS",371190041,1,0.043,"ppm",40,"Garinger High School",17,100,44201,"Ozone",16740,"Charlotte-Concord-Gastonia, NC-SC",37,"North Carolina",119,"Mecklenburg",35.2401000008895,-80.785683
"472","04/26/2011","AQS",371190041,1,0.034,"ppm",31,"Garinger High School",17,100,44201,"Ozone",16740,"Charlotte-Concord-Gastonia, NC-SC",37,"North Carolina",119,"Mecklenburg",35.2401000008895,-80.785683
"473","04/27/2011","AQS",371190041,1,0.039,"ppm",36,"Garinger High School",17,100,44201,"Ozone",16740,"Charlotte-Concord-Gastonia, NC-SC",37,"North Carolina",119,"Mecklenburg",35.2401000008895,-80.785683
"474","04/28/2011","AQS",371190041,1,0.049,"ppm",45,"Garinger High School",17,100,44201,"Ozone",16740,"Charlotte-Concord-Gastonia, NC-SC",37,"North Carolina",119,"Mecklenburg",35.2401000008895,-80.785683
"475","04/29/2011","AQS",371190041,1,0.055,"ppm",51,"Garinger High School",17,100,44201,"Ozone",16740,"Charlotte-Concord-Gastonia, NC-SC",37,"North Carolina",119,"Mecklenburg",35.2401000008895,-80.785683
"476","04/30/2011","AQS",371190041,1,0.064,"ppm",80,"Garinger High School",17,100,44201,"Ozone",16740,"Charlotte-Concord-Gastonia, NC-SC",37,"North Carolina",119,"Mecklenburg",35.2401000008895,-80.785683
"477","05/01/2011","AQS",371190041,1,0.058,"ppm",61,"Garinger High School",17,100,44201,"Ozone",16740,"Charlotte-Concord-Gastonia, NC-SC",37,"North Carolina",119,"Mecklenburg",35.2401000008895,-80.785683
"478","05/02/2011","AQS",371190041,1,0.054,"ppm",50,"Garinger High School",17,100,44201,"Ozone",16740,"Charlotte-Concord-Gastonia, NC-SC",37,"North Carolina",119,"Mecklenburg",35.2401000008895,-80.785683
"479","05/03/2011","AQS",371190041,1,0.045,"ppm",42,"Garinger High School",17,100,44201,"Ozone",16740,"Charlotte-Concord-Gastonia, NC-SC",37,"North Carolina",119,"Mecklenburg",35.2401000008895,-80.785683
"480","05/04/2011","AQS",371190041,1,0.052,"ppm",48,"Garinger High School",17,100,44201,"Ozone",16740,"Charlotte-Concord-Gastonia, NC-SC",37,"North Carolina",119,"Mecklenburg",35.2401000008895,-80.785683
"481","05/05/2011","AQS",371190041,1,0.055,"ppm",51,"Garinger High School",17,100,44201,"Ozone",16740,"Charlotte-Concord-Gastonia, NC-SC",37,"North Carolina",119,"Mecklenburg",35.2401000008895,-80.785683
"482","05/06/2011","AQS",371190041,1,0.053,"ppm",49,"Garinger High School",17,100,44201,"Ozone",16740,"Charlotte-Concord-Gastonia, NC-SC",37,"North Carolina",119,"Mecklenburg",35.2401000008895,-80.785683
"483","05/07/2011","AQS",371190041,1,0.059,"ppm",64,"Garinger High School",17,100,44201,"Ozone",16740,"Charlotte-Concord-Gastonia, NC-SC",37,"North Carolina",119,"Mecklenburg",35.2401000008895,-80.785683
"484","05/08/2011","AQS",371190041,1,0.062,"ppm",74,"Garinger High School",17,100,44201,"Ozone",16740,"Charlotte-Concord-Gastonia, NC-SC",37,"North Carolina",119,"Mecklenburg",35.2401000008895,-80.785683
"485","05/09/2011","AQS",371190041,1,0.071,"ppm",101,"Garinger High School",17,100,44201,"Ozone",16740,"Charlotte-Concord-Gastonia, NC-SC",37,"North Carolina",119,"Mecklenburg",35.2401000008895,-80.785683
"486","05/10/2011","AQS",371190041,1,0.07,"ppm",100,"Garinger High School",17,100,44201,"Ozone",16740,"Charlotte-Concord-Gastonia, NC-SC",37,"North Carolina",119,"Mecklenburg",35.2401000008895,-80.785683
"487","05/11/2011","AQS",371190041,1,0.056,"ppm",54,"Garinger High School",17,100,44201,"Ozone",16740,"Charlotte-Concord-Gastonia, NC-SC",37,"North Carolina",119,"Mecklenburg",35.2401000008895,-80.785683
"488","05/12/2011","AQS",371190041,1,0.048,"ppm",44,"Garinger High School",17,100,44201,"Ozone",16740,"Charlotte-Concord-Gastonia, NC-SC",37,"North Carolina",119,"Mecklenburg",35.2401000008895,-80.785683
"489","05/13/2011","AQS",371190041,1,0.056,"ppm",54,"Garinger High School",17,100,44201,"Ozone",16740,"Charlotte-Concord-Gastonia, NC-SC",37,"North Carolina",119,"Mecklenburg",35.2401000008895,-80.785683
"490","05/14/2011","AQS",371190041,1,0.042,"ppm",39,"Garinger High School",17,100,44201,"Ozone",16740,"Charlotte-Concord-Gastonia, NC-SC",37,"North Carolina",119,"Mecklenburg",35.2401000008895,-80.785683
"491","05/15/2011","AQS",371190041,1,0.047,"ppm",44,"Garinger High School",17,100,44201,"Ozone",16740,"Charlotte-Concord-Gastonia, NC-SC",37,"North Carolina",119,"Mecklenburg",35.2401000008895,-80.785683
"492","05/16/2011","AQS",371190041,1,0.035,"ppm",32,"Garinger High School",17,100,44201,"Ozone",16740,"Charlotte-Concord-Gastonia, NC-SC",37,"North Carolina",119,"Mecklenburg",35.2401000008895,-80.785683
"493","05/17/2011","AQS",371190041,1,0.014,"ppm",13,"Garinger High School",17,100,44201,"Ozone",16740,"Charlotte-Concord-Gastonia, NC-SC",37,"North Carolina",119,"Mecklenburg",35.2401000008895,-80.785683
"494","05/18/2011","AQS",371190041,1,0.03,"ppm",28,"Garinger High School",17,100,44201,"Ozone",16740,"Charlotte-Concord-Gastonia, NC-SC",37,"North Carolina",119,"Mecklenburg",35.2401000008895,-80.785683
"495","05/19/2011","AQS",371190041,1,0.052,"ppm",48,"Garinger High School",17,100,44201,"Ozone",16740,"Charlotte-Concord-Gastonia, NC-SC",37,"North Carolina",119,"Mecklenburg",35.2401000008895,-80.785683
"496","05/20/2011","AQS",371190041,1,0.059,"ppm",64,"Garinger High School",17,100,44201,"Ozone",16740,"Charlotte-Concord-Gastonia, NC-SC",37,"North Carolina",119,"Mecklenburg",35.2401000008895,-80.785683
"497","05/21/2011","AQS",371190041,1,0.066,"ppm",87,"Garinger High School",17,100,44201,"Ozone",16740,"Charlotte-Concord-Gastonia, NC-SC",37,"North Carolina",119,"Mecklenburg",35.2401000008895,-80.785683
"498","05/22/2011","AQS",371190041,1,0.061,"ppm",71,"Garinger High School",17,100,44201,"Ozone",16740,"Charlotte-Concord-Gastonia, NC-SC",37,"North Carolina",119,"Mecklenburg",35.2401000008895,-80.785683
"499","05/23/2011","AQS",371190041,1,0.05,"ppm",46,"Garinger High School",17,100,44201,"Ozone",16740,"Charlotte-Concord-Gastonia, NC-SC",37,"North Carolina",119,"Mecklenburg",35.2401000008895,-80.785683
"500","05/24/2011","AQS",371190041,1,0.05,"ppm",46,"Garinger High School",17,100,44201,"Ozone",16740,"Charlotte-Concord-Gastonia, NC-SC",37,"North Carolina",119,"Mecklenburg",35.2401000008895,-80.785683
"501","05/25/2011","AQS",371190041,1,0.053,"ppm",49,"Garinger High School",17,100,44201,"Ozone",16740,"Charlotte-Concord-Gastonia, NC-SC",37,"North Carolina",119,"Mecklenburg",35.2401000008895,-80.785683
"502","05/26/2011","AQS",371190041,1,0.057,"ppm",58,"Garinger High School",17,100,44201,"Ozone",16740,"Charlotte-Concord-Gastonia, NC-SC",37,"North Carolina",119,"Mecklenburg",35.2401000008895,-80.785683
"503","05/27/2011","AQS",371190041,1,0.049,"ppm",45,"Garinger High School",17,100,44201,"Ozone",16740,"Charlotte-Concord-Gastonia, NC-SC",37,"North Carolina",119,"Mecklenburg",35.2401000008895,-80.785683
"504","05/28/2011","AQS",371190041,1,0.051,"ppm",47,"Garinger High School",17,100,44201,"Ozone",16740,"Charlotte-Concord-Gastonia, NC-SC",37,"North Carolina",119,"Mecklenburg",35.2401000008895,-80.785683
"505","05/29/2011","AQS",371190041,1,0.048,"ppm",44,"Garinger High School",17,100,44201,"Ozone",16740,"Charlotte-Concord-Gastonia, NC-SC",37,"North Carolina",119,"Mecklenburg",35.2401000008895,-80.785683
"506","05/30/2011","AQS",371190041,1,0.062,"ppm",74,"Garinger High School",17,100,44201,"Ozone",16740,"Charlotte-Concord-Gastonia, NC-SC",37,"North Carolina",119,"Mecklenburg",35.2401000008895,-80.785683
"507","05/31/2011","AQS",371190041,1,0.071,"ppm",101,"Garinger High School",17,100,44201,"Ozone",16740,"Charlotte-Concord-Gastonia, NC-SC",37,"North Carolina",119,"Mecklenburg",35.2401000008895,-80.785683
"508","06/01/2011","AQS",371190041,1,0.076,"ppm",119,"Garinger High School",17,100,44201,"Ozone",16740,"Charlotte-Concord-Gastonia, NC-SC",37,"North Carolina",119,"Mecklenburg",35.2401000008895,-80.785683
"509","06/02/2011","AQS",371190041,1,0.082,"ppm",140,"Garinger High School",17,100,44201,"Ozone",16740,"Charlotte-Concord-Gastonia, NC-SC",37,"North Carolina",119,"Mecklenburg",35.2401000008895,-80.785683
"510","06/03/2011","AQS",371190041,1,0.072,"ppm",105,"Garinger High School",17,100,44201,"Ozone",16740,"Charlotte-Concord-Gastonia, NC-SC",37,"North Carolina",119,"Mecklenburg",35.2401000008895,-80.785683
"511","06/04/2011","AQS",371190041,1,0.086,"ppm",151,"Garinger High School",17,100,44201,"Ozone",16740,"Charlotte-Concord-Gastonia, NC-SC",37,"North Carolina",119,"Mecklenburg",35.2401000008895,-80.785683
"512","06/05/2011","AQS",371190041,1,0.066,"ppm",87,"Garinger High School",17,100,44201,"Ozone",16740,"Charlotte-Concord-Gastonia, NC-SC",37,"North Carolina",119,"Mecklenburg",35.2401000008895,-80.785683
"513","06/06/2011","AQS",371190041,1,0.07,"ppm",100,"Garinger High School",17,100,44201,"Ozone",16740,"Charlotte-Concord-Gastonia, NC-SC",37,"North Carolina",119,"Mecklenburg",35.2401000008895,-80.785683
"514","06/07/2011","AQS",371190041,1,0.076,"ppm",119,"Garinger High School",17,100,44201,"Ozone",16740,"Charlotte-Concord-Gastonia, NC-SC",37,"North Carolina",119,"Mecklenburg",35.2401000008895,-80.785683
"515","06/08/2011","AQS",371190041,1,0.091,"ppm",164,"Garinger High School",17,100,44201,"Ozone",16740,"Charlotte-Concord-Gastonia, NC-SC",37,"North Carolina",119,"Mecklenburg",35.2401000008895,-80.785683
"516","06/09/2011","AQS",371190041,1,0.073,"ppm",108,"Garinger High School",17,100,44201,"Ozone",16740,"Charlotte-Concord-Gastonia, NC-SC",37,"North Carolina",119,"Mecklenburg",35.2401000008895,-80.785683
"517","06/10/2011","AQS",371190041,1,0.088,"ppm",156,"Garinger High School",17,100,44201,"Ozone",16740,"Charlotte-Concord-Gastonia, NC-SC",37,"North Carolina",119,"Mecklenburg",35.2401000008895,-80.785683
"518","06/11/2011","AQS",371190041,1,0.063,"ppm",77,"Garinger High School",14,82,44201,"Ozone",16740,"Charlotte-Concord-Gastonia, NC-SC",37,"North Carolina",119,"Mecklenburg",35.2401000008895,-80.785683
"519","06/12/2011","AQS",371190041,1,0.052,"ppm",48,"Garinger High School",17,100,44201,"Ozone",16740,"Charlotte-Concord-Gastonia, NC-SC",37,"North Carolina",119,"Mecklenburg",35.2401000008895,-80.785683
"520","06/13/2011","AQS",371190041,1,0.069,"ppm",97,"Garinger High School",17,100,44201,"Ozone",16740,"Charlotte-Concord-Gastonia, NC-SC",37,"North Carolina",119,"Mecklenburg",35.2401000008895,-80.785683
"521","06/14/2011","AQS",371190041,1,0.055,"ppm",51,"Garinger High School",17,100,44201,"Ozone",16740,"Charlotte-Concord-Gastonia, NC-SC",37,"North Carolina",119,"Mecklenburg",35.2401000008895,-80.785683
"522","06/15/2011","AQS",371190041,1,0.065,"ppm",84,"Garinger High School",17,100,44201,"Ozone",16740,"Charlotte-Concord-Gastonia, NC-SC",37,"North Carolina",119,"Mecklenburg",35.2401000008895,-80.785683
"523","06/16/2011","AQS",371190041,1,0.064,"ppm",80,"Garinger High School",17,100,44201,"Ozone",16740,"Charlotte-Concord-Gastonia, NC-SC",37,"North Carolina",119,"Mecklenburg",35.2401000008895,-80.785683
"524","06/17/2011","AQS",371190041,1,0.07,"ppm",100,"Garinger High School",17,100,44201,"Ozone",16740,"Charlotte-Concord-Gastonia, NC-SC",37,"North Carolina",119,"Mecklenburg",35.2401000008895,-80.785683
"525","06/18/2011","AQS",371190041,1,0.056,"ppm",54,"Garinger High School",17,100,44201,"Ozone",16740,"Charlotte-Concord-Gastonia, NC-SC",37,"North Carolina",119,"Mecklenburg",35.2401000008895,-80.785683
"526","06/19/2011","AQS",371190041,1,0.045,"ppm",42,"Garinger High School",17,100,44201,"Ozone",16740,"Charlotte-Concord-Gastonia, NC-SC",37,"North Carolina",119,"Mecklenburg",35.2401000008895,-80.785683
"527","06/20/2011","AQS",371190041,1,0.066,"ppm",87,"Garinger High School",17,100,44201,"Ozone",16740,"Charlotte-Concord-Gastonia, NC-SC",37,"North Carolina",119,"Mecklenburg",35.2401000008895,-80.785683
"528","06/21/2011","AQS",371190041,1,0.087,"ppm",154,"Garinger High School",17,100,44201,"Ozone",16740,"Charlotte-Concord-Gastonia, NC-SC",37,"North Carolina",119,"Mecklenburg",35.2401000008895,-80.785683
"529","06/22/2011","AQS",371190041,1,0.041,"ppm",38,"Garinger High School",17,100,44201,"Ozone",16740,"Charlotte-Concord-Gastonia, NC-SC",37,"North Carolina",119,"Mecklenburg",35.2401000008895,-80.785683
"530","06/23/2011","AQS",371190041,1,0.031,"ppm",29,"Garinger High School",17,100,44201,"Ozone",16740,"Charlotte-Concord-Gastonia, NC-SC",37,"North Carolina",119,"Mecklenburg",35.2401000008895,-80.785683
"531","06/24/2011","AQS",371190041,1,0.052,"ppm",48,"Garinger High School",17,100,44201,"Ozone",16740,"Charlotte-Concord-Gastonia, NC-SC",37,"North Carolina",119,"Mecklenburg",35.2401000008895,-80.785683
"532","06/25/2011","AQS",371190041,1,0.066,"ppm",87,"Garinger High School",17,100,44201,"Ozone",16740,"Charlotte-Concord-Gastonia, NC-SC",37,"North Carolina",119,"Mecklenburg",35.2401000008895,-80.785683
"533","06/26/2011","AQS",371190041,1,0.059,"ppm",64,"Garinger High School",17,100,44201,"Ozone",16740,"Charlotte-Concord-Gastonia, NC-SC",37,"North Carolina",119,"Mecklenburg",35.2401000008895,-80.785683
"534","06/27/2011","AQS",371190041,1,0.071,"ppm",101,"Garinger High School",17,100,44201,"Ozone",16740,"Charlotte-Concord-Gastonia, NC-SC",37,"North Carolina",119,"Mecklenburg",35.2401000008895,-80.785683
"535","06/28/2011","AQS",371190041,1,0.058,"ppm",61,"Garinger High School",15,88,44201,"Ozone",16740,"Charlotte-Concord-Gastonia, NC-SC",37,"North Carolina",119,"Mecklenburg",35.2401000008895,-80.785683
"536","06/29/2011","AQS",371190041,1,0.065,"ppm",84,"Garinger High School",17,100,44201,"Ozone",16740,"Charlotte-Concord-Gastonia, NC-SC",37,"North Carolina",119,"Mecklenburg",35.2401000008895,-80.785683
"537","06/30/2011","AQS",371190041,1,0.072,"ppm",105,"Garinger High School",17,100,44201,"Ozone",16740,"Charlotte-Concord-Gastonia, NC-SC",37,"North Carolina",119,"Mecklenburg",35.2401000008895,-80.785683
"538","07/01/2011","AQS",371190041,1,0.088,"ppm",156,"Garinger High School",17,100,44201,"Ozone",16740,"Charlotte-Concord-Gastonia, NC-SC",37,"North Carolina",119,"Mecklenburg",35.2401000008895,-80.785683
"539","07/02/2011","AQS",371190041,1,0.073,"ppm",108,"Garinger High School",17,100,44201,"Ozone",16740,"Charlotte-Concord-Gastonia, NC-SC",37,"North Carolina",119,"Mecklenburg",35.2401000008895,-80.785683
"540","07/03/2011","AQS",371190041,1,0.055,"ppm",51,"Garinger High School",17,100,44201,"Ozone",16740,"Charlotte-Concord-Gastonia, NC-SC",37,"North Carolina",119,"Mecklenburg",35.2401000008895,-80.785683
"541","07/04/2011","AQS",371190041,1,0.052,"ppm",48,"Garinger High School",17,100,44201,"Ozone",16740,"Charlotte-Concord-Gastonia, NC-SC",37,"North Carolina",119,"Mecklenburg",35.2401000008895,-80.785683
"542","07/05/2011","AQS",371190041,1,0.081,"ppm",136,"Garinger High School",17,100,44201,"Ozone",16740,"Charlotte-Concord-Gastonia, NC-SC",37,"North Carolina",119,"Mecklenburg",35.2401000008895,-80.785683
"543","07/06/2011","AQS",371190041,1,0.06,"ppm",67,"Garinger High School",17,100,44201,"Ozone",16740,"Charlotte-Concord-Gastonia, NC-SC",37,"North Carolina",119,"Mecklenburg",35.2401000008895,-80.785683
"544","07/07/2011","AQS",371190041,1,0.063,"ppm",77,"Garinger High School",17,100,44201,"Ozone",16740,"Charlotte-Concord-Gastonia, NC-SC",37,"North Carolina",119,"Mecklenburg",35.2401000008895,-80.785683
"545","07/08/2011","AQS",371190041,1,0.042,"ppm",39,"Garinger High School",17,100,44201,"Ozone",16740,"Charlotte-Concord-Gastonia, NC-SC",37,"North Carolina",119,"Mecklenburg",35.2401000008895,-80.785683
"546","07/09/2011","AQS",371190041,1,0.052,"ppm",48,"Garinger High School",17,100,44201,"Ozone",16740,"Charlotte-Concord-Gastonia, NC-SC",37,"North Carolina",119,"Mecklenburg",35.2401000008895,-80.785683
"547","07/10/2011","AQS",371190041,1,0.05,"ppm",46,"Garinger High School",17,100,44201,"Ozone",16740,"Charlotte-Concord-Gastonia, NC-SC",37,"North Carolina",119,"Mecklenburg",35.2401000008895,-80.785683
"548","07/11/2011","AQS",371190041,1,0.053,"ppm",49,"Garinger High School",17,100,44201,"Ozone",16740,"Charlotte-Concord-Gastonia, NC-SC",37,"North Carolina",119,"Mecklenburg",35.2401000008895,-80.785683
"549","07/12/2011","AQS",371190041,1,0.068,"ppm",93,"Garinger High School",17,100,44201,"Ozone",16740,"Charlotte-Concord-Gastonia, NC-SC",37,"North Carolina",119,"Mecklenburg",35.2401000008895,-80.785683
"550","07/13/2011","AQS",371190041,1,0.071,"ppm",101,"Garinger High School",17,100,44201,"Ozone",16740,"Charlotte-Concord-Gastonia, NC-SC",37,"North Carolina",119,"Mecklenburg",35.2401000008895,-80.785683
"551","07/14/2011","AQS",371190041,1,0.053,"ppm",49,"Garinger High School",17,100,44201,"Ozone",16740,"Charlotte-Concord-Gastonia, NC-SC",37,"North Carolina",119,"Mecklenburg",35.2401000008895,-80.785683
"552","07/15/2011","AQS",371190041,1,0.027,"ppm",25,"Garinger High School",17,100,44201,"Ozone",16740,"Charlotte-Concord-Gastonia, NC-SC",37,"North Carolina",119,"Mecklenburg",35.2401000008895,-80.785683
"553","07/16/2011","AQS",371190041,1,0.034,"ppm",31,"Garinger High School",17,100,44201,"Ozone",16740,"Charlotte-Concord-Gastonia, NC-SC",37,"North Carolina",119,"Mecklenburg",35.2401000008895,-80.785683
"554","07/17/2011","AQS",371190041,1,0.043,"ppm",40,"Garinger High School",17,100,44201,"Ozone",16740,"Charlotte-Concord-Gastonia, NC-SC",37,"North Carolina",119,"Mecklenburg",35.2401000008895,-80.785683
"555","07/18/2011","AQS",371190041,1,0.068,"ppm",93,"Garinger High School",17,100,44201,"Ozone",16740,"Charlotte-Concord-Gastonia, NC-SC",37,"North Carolina",119,"Mecklenburg",35.2401000008895,-80.785683
"556","07/19/2011","AQS",371190041,1,0.066,"ppm",87,"Garinger High School",17,100,44201,"Ozone",16740,"Charlotte-Concord-Gastonia, NC-SC",37,"North Carolina",119,"Mecklenburg",35.2401000008895,-80.785683
"557","07/20/2011","AQS",371190041,1,0.078,"ppm",126,"Garinger High School",17,100,44201,"Ozone",16740,"Charlotte-Concord-Gastonia, NC-SC",37,"North Carolina",119,"Mecklenburg",35.2401000008895,-80.785683
"558","07/21/2011","AQS",371190041,1,0.068,"ppm",93,"Garinger High School",17,100,44201,"Ozone",16740,"Charlotte-Concord-Gastonia, NC-SC",37,"North Carolina",119,"Mecklenburg",35.2401000008895,-80.785683
"559","07/22/2011","AQS",371190041,1,0.056,"ppm",54,"Garinger High School",17,100,44201,"Ozone",16740,"Charlotte-Concord-Gastonia, NC-SC",37,"North Carolina",119,"Mecklenburg",35.2401000008895,-80.785683
"560","07/23/2011","AQS",371190041,1,0.055,"ppm",51,"Garinger High School",17,100,44201,"Ozone",16740,"Charlotte-Concord-Gastonia, NC-SC",37,"North Carolina",119,"Mecklenburg",35.2401000008895,-80.785683
"561","07/24/2011","AQS",371190041,1,0.055,"ppm",51,"Garinger High School",17,100,44201,"Ozone",16740,"Charlotte-Concord-Gastonia, NC-SC",37,"North Carolina",119,"Mecklenburg",35.2401000008895,-80.785683
"562","07/25/2011","AQS",371190041,1,0.042,"ppm",39,"Garinger High School",17,100,44201,"Ozone",16740,"Charlotte-Concord-Gastonia, NC-SC",37,"North Carolina",119,"Mecklenburg",35.2401000008895,-80.785683
"563","07/26/2011","AQS",371190041,1,0.057,"ppm",58,"Garinger High School",17,100,44201,"Ozone",16740,"Charlotte-Concord-Gastonia, NC-SC",37,"North Carolina",119,"Mecklenburg",35.2401000008895,-80.785683
"564","07/27/2011","AQS",371190041,1,0.071,"ppm",101,"Garinger High School",17,100,44201,"Ozone",16740,"Charlotte-Concord-Gastonia, NC-SC",37,"North Carolina",119,"Mecklenburg",35.2401000008895,-80.785683
"565","07/28/2011","AQS",371190041,1,0.063,"ppm",77,"Garinger High School",17,100,44201,"Ozone",16740,"Charlotte-Concord-Gastonia, NC-SC",37,"North Carolina",119,"Mecklenburg",35.2401000008895,-80.785683
"566","07/29/2011","AQS",371190041,1,0.087,"ppm",154,"Garinger High School",17,100,44201,"Ozone",16740,"Charlotte-Concord-Gastonia, NC-SC",37,"North Carolina",119,"Mecklenburg",35.2401000008895,-80.785683
"567","07/30/2011","AQS",371190041,1,0.06,"ppm",67,"Garinger High School",17,100,44201,"Ozone",16740,"Charlotte-Concord-Gastonia, NC-SC",37,"North Carolina",119,"Mecklenburg",35.2401000008895,-80.785683
"568","07/31/2011","AQS",371190041,1,0.048,"ppm",44,"Garinger High School",17,100,44201,"Ozone",16740,"Charlotte-Concord-Gastonia, NC-SC",37,"North Carolina",119,"Mecklenburg",35.2401000008895,-80.785683
"569","08/01/2011","AQS",371190041,1,0.061,"ppm",71,"Garinger High School",17,100,44201,"Ozone",16740,"Charlotte-Concord-Gastonia, NC-SC",37,"North Carolina",119,"Mecklenburg",35.2401000008895,-80.785683
"570","08/02/2011","AQS",371190041,1,0.07,"ppm",100,"Garinger High School",17,100,44201,"Ozone",16740,"Charlotte-Concord-Gastonia, NC-SC",37,"North Carolina",119,"Mecklenburg",35.2401000008895,-80.785683
"571","08/03/2011","AQS",371190041,1,0.074,"ppm",112,"Garinger High School",17,100,44201,"Ozone",16740,"Charlotte-Concord-Gastonia, NC-SC",37,"North Carolina",119,"Mecklenburg",35.2401000008895,-80.785683
"572","08/04/2011","AQS",371190041,1,0.068,"ppm",93,"Garinger High School",17,100,44201,"Ozone",16740,"Charlotte-Concord-Gastonia, NC-SC",37,"North Carolina",119,"Mecklenburg",35.2401000008895,-80.785683
"573","08/05/2011","AQS",371190041,1,0.043,"ppm",40,"Garinger High School",17,100,44201,"Ozone",16740,"Charlotte-Concord-Gastonia, NC-SC",37,"North Carolina",119,"Mecklenburg",35.2401000008895,-80.785683
"574","08/06/2011","AQS",371190041,1,0.061,"ppm",71,"Garinger High School",17,100,44201,"Ozone",16740,"Charlotte-Concord-Gastonia, NC-SC",37,"North Carolina",119,"Mecklenburg",35.2401000008895,-80.785683
"575","08/07/2011","AQS",371190041,1,0.054,"ppm",50,"Garinger High School",17,100,44201,"Ozone",16740,"Charlotte-Concord-Gastonia, NC-SC",37,"North Carolina",119,"Mecklenburg",35.2401000008895,-80.785683
"576","08/08/2011","AQS",371190041,1,0.062,"ppm",74,"Garinger High School",17,100,44201,"Ozone",16740,"Charlotte-Concord-Gastonia, NC-SC",37,"North Carolina",119,"Mecklenburg",35.2401000008895,-80.785683
"577","08/09/2011","AQS",371190041,1,0.056,"ppm",54,"Garinger High School",17,100,44201,"Ozone",16740,"Charlotte-Concord-Gastonia, NC-SC",37,"North Carolina",119,"Mecklenburg",35.2401000008895,-80.785683
"578","08/10/2011","AQS",371190041,1,0.07,"ppm",100,"Garinger High School",17,100,44201,"Ozone",16740,"Charlotte-Concord-Gastonia, NC-SC",37,"North Carolina",119,"Mecklenburg",35.2401000008895,-80.785683
"579","08/11/2011","AQS",371190041,1,0.052,"ppm",48,"Garinger High School",17,100,44201,"Ozone",16740,"Charlotte-Concord-Gastonia, NC-SC",37,"North Carolina",119,"Mecklenburg",35.2401000008895,-80.785683
"580","08/12/2011","AQS",371190041,1,0.056,"ppm",54,"Garinger High School",17,100,44201,"Ozone",16740,"Charlotte-Concord-Gastonia, NC-SC",37,"North Carolina",119,"Mecklenburg",35.2401000008895,-80.785683
"581","08/13/2011","AQS",371190041,1,0.044,"ppm",41,"Garinger High School",17,100,44201,"Ozone",16740,"Charlotte-Concord-Gastonia, NC-SC",37,"North Carolina",119,"Mecklenburg",35.2401000008895,-80.785683
"582","08/14/2011","AQS",371190041,1,0.047,"ppm",44,"Garinger High School",17,100,44201,"Ozone",16740,"Charlotte-Concord-Gastonia, NC-SC",37,"North Carolina",119,"Mecklenburg",35.2401000008895,-80.785683
"583","08/15/2011","AQS",371190041,1,0.053,"ppm",49,"Garinger High School",17,100,44201,"Ozone",16740,"Charlotte-Concord-Gastonia, NC-SC",37,"North Carolina",119,"Mecklenburg",35.2401000008895,-80.785683
"584","08/16/2011","AQS",371190041,1,0.065,"ppm",84,"Garinger High School",17,100,44201,"Ozone",16740,"Charlotte-Concord-Gastonia, NC-SC",37,"North Carolina",119,"Mecklenburg",35.2401000008895,-80.785683
"585","08/17/2011","AQS",371190041,1,0.061,"ppm",71,"Garinger High School",17,100,44201,"Ozone",16740,"Charlotte-Concord-Gastonia, NC-SC",37,"North Carolina",119,"Mecklenburg",35.2401000008895,-80.785683
"586","08/18/2011","AQS",371190041,1,0.064,"ppm",80,"Garinger High School",17,100,44201,"Ozone",16740,"Charlotte-Concord-Gastonia, NC-SC",37,"North Carolina",119,"Mecklenburg",35.2401000008895,-80.785683
"587","08/19/2011","AQS",371190041,1,0.075,"ppm",115,"Garinger High School",17,100,44201,"Ozone",16740,"Charlotte-Concord-Gastonia, NC-SC",37,"North Carolina",119,"Mecklenburg",35.2401000008895,-80.785683
"588","08/20/2011","AQS",371190041,1,0.056,"ppm",54,"Garinger High School",17,100,44201,"Ozone",16740,"Charlotte-Concord-Gastonia, NC-SC",37,"North Carolina",119,"Mecklenburg",35.2401000008895,-80.785683
"589","08/21/2011","AQS",371190041,1,0.052,"ppm",48,"Garinger High School",17,100,44201,"Ozone",16740,"Charlotte-Concord-Gastonia, NC-SC",37,"North Carolina",119,"Mecklenburg",35.2401000008895,-80.785683
"590","08/22/2011","AQS",371190041,1,0.051,"ppm",47,"Garinger High School",17,100,44201,"Ozone",16740,"Charlotte-Concord-Gastonia, NC-SC",37,"North Carolina",119,"Mecklenburg",35.2401000008895,-80.785683
"591","08/23/2011","AQS",371190041,1,0.053,"ppm",49,"Garinger High School",17,100,44201,"Ozone",16740,"Charlotte-Concord-Gastonia, NC-SC",37,"North Carolina",119,"Mecklenburg",35.2401000008895,-80.785683
"592","08/24/2011","AQS",371190041,1,0.059,"ppm",64,"Garinger High School",17,100,44201,"Ozone",16740,"Charlotte-Concord-Gastonia, NC-SC",37,"North Carolina",119,"Mecklenburg",35.2401000008895,-80.785683
"593","08/25/2011","AQS",371190041,1,0.052,"ppm",48,"Garinger High School",17,100,44201,"Ozone",16740,"Charlotte-Concord-Gastonia, NC-SC",37,"North Carolina",119,"Mecklenburg",35.2401000008895,-80.785683
"594","08/26/2011","AQS",371190041,1,0.026,"ppm",24,"Garinger High School",17,100,44201,"Ozone",16740,"Charlotte-Concord-Gastonia, NC-SC",37,"North Carolina",119,"Mecklenburg",35.2401000008895,-80.785683
"595","08/27/2011","AQS",371190041,1,0.045,"ppm",42,"Garinger High School",17,100,44201,"Ozone",16740,"Charlotte-Concord-Gastonia, NC-SC",37,"North Carolina",119,"Mecklenburg",35.2401000008895,-80.785683
"596","08/28/2011","AQS",371190041,1,0.057,"ppm",58,"Garinger High School",17,100,44201,"Ozone",16740,"Charlotte-Concord-Gastonia, NC-SC",37,"North Carolina",119,"Mecklenburg",35.2401000008895,-80.785683
"597","08/29/2011","AQS",371190041,1,0.061,"ppm",71,"Garinger High School",17,100,44201,"Ozone",16740,"Charlotte-Concord-Gastonia, NC-SC",37,"North Carolina",119,"Mecklenburg",35.2401000008895,-80.785683
"598","08/30/2011","AQS",371190041,1,0.054,"ppm",50,"Garinger High School",17,100,44201,"Ozone",16740,"Charlotte-Concord-Gastonia, NC-SC",37,"North Carolina",119,"Mecklenburg",35.2401000008895,-80.785683
"599","08/31/2011","AQS",371190041,1,0.058,"ppm",61,"Garinger High School",17,100,44201,"Ozone",16740,"Charlotte-Concord-Gastonia, NC-SC",37,"North Carolina",119,"Mecklenburg",35.2401000008895,-80.785683
"600","09/01/2011","AQS",371190041,1,0.084,"ppm",147,"Garinger High School",17,100,44201,"Ozone",16740,"Charlotte-Concord-Gastonia, NC-SC",37,"North Carolina",119,"Mecklenburg",35.2401000008895,-80.785683
"601","09/02/2011","AQS",371190041,1,0.093,"ppm",169,"Garinger High School",6,35,44201,"Ozone",16740,"Charlotte-Concord-Gastonia, NC-SC",37,"North Carolina",119,"Mecklenburg",35.2401000008895,-80.785683
"602","09/03/2011","AQS",371190041,1,0.055,"ppm",51,"Garinger High School",17,100,44201,"Ozone",16740,"Charlotte-Concord-Gastonia, NC-SC",37,"North Carolina",119,"Mecklenburg",35.2401000008895,-80.785683
"603","09/04/2011","AQS",371190041,1,0.051,"ppm",47,"Garinger High School",17,100,44201,"Ozone",16740,"Charlotte-Concord-Gastonia, NC-SC",37,"North Carolina",119,"Mecklenburg",35.2401000008895,-80.785683
"604","09/05/2011","AQS",371190041,1,0.026,"ppm",24,"Garinger High School",17,100,44201,"Ozone",16740,"Charlotte-Concord-Gastonia, NC-SC",37,"North Carolina",119,"Mecklenburg",35.2401000008895,-80.785683
"605","09/06/2011","AQS",371190041,1,0.04,"ppm",37,"Garinger High School",17,100,44201,"Ozone",16740,"Charlotte-Concord-Gastonia, NC-SC",37,"North Carolina",119,"Mecklenburg",35.2401000008895,-80.785683
"606","09/07/2011","AQS",371190041,1,0.035,"ppm",32,"Garinger High School",17,100,44201,"Ozone",16740,"Charlotte-Concord-Gastonia, NC-SC",37,"North Carolina",119,"Mecklenburg",35.2401000008895,-80.785683
"607","09/08/2011","AQS",371190041,1,0.047,"ppm",44,"Garinger High School",17,100,44201,"Ozone",16740,"Charlotte-Concord-Gastonia, NC-SC",37,"North Carolina",119,"Mecklenburg",35.2401000008895,-80.785683
"608","09/09/2011","AQS",371190041,1,0.053,"ppm",49,"Garinger High School",17,100,44201,"Ozone",16740,"Charlotte-Concord-Gastonia, NC-SC",37,"North Carolina",119,"Mecklenburg",35.2401000008895,-80.785683
"609","09/10/2011","AQS",371190041,1,0.057,"ppm",58,"Garinger High School",17,100,44201,"Ozone",16740,"Charlotte-Concord-Gastonia, NC-SC",37,"North Carolina",119,"Mecklenburg",35.2401000008895,-80.785683
"610","09/11/2011","AQS",371190041,1,0.058,"ppm",61,"Garinger High School",17,100,44201,"Ozone",16740,"Charlotte-Concord-Gastonia, NC-SC",37,"North Carolina",119,"Mecklenburg",35.2401000008895,-80.785683
"611","09/12/2011","AQS",371190041,1,0.062,"ppm",74,"Garinger High School",17,100,44201,"Ozone",16740,"Charlotte-Concord-Gastonia, NC-SC",37,"North Carolina",119,"Mecklenburg",35.2401000008895,-80.785683
"612","09/13/2011","AQS",371190041,1,0.069,"ppm",97,"Garinger High School",17,100,44201,"Ozone",16740,"Charlotte-Concord-Gastonia, NC-SC",37,"North Carolina",119,"Mecklenburg",35.2401000008895,-80.785683
"613","09/14/2011","AQS",371190041,1,0.077,"ppm",122,"Garinger High School",17,100,44201,"Ozone",16740,"Charlotte-Concord-Gastonia, NC-SC",37,"North Carolina",119,"Mecklenburg",35.2401000008895,-80.785683
"614","09/15/2011","AQS",371190041,1,0.058,"ppm",61,"Garinger High School",17,100,44201,"Ozone",16740,"Charlotte-Concord-Gastonia, NC-SC",37,"North Carolina",119,"Mecklenburg",35.2401000008895,-80.785683
"615","09/16/2011","AQS",371190041,1,0.024,"ppm",22,"Garinger High School",17,100,44201,"Ozone",16740,"Charlotte-Concord-Gastonia, NC-SC",37,"North Carolina",119,"Mecklenburg",35.2401000008895,-80.785683
"616","09/17/2011","AQS",371190041,1,0.023,"ppm",21,"Garinger High School",17,100,44201,"Ozone",16740,"Charlotte-Concord-Gastonia, NC-SC",37,"North Carolina",119,"Mecklenburg",35.2401000008895,-80.785683
"617","09/18/2011","AQS",371190041,1,0.033,"ppm",31,"Garinger High School",17,100,44201,"Ozone",16740,"Charlotte-Concord-Gastonia, NC-SC",37,"North Carolina",119,"Mecklenburg",35.2401000008895,-80.785683
"618","09/19/2011","AQS",371190041,1,0.031,"ppm",29,"Garinger High School",17,100,44201,"Ozone",16740,"Charlotte-Concord-Gastonia, NC-SC",37,"North Carolina",119,"Mecklenburg",35.2401000008895,-80.785683
"619","09/20/2011","AQS",371190041,1,0.032,"ppm",30,"Garinger High School",16,94,44201,"Ozone",16740,"Charlotte-Concord-Gastonia, NC-SC",37,"North Carolina",119,"Mecklenburg",35.2401000008895,-80.785683
"620","09/21/2011","AQS",371190041,1,0.022,"ppm",20,"Garinger High School",17,100,44201,"Ozone",16740,"Charlotte-Concord-Gastonia, NC-SC",37,"North Carolina",119,"Mecklenburg",35.2401000008895,-80.785683
"621","09/22/2011","AQS",371190041,1,0.023,"ppm",21,"Garinger High School",17,100,44201,"Ozone",16740,"Charlotte-Concord-Gastonia, NC-SC",37,"North Carolina",119,"Mecklenburg",35.2401000008895,-80.785683
"622","09/23/2011","AQS",371190041,1,0.037,"ppm",34,"Garinger High School",17,100,44201,"Ozone",16740,"Charlotte-Concord-Gastonia, NC-SC",37,"North Carolina",119,"Mecklenburg",35.2401000008895,-80.785683
"623","09/24/2011","AQS",371190041,1,0.027,"ppm",25,"Garinger High School",17,100,44201,"Ozone",16740,"Charlotte-Concord-Gastonia, NC-SC",37,"North Carolina",119,"Mecklenburg",35.2401000008895,-80.785683
"624","09/26/2011","AQS",371190041,1,0.025,"ppm",23,"Garinger High School",17,100,44201,"Ozone",16740,"Charlotte-Concord-Gastonia, NC-SC",37,"North Carolina",119,"Mecklenburg",35.2401000008895,-80.785683
"625","09/27/2011","AQS",371190041,1,0.041,"ppm",38,"Garinger High School",17,100,44201,"Ozone",16740,"Charlotte-Concord-Gastonia, NC-SC",37,"North Carolina",119,"Mecklenburg",35.2401000008895,-80.785683
"626","09/28/2011","AQS",371190041,1,0.046,"ppm",43,"Garinger High School",17,100,44201,"Ozone",16740,"Charlotte-Concord-Gastonia, NC-SC",37,"North Carolina",119,"Mecklenburg",35.2401000008895,-80.785683
"627","09/29/2011","AQS",371190041,1,0.045,"ppm",42,"Garinger High School",17,100,44201,"Ozone",16740,"Charlotte-Concord-Gastonia, NC-SC",37,"North Carolina",119,"Mecklenburg",35.2401000008895,-80.785683
"628","09/30/2011","AQS",371190041,1,0.044,"ppm",41,"Garinger High School",17,100,44201,"Ozone",16740,"Charlotte-Concord-Gastonia, NC-SC",37,"North Carolina",119,"Mecklenburg",35.2401000008895,-80.785683
"629","10/01/2011","AQS",371190041,1,0.03,"ppm",28,"Garinger High School",17,100,44201,"Ozone",16740,"Charlotte-Concord-Gastonia, NC-SC",37,"North Carolina",119,"Mecklenburg",35.2401000008895,-80.785683
"630","10/02/2011","AQS",371190041,1,0.037,"ppm",34,"Garinger High School",17,100,44201,"Ozone",16740,"Charlotte-Concord-Gastonia, NC-SC",37,"North Carolina",119,"Mecklenburg",35.2401000008895,-80.785683
"631","10/03/2011","AQS",371190041,1,0.037,"ppm",34,"Garinger High School",17,100,44201,"Ozone",16740,"Charlotte-Concord-Gastonia, NC-SC",37,"North Carolina",119,"Mecklenburg",35.2401000008895,-80.785683
"632","10/04/2011","AQS",371190041,1,0.045,"ppm",42,"Garinger High School",17,100,44201,"Ozone",16740,"Charlotte-Concord-Gastonia, NC-SC",37,"North Carolina",119,"Mecklenburg",35.2401000008895,-80.785683
"633","10/05/2011","AQS",371190041,1,0.044,"ppm",41,"Garinger High School",17,100,44201,"Ozone",16740,"Charlotte-Concord-Gastonia, NC-SC",37,"North Carolina",119,"Mecklenburg",35.2401000008895,-80.785683
"634","10/06/2011","AQS",371190041,1,0.044,"ppm",41,"Garinger High School",17,100,44201,"Ozone",16740,"Charlotte-Concord-Gastonia, NC-SC",37,"North Carolina",119,"Mecklenburg",35.2401000008895,-80.785683
"635","10/07/2011","AQS",371190041,1,0.046,"ppm",43,"Garinger High School",17,100,44201,"Ozone",16740,"Charlotte-Concord-Gastonia, NC-SC",37,"North Carolina",119,"Mecklenburg",35.2401000008895,-80.785683
"636","10/08/2011","AQS",371190041,1,0.049,"ppm",45,"Garinger High School",17,100,44201,"Ozone",16740,"Charlotte-Concord-Gastonia, NC-SC",37,"North Carolina",119,"Mecklenburg",35.2401000008895,-80.785683
"637","10/09/2011","AQS",371190041,1,0.038,"ppm",35,"Garinger High School",17,100,44201,"Ozone",16740,"Charlotte-Concord-Gastonia, NC-SC",37,"North Carolina",119,"Mecklenburg",35.2401000008895,-80.785683
"638","10/10/2011","AQS",371190041,1,0.043,"ppm",40,"Garinger High School",17,100,44201,"Ozone",16740,"Charlotte-Concord-Gastonia, NC-SC",37,"North Carolina",119,"Mecklenburg",35.2401000008895,-80.785683
"639","10/11/2011","AQS",371190041,1,0.04,"ppm",37,"Garinger High School",17,100,44201,"Ozone",16740,"Charlotte-Concord-Gastonia, NC-SC",37,"North Carolina",119,"Mecklenburg",35.2401000008895,-80.785683
"640","10/12/2011","AQS",371190041,1,0.023,"ppm",21,"Garinger High School",17,100,44201,"Ozone",16740,"Charlotte-Concord-Gastonia, NC-SC",37,"North Carolina",119,"Mecklenburg",35.2401000008895,-80.785683
"641","10/13/2011","AQS",371190041,1,0.027,"ppm",25,"Garinger High School",17,100,44201,"Ozone",16740,"Charlotte-Concord-Gastonia, NC-SC",37,"North Carolina",119,"Mecklenburg",35.2401000008895,-80.785683
"642","10/14/2011","AQS",371190041,1,0.039,"ppm",36,"Garinger High School",17,100,44201,"Ozone",16740,"Charlotte-Concord-Gastonia, NC-SC",37,"North Carolina",119,"Mecklenburg",35.2401000008895,-80.785683
"643","10/15/2011","AQS",371190041,1,0.044,"ppm",41,"Garinger High School",17,100,44201,"Ozone",16740,"Charlotte-Concord-Gastonia, NC-SC",37,"North Carolina",119,"Mecklenburg",35.2401000008895,-80.785683
"644","10/16/2011","AQS",371190041,1,0.041,"ppm",38,"Garinger High School",17,100,44201,"Ozone",16740,"Charlotte-Concord-Gastonia, NC-SC",37,"North Carolina",119,"Mecklenburg",35.2401000008895,-80.785683
"645","10/17/2011","AQS",371190041,1,0.052,"ppm",48,"Garinger High School",17,100,44201,"Ozone",16740,"Charlotte-Concord-Gastonia, NC-SC",37,"North Carolina",119,"Mecklenburg",35.2401000008895,-80.785683
"646","10/18/2011","AQS",371190041,1,0.045,"ppm",42,"Garinger High School",17,100,44201,"Ozone",16740,"Charlotte-Concord-Gastonia, NC-SC",37,"North Carolina",119,"Mecklenburg",35.2401000008895,-80.785683
"647","10/19/2011","AQS",371190041,1,0.023,"ppm",21,"Garinger High School",17,100,44201,"Ozone",16740,"Charlotte-Concord-Gastonia, NC-SC",37,"North Carolina",119,"Mecklenburg",35.2401000008895,-80.785683
"648","10/20/2011","AQS",371190041,1,0.022,"ppm",20,"Garinger High School",17,100,44201,"Ozone",16740,"Charlotte-Concord-Gastonia, NC-SC",37,"North Carolina",119,"Mecklenburg",35.2401000008895,-80.785683
"649","10/21/2011","AQS",371190041,1,0.027,"ppm",25,"Garinger High School",17,100,44201,"Ozone",16740,"Charlotte-Concord-Gastonia, NC-SC",37,"North Carolina",119,"Mecklenburg",35.2401000008895,-80.785683
"650","10/22/2011","AQS",371190041,1,0.035,"ppm",32,"Garinger High School",17,100,44201,"Ozone",16740,"Charlotte-Concord-Gastonia, NC-SC",37,"North Carolina",119,"Mecklenburg",35.2401000008895,-80.785683
"651","10/23/2011","AQS",371190041,1,0.044,"ppm",41,"Garinger High School",17,100,44201,"Ozone",16740,"Charlotte-Concord-Gastonia, NC-SC",37,"North Carolina",119,"Mecklenburg",35.2401000008895,-80.785683
"652","10/24/2011","AQS",371190041,1,0.039,"ppm",36,"Garinger High School",17,100,44201,"Ozone",16740,"Charlotte-Concord-Gastonia, NC-SC",37,"North Carolina",119,"Mecklenburg",35.2401000008895,-80.785683
"653","10/25/2011","AQS",371190041,1,0.047,"ppm",44,"Garinger High School",17,100,44201,"Ozone",16740,"Charlotte-Concord-Gastonia, NC-SC",37,"North Carolina",119,"Mecklenburg",35.2401000008895,-80.785683
"654","10/26/2011","AQS",371190041,1,0.05,"ppm",46,"Garinger High School",17,100,44201,"Ozone",16740,"Charlotte-Concord-Gastonia, NC-SC",37,"North Carolina",119,"Mecklenburg",35.2401000008895,-80.785683
"655","10/27/2011","AQS",371190041,1,0.052,"ppm",48,"Garinger High School",17,100,44201,"Ozone",16740,"Charlotte-Concord-Gastonia, NC-SC",37,"North Carolina",119,"Mecklenburg",35.2401000008895,-80.785683
"656","10/28/2011","AQS",371190041,1,0.023,"ppm",21,"Garinger High School",17,100,44201,"Ozone",16740,"Charlotte-Concord-Gastonia, NC-SC",37,"North Carolina",119,"Mecklenburg",35.2401000008895,-80.785683
"657","10/29/2011","AQS",371190041,1,0.032,"ppm",30,"Garinger High School",17,100,44201,"Ozone",16740,"Charlotte-Concord-Gastonia, NC-SC",37,"North Carolina",119,"Mecklenburg",35.2401000008895,-80.785683
"658","10/30/2011","AQS",371190041,1,0.039,"ppm",36,"Garinger High School",17,100,44201,"Ozone",16740,"Charlotte-Concord-Gastonia, NC-SC",37,"North Carolina",119,"Mecklenburg",35.2401000008895,-80.785683
"659","10/31/2011","AQS",371190041,1,0.034,"ppm",31,"Garinger High School",17,100,44201,"Ozone",16740,"Charlotte-Concord-Gastonia, NC-SC",37,"North Carolina",119,"Mecklenburg",35.2401000008895,-80.785683
"660","11/01/2011","AQS",371190041,1,0.04,"ppm",37,"Garinger High School",17,100,44201,"Ozone",16740,"Charlotte-Concord-Gastonia, NC-SC",37,"North Carolina",119,"Mecklenburg",35.2401000008895,-80.785683
"661","11/02/2011","AQS",371190041,1,0.042,"ppm",39,"Garinger High School",17,100,44201,"Ozone",16740,"Charlotte-Concord-Gastonia, NC-SC",37,"North Carolina",119,"Mecklenburg",35.2401000008895,-80.785683
"662","11/03/2011","AQS",371190041,1,0.044,"ppm",41,"Garinger High School",17,100,44201,"Ozone",16740,"Charlotte-Concord-Gastonia, NC-SC",37,"North Carolina",119,"Mecklenburg",35.2401000008895,-80.785683
"663","11/04/2011","AQS",371190041,1,0.036,"ppm",33,"Garinger High School",17,100,44201,"Ozone",16740,"Charlotte-Concord-Gastonia, NC-SC",37,"North Carolina",119,"Mecklenburg",35.2401000008895,-80.785683
"664","11/05/2011","AQS",371190041,1,0.034,"ppm",31,"Garinger High School",17,100,44201,"Ozone",16740,"Charlotte-Concord-Gastonia, NC-SC",37,"North Carolina",119,"Mecklenburg",35.2401000008895,-80.785683
"665","11/06/2011","AQS",371190041,1,0.032,"ppm",30,"Garinger High School",17,100,44201,"Ozone",16740,"Charlotte-Concord-Gastonia, NC-SC",37,"North Carolina",119,"Mecklenburg",35.2401000008895,-80.785683
"666","11/07/2011","AQS",371190041,1,0.034,"ppm",31,"Garinger High School",17,100,44201,"Ozone",16740,"Charlotte-Concord-Gastonia, NC-SC",37,"North Carolina",119,"Mecklenburg",35.2401000008895,-80.785683
"667","11/08/2011","AQS",371190041,1,0.04,"ppm",37,"Garinger High School",17,100,44201,"Ozone",16740,"Charlotte-Concord-Gastonia, NC-SC",37,"North Carolina",119,"Mecklenburg",35.2401000008895,-80.785683
"668","11/09/2011","AQS",371190041,1,0.043,"ppm",40,"Garinger High School",17,100,44201,"Ozone",16740,"Charlotte-Concord-Gastonia, NC-SC",37,"North Carolina",119,"Mecklenburg",35.2401000008895,-80.785683
"669","11/10/2011","AQS",371190041,1,0.024,"ppm",22,"Garinger High School",17,100,44201,"Ozone",16740,"Charlotte-Concord-Gastonia, NC-SC",37,"North Carolina",119,"Mecklenburg",35.2401000008895,-80.785683
"670","11/11/2011","AQS",371190041,1,0.035,"ppm",32,"Garinger High School",17,100,44201,"Ozone",16740,"Charlotte-Concord-Gastonia, NC-SC",37,"North Carolina",119,"Mecklenburg",35.2401000008895,-80.785683
"671","11/12/2011","AQS",371190041,1,0.042,"ppm",39,"Garinger High School",17,100,44201,"Ozone",16740,"Charlotte-Concord-Gastonia, NC-SC",37,"North Carolina",119,"Mecklenburg",35.2401000008895,-80.785683
"672","11/13/2011","AQS",371190041,1,0.037,"ppm",34,"Garinger High School",17,100,44201,"Ozone",16740,"Charlotte-Concord-Gastonia, NC-SC",37,"North Carolina",119,"Mecklenburg",35.2401000008895,-80.785683
"673","11/14/2011","AQS",371190041,1,0.037,"ppm",34,"Garinger High School",17,100,44201,"Ozone",16740,"Charlotte-Concord-Gastonia, NC-SC",37,"North Carolina",119,"Mecklenburg",35.2401000008895,-80.785683
"674","11/15/2011","AQS",371190041,1,0.031,"ppm",29,"Garinger High School",17,100,44201,"Ozone",16740,"Charlotte-Concord-Gastonia, NC-SC",37,"North Carolina",119,"Mecklenburg",35.2401000008895,-80.785683
"675","11/16/2011","AQS",371190041,1,0.023,"ppm",21,"Garinger High School",17,100,44201,"Ozone",16740,"Charlotte-Concord-Gastonia, NC-SC",37,"North Carolina",119,"Mecklenburg",35.2401000008895,-80.785683
"676","11/17/2011","AQS",371190041,1,0.028,"ppm",26,"Garinger High School",17,100,44201,"Ozone",16740,"Charlotte-Concord-Gastonia, NC-SC",37,"North Carolina",119,"Mecklenburg",35.2401000008895,-80.785683
"677","11/18/2011","AQS",371190041,1,0.032,"ppm",30,"Garinger High School",17,100,44201,"Ozone",16740,"Charlotte-Concord-Gastonia, NC-SC",37,"North Carolina",119,"Mecklenburg",35.2401000008895,-80.785683
"678","11/19/2011","AQS",371190041,1,0.03,"ppm",28,"Garinger High School",17,100,44201,"Ozone",16740,"Charlotte-Concord-Gastonia, NC-SC",37,"North Carolina",119,"Mecklenburg",35.2401000008895,-80.785683
"679","11/20/2011","AQS",371190041,1,0.032,"ppm",30,"Garinger High School",17,100,44201,"Ozone",16740,"Charlotte-Concord-Gastonia, NC-SC",37,"North Carolina",119,"Mecklenburg",35.2401000008895,-80.785683
"680","11/21/2011","AQS",371190041,1,0.024,"ppm",22,"Garinger High School",17,100,44201,"Ozone",16740,"Charlotte-Concord-Gastonia, NC-SC",37,"North Carolina",119,"Mecklenburg",35.2401000008895,-80.785683
"681","11/22/2011","AQS",371190041,1,0.032,"ppm",30,"Garinger High School",17,100,44201,"Ozone",16740,"Charlotte-Concord-Gastonia, NC-SC",37,"North Carolina",119,"Mecklenburg",35.2401000008895,-80.785683
"682","11/23/2011","AQS",371190041,1,0.029,"ppm",27,"Garinger High School",17,100,44201,"Ozone",16740,"Charlotte-Concord-Gastonia, NC-SC",37,"North Carolina",119,"Mecklenburg",35.2401000008895,-80.785683
"683","11/24/2011","AQS",371190041,1,0.04,"ppm",37,"Garinger High School",17,100,44201,"Ozone",16740,"Charlotte-Concord-Gastonia, NC-SC",37,"North Carolina",119,"Mecklenburg",35.2401000008895,-80.785683
"684","11/25/2011","AQS",371190041,1,0.037,"ppm",34,"Garinger High School",17,100,44201,"Ozone",16740,"Charlotte-Concord-Gastonia, NC-SC",37,"North Carolina",119,"Mecklenburg",35.2401000008895,-80.785683
"685","11/26/2011","AQS",371190041,1,0.037,"ppm",34,"Garinger High School",17,100,44201,"Ozone",16740,"Charlotte-Concord-Gastonia, NC-SC",37,"North Carolina",119,"Mecklenburg",35.2401000008895,-80.785683
"686","11/27/2011","AQS",371190041,1,0.038,"ppm",35,"Garinger High School",17,100,44201,"Ozone",16740,"Charlotte-Concord-Gastonia, NC-SC",37,"North Carolina",119,"Mecklenburg",35.2401000008895,-80.785683
"687","11/28/2011","AQS",371190041,1,0.034,"ppm",31,"Garinger High School",17,100,44201,"Ozone",16740,"Charlotte-Concord-Gastonia, NC-SC",37,"North Carolina",119,"Mecklenburg",35.2401000008895,-80.785683
"688","11/29/2011","AQS",371190041,1,0.015,"ppm",14,"Garinger High School",17,100,44201,"Ozone",16740,"Charlotte-Concord-Gastonia, NC-SC",37,"North Carolina",119,"Mecklenburg",35.2401000008895,-80.785683
"689","11/30/2011","AQS",371190041,1,0.026,"ppm",24,"Garinger High School",17,100,44201,"Ozone",16740,"Charlotte-Concord-Gastonia, NC-SC",37,"North Carolina",119,"Mecklenburg",35.2401000008895,-80.785683
"690","12/01/2011","AQS",371190041,1,0.023,"ppm",21,"Garinger High School",17,100,44201,"Ozone",16740,"Charlotte-Concord-Gastonia, NC-SC",37,"North Carolina",119,"Mecklenburg",35.2401000008895,-80.785683
"691","12/02/2011","AQS",371190041,1,0.027,"ppm",25,"Garinger High School",17,100,44201,"Ozone",16740,"Charlotte-Concord-Gastonia, NC-SC",37,"North Carolina",119,"Mecklenburg",35.2401000008895,-80.785683
"692","12/03/2011","AQS",371190041,1,0.027,"ppm",25,"Garinger High School",17,100,44201,"Ozone",16740,"Charlotte-Concord-Gastonia, NC-SC",37,"North Carolina",119,"Mecklenburg",35.2401000008895,-80.785683
"693","12/04/2011","AQS",371190041,1,0.029,"ppm",27,"Garinger High School",17,100,44201,"Ozone",16740,"Charlotte-Concord-Gastonia, NC-SC",37,"North Carolina",119,"Mecklenburg",35.2401000008895,-80.785683
"694","12/05/2011","AQS",371190041,1,0.02,"ppm",19,"Garinger High School",17,100,44201,"Ozone",16740,"Charlotte-Concord-Gastonia, NC-SC",37,"North Carolina",119,"Mecklenburg",35.2401000008895,-80.785683
"695","12/06/2011","AQS",371190041,1,0.03,"ppm",28,"Garinger High School",17,100,44201,"Ozone",16740,"Charlotte-Concord-Gastonia, NC-SC",37,"North Carolina",119,"Mecklenburg",35.2401000008895,-80.785683
"696","12/07/2011","AQS",371190041,1,0.025,"ppm",23,"Garinger High School",14,82,44201,"Ozone",16740,"Charlotte-Concord-Gastonia, NC-SC",37,"North Carolina",119,"Mecklenburg",35.2401000008895,-80.785683
"697","12/08/2011","AQS",371190041,1,0.027,"ppm",25,"Garinger High School",17,100,44201,"Ozone",16740,"Charlotte-Concord-Gastonia, NC-SC",37,"North Carolina",119,"Mecklenburg",35.2401000008895,-80.785683
"698","12/09/2011","AQS",371190041,1,0.021,"ppm",19,"Garinger High School",17,100,44201,"Ozone",16740,"Charlotte-Concord-Gastonia, NC-SC",37,"North Carolina",119,"Mecklenburg",35.2401000008895,-80.785683
"699","12/10/2011","AQS",371190041,1,0.031,"ppm",29,"Garinger High School",17,100,44201,"Ozone",16740,"Charlotte-Concord-Gastonia, NC-SC",37,"North Carolina",119,"Mecklenburg",35.2401000008895,-80.785683
"700","12/11/2011","AQS",371190041,1,0.031,"ppm",29,"Garinger High School",17,100,44201,"Ozone",16740,"Charlotte-Concord-Gastonia, NC-SC",37,"North Carolina",119,"Mecklenburg",35.2401000008895,-80.785683
"701","12/12/2011","AQS",371190041,1,0.022,"ppm",20,"Garinger High School",17,100,44201,"Ozone",16740,"Charlotte-Concord-Gastonia, NC-SC",37,"North Carolina",119,"Mecklenburg",35.2401000008895,-80.785683
"702","12/13/2011","AQS",371190041,1,0.018,"ppm",17,"Garinger High School",17,100,44201,"Ozone",16740,"Charlotte-Concord-Gastonia, NC-SC",37,"North Carolina",119,"Mecklenburg",35.2401000008895,-80.785683
"703","12/14/2011","AQS",371190041,1,0.025,"ppm",23,"Garinger High School",17,100,44201,"Ozone",16740,"Charlotte-Concord-Gastonia, NC-SC",37,"North Carolina",119,"Mecklenburg",35.2401000008895,-80.785683
"704","12/15/2011","AQS",371190041,1,0.034,"ppm",31,"Garinger High School",17,100,44201,"Ozone",16740,"Charlotte-Concord-Gastonia, NC-SC",37,"North Carolina",119,"Mecklenburg",35.2401000008895,-80.785683
"705","12/16/2011","AQS",371190041,1,0.025,"ppm",23,"Garinger High School",17,100,44201,"Ozone",16740,"Charlotte-Concord-Gastonia, NC-SC",37,"North Carolina",119,"Mecklenburg",35.2401000008895,-80.785683
"706","12/17/2011","AQS",371190041,1,0.019,"ppm",18,"Garinger High School",17,100,44201,"Ozone",16740,"Charlotte-Concord-Gastonia, NC-SC",37,"North Carolina",119,"Mecklenburg",35.2401000008895,-80.785683
"707","12/18/2011","AQS",371190041,1,0.029,"ppm",27,"Garinger High School",17,100,44201,"Ozone",16740,"Charlotte-Concord-Gastonia, NC-SC",37,"North Carolina",119,"Mecklenburg",35.2401000008895,-80.785683
"708","12/19/2011","AQS",371190041,1,0.033,"ppm",31,"Garinger High School",17,100,44201,"Ozone",16740,"Charlotte-Concord-Gastonia, NC-SC",37,"North Carolina",119,"Mecklenburg",35.2401000008895,-80.785683
"709","12/20/2011","AQS",371190041,1,0.022,"ppm",20,"Garinger High School",17,100,44201,"Ozone",16740,"Charlotte-Concord-Gastonia, NC-SC",37,"North Carolina",119,"Mecklenburg",35.2401000008895,-80.785683
"710","12/21/2011","AQS",371190041,1,0.025,"ppm",23,"Garinger High School",17,100,44201,"Ozone",16740,"Charlotte-Concord-Gastonia, NC-SC",37,"North Carolina",119,"Mecklenburg",35.2401000008895,-80.785683
"711","12/22/2011","AQS",371190041,1,0.024,"ppm",22,"Garinger High School",17,100,44201,"Ozone",16740,"Charlotte-Concord-Gastonia, NC-SC",37,"North Carolina",119,"Mecklenburg",35.2401000008895,-80.785683
"712","12/23/2011","AQS",371190041,1,0.03,"ppm",28,"Garinger High School",17,100,44201,"Ozone",16740,"Charlotte-Concord-Gastonia, NC-SC",37,"North Carolina",119,"Mecklenburg",35.2401000008895,-80.785683
"713","12/24/2011","AQS",371190041,1,0.023,"ppm",21,"Garinger High School",17,100,44201,"Ozone",16740,"Charlotte-Concord-Gastonia, NC-SC",37,"North Carolina",119,"Mecklenburg",35.2401000008895,-80.785683
"714","12/25/2011","AQS",371190041,1,0.02,"ppm",19,"Garinger High School",17,100,44201,"Ozone",16740,"Charlotte-Concord-Gastonia, NC-SC",37,"North Carolina",119,"Mecklenburg",35.2401000008895,-80.785683
"715","12/26/2011","AQS",371190041,1,0.031,"ppm",29,"Garinger High School",17,100,44201,"Ozone",16740,"Charlotte-Concord-Gastonia, NC-SC",37,"North Carolina",119,"Mecklenburg",35.2401000008895,-80.785683
"716","12/27/2011","AQS",371190041,1,0.028,"ppm",26,"Garinger High School",17,100,44201,"Ozone",16740,"Charlotte-Concord-Gastonia, NC-SC",37,"North Carolina",119,"Mecklenburg",35.2401000008895,-80.785683
"717","12/28/2011","AQS",371190041,1,0.026,"ppm",24,"Garinger High School",17,100,44201,"Ozone",16740,"Charlotte-Concord-Gastonia, NC-SC",37,"North Carolina",119,"Mecklenburg",35.2401000008895,-80.785683
"718","12/29/2011","AQS",371190041,1,0.024,"ppm",22,"Garinger High School",17,100,44201,"Ozone",16740,"Charlotte-Concord-Gastonia, NC-SC",37,"North Carolina",119,"Mecklenburg",35.2401000008895,-80.785683
"719","12/30/2011","AQS",371190041,1,0.036,"ppm",33,"Garinger High School",17,100,44201,"Ozone",16740,"Charlotte-Concord-Gastonia, NC-SC",37,"North Carolina",119,"Mecklenburg",35.2401000008895,-80.785683
"720","01/01/2012","AQS",371190041,1,0.034,"ppm",31,"Garinger High School",17,100,44201,"Ozone",16740,"Charlotte-Concord-Gastonia, NC-SC",37,"North Carolina",119,"Mecklenburg",35.2401000008895,-80.785683
"721","01/02/2012","AQS",371190041,1,0.034,"ppm",31,"Garinger High School",17,100,44201,"Ozone",16740,"Charlotte-Concord-Gastonia, NC-SC",37,"North Carolina",119,"Mecklenburg",35.2401000008895,-80.785683
"722","01/03/2012","AQS",371190041,1,0.028,"ppm",26,"Garinger High School",17,100,44201,"Ozone",16740,"Charlotte-Concord-Gastonia, NC-SC",37,"North Carolina",119,"Mecklenburg",35.2401000008895,-80.785683
"723","01/04/2012","AQS",371190041,1,0.027,"ppm",25,"Garinger High School",17,100,44201,"Ozone",16740,"Charlotte-Concord-Gastonia, NC-SC",37,"North Carolina",119,"Mecklenburg",35.2401000008895,-80.785683
"724","01/05/2012","AQS",371190041,1,0.032,"ppm",30,"Garinger High School",17,100,44201,"Ozone",16740,"Charlotte-Concord-Gastonia, NC-SC",37,"North Carolina",119,"Mecklenburg",35.2401000008895,-80.785683
"725","01/06/2012","AQS",371190041,1,0.029,"ppm",27,"Garinger High School",17,100,44201,"Ozone",16740,"Charlotte-Concord-Gastonia, NC-SC",37,"North Carolina",119,"Mecklenburg",35.2401000008895,-80.785683
"726","01/07/2012","AQS",371190041,1,0.039,"ppm",36,"Garinger High School",17,100,44201,"Ozone",16740,"Charlotte-Concord-Gastonia, NC-SC",37,"North Carolina",119,"Mecklenburg",35.2401000008895,-80.785683
"727","01/08/2012","AQS",371190041,1,0.026,"ppm",24,"Garinger High School",17,100,44201,"Ozone",16740,"Charlotte-Concord-Gastonia, NC-SC",37,"North Carolina",119,"Mecklenburg",35.2401000008895,-80.785683
"728","01/09/2012","AQS",371190041,1,0.013,"ppm",12,"Garinger High School",17,100,44201,"Ozone",16740,"Charlotte-Concord-Gastonia, NC-SC",37,"North Carolina",119,"Mecklenburg",35.2401000008895,-80.785683
"729","01/10/2012","AQS",371190041,1,0.016,"ppm",15,"Garinger High School",17,100,44201,"Ozone",16740,"Charlotte-Concord-Gastonia, NC-SC",37,"North Carolina",119,"Mecklenburg",35.2401000008895,-80.785683
"730","01/11/2012","AQS",371190041,1,0.026,"ppm",24,"Garinger High School",17,100,44201,"Ozone",16740,"Charlotte-Concord-Gastonia, NC-SC",37,"North Carolina",119,"Mecklenburg",35.2401000008895,-80.785683
"731","01/12/2012","AQS",371190041,1,0.03,"ppm",28,"Garinger High School",17,100,44201,"Ozone",16740,"Charlotte-Concord-Gastonia, NC-SC",37,"North Carolina",119,"Mecklenburg",35.2401000008895,-80.785683
"732","01/13/2012","AQS",371190041,1,0.026,"ppm",24,"Garinger High School",17,100,44201,"Ozone",16740,"Charlotte-Concord-Gastonia, NC-SC",37,"North Carolina",119,"Mecklenburg",35.2401000008895,-80.785683
"733","01/14/2012","AQS",371190041,1,0.031,"ppm",29,"Garinger High School",17,100,44201,"Ozone",16740,"Charlotte-Concord-Gastonia, NC-SC",37,"North Carolina",119,"Mecklenburg",35.2401000008895,-80.785683
"734","01/15/2012","AQS",371190041,1,0.033,"ppm",31,"Garinger High School",17,100,44201,"Ozone",16740,"Charlotte-Concord-Gastonia, NC-SC",37,"North Carolina",119,"Mecklenburg",35.2401000008895,-80.785683
"735","01/17/2012","AQS",371190041,1,0.036,"ppm",33,"Garinger High School",17,100,44201,"Ozone",16740,"Charlotte-Concord-Gastonia, NC-SC",37,"North Carolina",119,"Mecklenburg",35.2401000008895,-80.785683
"736","01/18/2012","AQS",371190041,1,0.03,"ppm",28,"Garinger High School",17,100,44201,"Ozone",16740,"Charlotte-Concord-Gastonia, NC-SC",37,"North Carolina",119,"Mecklenburg",35.2401000008895,-80.785683
"737","01/24/2012","AQS",371190041,1,0.014,"ppm",13,"Garinger High School",17,100,44201,"Ozone",16740,"Charlotte-Concord-Gastonia, NC-SC",37,"North Carolina",119,"Mecklenburg",35.2401000008895,-80.785683
"738","01/25/2012","AQS",371190041,1,0.031,"ppm",29,"Garinger High School",15,88,44201,"Ozone",16740,"Charlotte-Concord-Gastonia, NC-SC",37,"North Carolina",119,"Mecklenburg",35.2401000008895,-80.785683
"739","01/26/2012","AQS",371190041,1,0.028,"ppm",26,"Garinger High School",17,100,44201,"Ozone",16740,"Charlotte-Concord-Gastonia, NC-SC",37,"North Carolina",119,"Mecklenburg",35.2401000008895,-80.785683
"740","01/27/2012","AQS",371190041,1,0.035,"ppm",32,"Garinger High School",17,100,44201,"Ozone",16740,"Charlotte-Concord-Gastonia, NC-SC",37,"North Carolina",119,"Mecklenburg",35.2401000008895,-80.785683
"741","01/28/2012","AQS",371190041,1,0.034,"ppm",31,"Garinger High School",17,100,44201,"Ozone",16740,"Charlotte-Concord-Gastonia, NC-SC",37,"North Carolina",119,"Mecklenburg",35.2401000008895,-80.785683
"742","01/29/2012","AQS",371190041,1,0.035,"ppm",32,"Garinger High School",17,100,44201,"Ozone",16740,"Charlotte-Concord-Gastonia, NC-SC",37,"North Carolina",119,"Mecklenburg",35.2401000008895,-80.785683
"743","01/30/2012","AQS",371190041,1,0.037,"ppm",34,"Garinger High School",17,100,44201,"Ozone",16740,"Charlotte-Concord-Gastonia, NC-SC",37,"North Carolina",119,"Mecklenburg",35.2401000008895,-80.785683
"744","01/31/2012","AQS",371190041,1,0.045,"ppm",42,"Garinger High School",17,100,44201,"Ozone",16740,"Charlotte-Concord-Gastonia, NC-SC",37,"North Carolina",119,"Mecklenburg",35.2401000008895,-80.785683
"745","02/01/2012","AQS",371190041,1,0.04,"ppm",37,"Garinger High School",17,100,44201,"Ozone",16740,"Charlotte-Concord-Gastonia, NC-SC",37,"North Carolina",119,"Mecklenburg",35.2401000008895,-80.785683
"746","02/02/2012","AQS",371190041,1,0.038,"ppm",35,"Garinger High School",17,100,44201,"Ozone",16740,"Charlotte-Concord-Gastonia, NC-SC",37,"North Carolina",119,"Mecklenburg",35.2401000008895,-80.785683
"747","02/03/2012","AQS",371190041,1,0.034,"ppm",31,"Garinger High School",17,100,44201,"Ozone",16740,"Charlotte-Concord-Gastonia, NC-SC",37,"North Carolina",119,"Mecklenburg",35.2401000008895,-80.785683
"748","02/04/2012","AQS",371190041,1,0.016,"ppm",15,"Garinger High School",17,100,44201,"Ozone",16740,"Charlotte-Concord-Gastonia, NC-SC",37,"North Carolina",119,"Mecklenburg",35.2401000008895,-80.785683
"749","02/05/2012","AQS",371190041,1,0.023,"ppm",21,"Garinger High School",17,100,44201,"Ozone",16740,"Charlotte-Concord-Gastonia, NC-SC",37,"North Carolina",119,"Mecklenburg",35.2401000008895,-80.785683
"750","02/06/2012","AQS",371190041,1,0.023,"ppm",21,"Garinger High School",17,100,44201,"Ozone",16740,"Charlotte-Concord-Gastonia, NC-SC",37,"North Carolina",119,"Mecklenburg",35.2401000008895,-80.785683
"751","02/07/2012","AQS",371190041,1,0.032,"ppm",30,"Garinger High School",17,100,44201,"Ozone",16740,"Charlotte-Concord-Gastonia, NC-SC",37,"North Carolina",119,"Mecklenburg",35.2401000008895,-80.785683
"752","02/08/2012","AQS",371190041,1,0.017,"ppm",16,"Garinger High School",17,100,44201,"Ozone",16740,"Charlotte-Concord-Gastonia, NC-SC",37,"North Carolina",119,"Mecklenburg",35.2401000008895,-80.785683
"753","02/09/2012","AQS",371190041,1,0.025,"ppm",23,"Garinger High School",17,100,44201,"Ozone",16740,"Charlotte-Concord-Gastonia, NC-SC",37,"North Carolina",119,"Mecklenburg",35.2401000008895,-80.785683
"754","02/10/2012","AQS",371190041,1,0.02,"ppm",19,"Garinger High School",17,100,44201,"Ozone",16740,"Charlotte-Concord-Gastonia, NC-SC",37,"North Carolina",119,"Mecklenburg",35.2401000008895,-80.785683
"755","02/11/2012","AQS",371190041,1,0.033,"ppm",31,"Garinger High School",17,100,44201,"Ozone",16740,"Charlotte-Concord-Gastonia, NC-SC",37,"North Carolina",119,"Mecklenburg",35.2401000008895,-80.785683
"756","02/12/2012","AQS",371190041,1,0.036,"ppm",33,"Garinger High School",17,100,44201,"Ozone",16740,"Charlotte-Concord-Gastonia, NC-SC",37,"North Carolina",119,"Mecklenburg",35.2401000008895,-80.785683
"757","02/13/2012","AQS",371190041,1,0.034,"ppm",31,"Garinger High School",17,100,44201,"Ozone",16740,"Charlotte-Concord-Gastonia, NC-SC",37,"North Carolina",119,"Mecklenburg",35.2401000008895,-80.785683
"758","02/14/2012","AQS",371190041,1,0.044,"ppm",41,"Garinger High School",17,100,44201,"Ozone",16740,"Charlotte-Concord-Gastonia, NC-SC",37,"North Carolina",119,"Mecklenburg",35.2401000008895,-80.785683
"759","02/15/2012","AQS",371190041,1,0.038,"ppm",35,"Garinger High School",17,100,44201,"Ozone",16740,"Charlotte-Concord-Gastonia, NC-SC",37,"North Carolina",119,"Mecklenburg",35.2401000008895,-80.785683
"760","02/16/2012","AQS",371190041,1,0.021,"ppm",19,"Garinger High School",17,100,44201,"Ozone",16740,"Charlotte-Concord-Gastonia, NC-SC",37,"North Carolina",119,"Mecklenburg",35.2401000008895,-80.785683
"761","02/17/2012","AQS",371190041,1,0.034,"ppm",31,"Garinger High School",17,100,44201,"Ozone",16740,"Charlotte-Concord-Gastonia, NC-SC",37,"North Carolina",119,"Mecklenburg",35.2401000008895,-80.785683
"762","02/18/2012","AQS",371190041,1,0.046,"ppm",43,"Garinger High School",17,100,44201,"Ozone",16740,"Charlotte-Concord-Gastonia, NC-SC",37,"North Carolina",119,"Mecklenburg",35.2401000008895,-80.785683
"763","02/19/2012","AQS",371190041,1,0.03,"ppm",28,"Garinger High School",17,100,44201,"Ozone",16740,"Charlotte-Concord-Gastonia, NC-SC",37,"North Carolina",119,"Mecklenburg",35.2401000008895,-80.785683
"764","02/20/2012","AQS",371190041,1,0.038,"ppm",35,"Garinger High School",17,100,44201,"Ozone",16740,"Charlotte-Concord-Gastonia, NC-SC",37,"North Carolina",119,"Mecklenburg",35.2401000008895,-80.785683
"765","02/21/2012","AQS",371190041,1,0.04,"ppm",37,"Garinger High School",17,100,44201,"Ozone",16740,"Charlotte-Concord-Gastonia, NC-SC",37,"North Carolina",119,"Mecklenburg",35.2401000008895,-80.785683
"766","02/22/2012","AQS",371190041,1,0.043,"ppm",40,"Garinger High School",17,100,44201,"Ozone",16740,"Charlotte-Concord-Gastonia, NC-SC",37,"North Carolina",119,"Mecklenburg",35.2401000008895,-80.785683
"767","02/23/2012","AQS",371190041,1,0.041,"ppm",38,"Garinger High School",17,100,44201,"Ozone",16740,"Charlotte-Concord-Gastonia, NC-SC",37,"North Carolina",119,"Mecklenburg",35.2401000008895,-80.785683
"768","02/24/2012","AQS",371190041,1,0.034,"ppm",31,"Garinger High School",17,100,44201,"Ozone",16740,"Charlotte-Concord-Gastonia, NC-SC",37,"North Carolina",119,"Mecklenburg",35.2401000008895,-80.785683
"769","02/25/2012","AQS",371190041,1,0.039,"ppm",36,"Garinger High School",17,100,44201,"Ozone",16740,"Charlotte-Concord-Gastonia, NC-SC",37,"North Carolina",119,"Mecklenburg",35.2401000008895,-80.785683
"770","02/26/2012","AQS",371190041,1,0.04,"ppm",37,"Garinger High School",17,100,44201,"Ozone",16740,"Charlotte-Concord-Gastonia, NC-SC",37,"North Carolina",119,"Mecklenburg",35.2401000008895,-80.785683
"771","02/27/2012","AQS",371190041,1,0.018,"ppm",17,"Garinger High School",17,100,44201,"Ozone",16740,"Charlotte-Concord-Gastonia, NC-SC",37,"North Carolina",119,"Mecklenburg",35.2401000008895,-80.785683
"772","02/28/2012","AQS",371190041,1,0.048,"ppm",44,"Garinger High School",17,100,44201,"Ozone",16740,"Charlotte-Concord-Gastonia, NC-SC",37,"North Carolina",119,"Mecklenburg",35.2401000008895,-80.785683
"773","02/29/2012","AQS",371190041,1,0.027,"ppm",25,"Garinger High School",17,100,44201,"Ozone",16740,"Charlotte-Concord-Gastonia, NC-SC",37,"North Carolina",119,"Mecklenburg",35.2401000008895,-80.785683
"774","03/01/2012","AQS",371190041,1,0.043,"ppm",40,"Garinger High School",17,100,44201,"Ozone",16740,"Charlotte-Concord-Gastonia, NC-SC",37,"North Carolina",119,"Mecklenburg",35.2401000008895,-80.785683
"775","03/02/2012","AQS",371190041,1,0.024,"ppm",22,"Garinger High School",17,100,44201,"Ozone",16740,"Charlotte-Concord-Gastonia, NC-SC",37,"North Carolina",119,"Mecklenburg",35.2401000008895,-80.785683
"776","03/03/2012","AQS",371190041,1,0.035,"ppm",32,"Garinger High School",17,100,44201,"Ozone",16740,"Charlotte-Concord-Gastonia, NC-SC",37,"North Carolina",119,"Mecklenburg",35.2401000008895,-80.785683
"777","03/04/2012","AQS",371190041,1,0.042,"ppm",39,"Garinger High School",17,100,44201,"Ozone",16740,"Charlotte-Concord-Gastonia, NC-SC",37,"North Carolina",119,"Mecklenburg",35.2401000008895,-80.785683
"778","03/05/2012","AQS",371190041,1,0.039,"ppm",36,"Garinger High School",17,100,44201,"Ozone",16740,"Charlotte-Concord-Gastonia, NC-SC",37,"North Carolina",119,"Mecklenburg",35.2401000008895,-80.785683
"779","03/06/2012","AQS",371190041,1,0.043,"ppm",40,"Garinger High School",17,100,44201,"Ozone",16740,"Charlotte-Concord-Gastonia, NC-SC",37,"North Carolina",119,"Mecklenburg",35.2401000008895,-80.785683
"780","03/07/2012","AQS",371190041,1,0.041,"ppm",38,"Garinger High School",17,100,44201,"Ozone",16740,"Charlotte-Concord-Gastonia, NC-SC",37,"North Carolina",119,"Mecklenburg",35.2401000008895,-80.785683
"781","03/08/2012","AQS",371190041,1,0.039,"ppm",36,"Garinger High School",15,88,44201,"Ozone",16740,"Charlotte-Concord-Gastonia, NC-SC",37,"North Carolina",119,"Mecklenburg",35.2401000008895,-80.785683
"782","03/09/2012","AQS",371190041,1,0.039,"ppm",36,"Garinger High School",17,100,44201,"Ozone",16740,"Charlotte-Concord-Gastonia, NC-SC",37,"North Carolina",119,"Mecklenburg",35.2401000008895,-80.785683
"783","03/10/2012","AQS",371190041,1,0.048,"ppm",44,"Garinger High School",17,100,44201,"Ozone",16740,"Charlotte-Concord-Gastonia, NC-SC",37,"North Carolina",119,"Mecklenburg",35.2401000008895,-80.785683
"784","03/11/2012","AQS",371190041,1,0.049,"ppm",45,"Garinger High School",17,100,44201,"Ozone",16740,"Charlotte-Concord-Gastonia, NC-SC",37,"North Carolina",119,"Mecklenburg",35.2401000008895,-80.785683
"785","03/12/2012","AQS",371190041,1,0.045,"ppm",42,"Garinger High School",17,100,44201,"Ozone",16740,"Charlotte-Concord-Gastonia, NC-SC",37,"North Carolina",119,"Mecklenburg",35.2401000008895,-80.785683
"786","03/13/2012","AQS",371190041,1,0.034,"ppm",31,"Garinger High School",17,100,44201,"Ozone",16740,"Charlotte-Concord-Gastonia, NC-SC",37,"North Carolina",119,"Mecklenburg",35.2401000008895,-80.785683
"787","03/14/2012","AQS",371190041,1,0.057,"ppm",58,"Garinger High School",17,100,44201,"Ozone",16740,"Charlotte-Concord-Gastonia, NC-SC",37,"North Carolina",119,"Mecklenburg",35.2401000008895,-80.785683
"788","03/15/2012","AQS",371190041,1,0.048,"ppm",44,"Garinger High School",17,100,44201,"Ozone",16740,"Charlotte-Concord-Gastonia, NC-SC",37,"North Carolina",119,"Mecklenburg",35.2401000008895,-80.785683
"789","03/16/2012","AQS",371190041,1,0.045,"ppm",42,"Garinger High School",17,100,44201,"Ozone",16740,"Charlotte-Concord-Gastonia, NC-SC",37,"North Carolina",119,"Mecklenburg",35.2401000008895,-80.785683
"790","03/17/2012","AQS",371190041,1,0.049,"ppm",45,"Garinger High School",17,100,44201,"Ozone",16740,"Charlotte-Concord-Gastonia, NC-SC",37,"North Carolina",119,"Mecklenburg",35.2401000008895,-80.785683
"791","03/18/2012","AQS",371190041,1,0.041,"ppm",38,"Garinger High School",17,100,44201,"Ozone",16740,"Charlotte-Concord-Gastonia, NC-SC",37,"North Carolina",119,"Mecklenburg",35.2401000008895,-80.785683
"792","03/19/2012","AQS",371190041,1,0.049,"ppm",45,"Garinger High School",17,100,44201,"Ozone",16740,"Charlotte-Concord-Gastonia, NC-SC",37,"North Carolina",119,"Mecklenburg",35.2401000008895,-80.785683
"793","03/20/2012","AQS",371190041,1,0.051,"ppm",47,"Garinger High School",17,100,44201,"Ozone",16740,"Charlotte-Concord-Gastonia, NC-SC",37,"North Carolina",119,"Mecklenburg",35.2401000008895,-80.785683
"794","03/21/2012","AQS",371190041,1,0.043,"ppm",40,"Garinger High School",13,76,44201,"Ozone",16740,"Charlotte-Concord-Gastonia, NC-SC",37,"North Carolina",119,"Mecklenburg",35.2401000008895,-80.785683
"795","03/22/2012","AQS",371190041,1,0.043,"ppm",40,"Garinger High School",17,100,44201,"Ozone",16740,"Charlotte-Concord-Gastonia, NC-SC",37,"North Carolina",119,"Mecklenburg",35.2401000008895,-80.785683
"796","03/23/2012","AQS",371190041,1,0.038,"ppm",35,"Garinger High School",17,100,44201,"Ozone",16740,"Charlotte-Concord-Gastonia, NC-SC",37,"North Carolina",119,"Mecklenburg",35.2401000008895,-80.785683
"797","03/24/2012","AQS",371190041,1,0.036,"ppm",33,"Garinger High School",17,100,44201,"Ozone",16740,"Charlotte-Concord-Gastonia, NC-SC",37,"North Carolina",119,"Mecklenburg",35.2401000008895,-80.785683
"798","03/25/2012","AQS",371190041,1,0.056,"ppm",54,"Garinger High School",17,100,44201,"Ozone",16740,"Charlotte-Concord-Gastonia, NC-SC",37,"North Carolina",119,"Mecklenburg",35.2401000008895,-80.785683
"799","03/26/2012","AQS",371190041,1,0.05,"ppm",46,"Garinger High School",17,100,44201,"Ozone",16740,"Charlotte-Concord-Gastonia, NC-SC",37,"North Carolina",119,"Mecklenburg",35.2401000008895,-80.785683
"800","03/27/2012","AQS",371190041,1,0.05,"ppm",46,"Garinger High School",17,100,44201,"Ozone",16740,"Charlotte-Concord-Gastonia, NC-SC",37,"North Carolina",119,"Mecklenburg",35.2401000008895,-80.785683
"801","03/28/2012","AQS",371190041,1,0.053,"ppm",49,"Garinger High School",17,100,44201,"Ozone",16740,"Charlotte-Concord-Gastonia, NC-SC",37,"North Carolina",119,"Mecklenburg",35.2401000008895,-80.785683
"802","03/29/2012","AQS",371190041,1,0.059,"ppm",64,"Garinger High School",17,100,44201,"Ozone",16740,"Charlotte-Concord-Gastonia, NC-SC",37,"North Carolina",119,"Mecklenburg",35.2401000008895,-80.785683
"803","03/30/2012","AQS",371190041,1,0.061,"ppm",71,"Garinger High School",17,100,44201,"Ozone",16740,"Charlotte-Concord-Gastonia, NC-SC",37,"North Carolina",119,"Mecklenburg",35.2401000008895,-80.785683
"804","03/31/2012","AQS",371190041,1,0.039,"ppm",36,"Garinger High School",17,100,44201,"Ozone",16740,"Charlotte-Concord-Gastonia, NC-SC",37,"North Carolina",119,"Mecklenburg",35.2401000008895,-80.785683
"805","04/01/2012","AQS",371190041,1,0.044,"ppm",41,"Garinger High School",17,100,44201,"Ozone",16740,"Charlotte-Concord-Gastonia, NC-SC",37,"North Carolina",119,"Mecklenburg",35.2401000008895,-80.785683
"806","04/02/2012","AQS",371190041,1,0.044,"ppm",41,"Garinger High School",16,94,44201,"Ozone",16740,"Charlotte-Concord-Gastonia, NC-SC",37,"North Carolina",119,"Mecklenburg",35.2401000008895,-80.785683
"807","04/03/2012","AQS",371190041,1,0.049,"ppm",45,"Garinger High School",17,100,44201,"Ozone",16740,"Charlotte-Concord-Gastonia, NC-SC",37,"North Carolina",119,"Mecklenburg",35.2401000008895,-80.785683
"808","04/04/2012","AQS",371190041,1,0.048,"ppm",44,"Garinger High School",17,100,44201,"Ozone",16740,"Charlotte-Concord-Gastonia, NC-SC",37,"North Carolina",119,"Mecklenburg",35.2401000008895,-80.785683
"809","04/05/2012","AQS",371190041,1,0.044,"ppm",41,"Garinger High School",17,100,44201,"Ozone",16740,"Charlotte-Concord-Gastonia, NC-SC",37,"North Carolina",119,"Mecklenburg",35.2401000008895,-80.785683
"810","04/06/2012","AQS",371190041,1,0.046,"ppm",43,"Garinger High School",17,100,44201,"Ozone",16740,"Charlotte-Concord-Gastonia, NC-SC",37,"North Carolina",119,"Mecklenburg",35.2401000008895,-80.785683
"811","04/07/2012","AQS",371190041,1,0.057,"ppm",58,"Garinger High School",17,100,44201,"Ozone",16740,"Charlotte-Concord-Gastonia, NC-SC",37,"North Carolina",119,"Mecklenburg",35.2401000008895,-80.785683
"812","04/08/2012","AQS",371190041,1,0.057,"ppm",58,"Garinger High School",17,100,44201,"Ozone",16740,"Charlotte-Concord-Gastonia, NC-SC",37,"North Carolina",119,"Mecklenburg",35.2401000008895,-80.785683
"813","04/09/2012","AQS",371190041,1,0.057,"ppm",58,"Garinger High School",17,100,44201,"Ozone",16740,"Charlotte-Concord-Gastonia, NC-SC",37,"North Carolina",119,"Mecklenburg",35.2401000008895,-80.785683
"814","04/10/2012","AQS",371190041,1,0.054,"ppm",50,"Garinger High School",17,100,44201,"Ozone",16740,"Charlotte-Concord-Gastonia, NC-SC",37,"North Carolina",119,"Mecklenburg",35.2401000008895,-80.785683
"815","04/11/2012","AQS",371190041,1,0.05,"ppm",46,"Garinger High School",17,100,44201,"Ozone",16740,"Charlotte-Concord-Gastonia, NC-SC",37,"North Carolina",119,"Mecklenburg",35.2401000008895,-80.785683
"816","04/12/2012","AQS",371190041,1,0.044,"ppm",41,"Garinger High School",17,100,44201,"Ozone",16740,"Charlotte-Concord-Gastonia, NC-SC",37,"North Carolina",119,"Mecklenburg",35.2401000008895,-80.785683
"817","04/13/2012","AQS",371190041,1,0.057,"ppm",58,"Garinger High School",17,100,44201,"Ozone",16740,"Charlotte-Concord-Gastonia, NC-SC",37,"North Carolina",119,"Mecklenburg",35.2401000008895,-80.785683
"818","04/14/2012","AQS",371190041,1,0.064,"ppm",80,"Garinger High School",17,100,44201,"Ozone",16740,"Charlotte-Concord-Gastonia, NC-SC",37,"North Carolina",119,"Mecklenburg",35.2401000008895,-80.785683
"819","04/15/2012","AQS",371190041,1,0.044,"ppm",41,"Garinger High School",17,100,44201,"Ozone",16740,"Charlotte-Concord-Gastonia, NC-SC",37,"North Carolina",119,"Mecklenburg",35.2401000008895,-80.785683
"820","04/16/2012","AQS",371190041,1,0.046,"ppm",43,"Garinger High School",17,100,44201,"Ozone",16740,"Charlotte-Concord-Gastonia, NC-SC",37,"North Carolina",119,"Mecklenburg",35.2401000008895,-80.785683
"821","04/17/2012","AQS",371190041,1,0.055,"ppm",51,"Garinger High School",17,100,44201,"Ozone",16740,"Charlotte-Concord-Gastonia, NC-SC",37,"North Carolina",119,"Mecklenburg",35.2401000008895,-80.785683
"822","04/18/2012","AQS",371190041,1,0.026,"ppm",24,"Garinger High School",17,100,44201,"Ozone",16740,"Charlotte-Concord-Gastonia, NC-SC",37,"North Carolina",119,"Mecklenburg",35.2401000008895,-80.785683
"823","04/19/2012","AQS",371190041,1,0.04,"ppm",37,"Garinger High School",17,100,44201,"Ozone",16740,"Charlotte-Concord-Gastonia, NC-SC",37,"North Carolina",119,"Mecklenburg",35.2401000008895,-80.785683
"824","04/20/2012","AQS",371190041,1,0.048,"ppm",44,"Garinger High School",17,100,44201,"Ozone",16740,"Charlotte-Concord-Gastonia, NC-SC",37,"North Carolina",119,"Mecklenburg",35.2401000008895,-80.785683
"825","04/21/2012","AQS",371190041,1,0.048,"ppm",44,"Garinger High School",17,100,44201,"Ozone",16740,"Charlotte-Concord-Gastonia, NC-SC",37,"North Carolina",119,"Mecklenburg",35.2401000008895,-80.785683
"826","04/22/2012","AQS",371190041,1,0.04,"ppm",37,"Garinger High School",17,100,44201,"Ozone",16740,"Charlotte-Concord-Gastonia, NC-SC",37,"North Carolina",119,"Mecklenburg",35.2401000008895,-80.785683
"827","04/23/2012","AQS",371190041,1,0.042,"ppm",39,"Garinger High School",17,100,44201,"Ozone",16740,"Charlotte-Concord-Gastonia, NC-SC",37,"North Carolina",119,"Mecklenburg",35.2401000008895,-80.785683
"828","04/24/2012","AQS",371190041,1,0.049,"ppm",45,"Garinger High School",17,100,44201,"Ozone",16740,"Charlotte-Concord-Gastonia, NC-SC",37,"North Carolina",119,"Mecklenburg",35.2401000008895,-80.785683
"829","04/25/2012","AQS",371190041,1,0.052,"ppm",48,"Garinger High School",17,100,44201,"Ozone",16740,"Charlotte-Concord-Gastonia, NC-SC",37,"North Carolina",119,"Mecklenburg",35.2401000008895,-80.785683
"830","04/26/2012","AQS",371190041,1,0.046,"ppm",43,"Garinger High School",17,100,44201,"Ozone",16740,"Charlotte-Concord-Gastonia, NC-SC",37,"North Carolina",119,"Mecklenburg",35.2401000008895,-80.785683
"831","04/27/2012","AQS",371190041,1,0.066,"ppm",87,"Garinger High School",17,100,44201,"Ozone",16740,"Charlotte-Concord-Gastonia, NC-SC",37,"North Carolina",119,"Mecklenburg",35.2401000008895,-80.785683
"832","04/28/2012","AQS",371190041,1,0.035,"ppm",32,"Garinger High School",17,100,44201,"Ozone",16740,"Charlotte-Concord-Gastonia, NC-SC",37,"North Carolina",119,"Mecklenburg",35.2401000008895,-80.785683
"833","04/29/2012","AQS",371190041,1,0.046,"ppm",43,"Garinger High School",17,100,44201,"Ozone",16740,"Charlotte-Concord-Gastonia, NC-SC",37,"North Carolina",119,"Mecklenburg",35.2401000008895,-80.785683
"834","04/30/2012","AQS",371190041,1,0.043,"ppm",40,"Garinger High School",17,100,44201,"Ozone",16740,"Charlotte-Concord-Gastonia, NC-SC",37,"North Carolina",119,"Mecklenburg",35.2401000008895,-80.785683
"835","05/01/2012","AQS",371190041,1,0.039,"ppm",36,"Garinger High School",17,100,44201,"Ozone",16740,"Charlotte-Concord-Gastonia, NC-SC",37,"North Carolina",119,"Mecklenburg",35.2401000008895,-80.785683
"836","05/02/2012","AQS",371190041,1,0.049,"ppm",45,"Garinger High School",17,100,44201,"Ozone",16740,"Charlotte-Concord-Gastonia, NC-SC",37,"North Carolina",119,"Mecklenburg",35.2401000008895,-80.785683
"837","05/03/2012","AQS",371190041,1,0.05,"ppm",46,"Garinger High School",17,100,44201,"Ozone",16740,"Charlotte-Concord-Gastonia, NC-SC",37,"North Carolina",119,"Mecklenburg",35.2401000008895,-80.785683
"838","05/04/2012","AQS",371190041,1,0.044,"ppm",41,"Garinger High School",17,100,44201,"Ozone",16740,"Charlotte-Concord-Gastonia, NC-SC",37,"North Carolina",119,"Mecklenburg",35.2401000008895,-80.785683
"839","05/05/2012","AQS",371190041,1,0.051,"ppm",47,"Garinger High School",17,100,44201,"Ozone",16740,"Charlotte-Concord-Gastonia, NC-SC",37,"North Carolina",119,"Mecklenburg",35.2401000008895,-80.785683
"840","05/06/2012","AQS",371190041,1,0.046,"ppm",43,"Garinger High School",17,100,44201,"Ozone",16740,"Charlotte-Concord-Gastonia, NC-SC",37,"North Carolina",119,"Mecklenburg",35.2401000008895,-80.785683
"841","05/07/2012","AQS",371190041,1,0.048,"ppm",44,"Garinger High School",17,100,44201,"Ozone",16740,"Charlotte-Concord-Gastonia, NC-SC",37,"North Carolina",119,"Mecklenburg",35.2401000008895,-80.785683
"842","05/08/2012","AQS",371190041,1,0.04,"ppm",37,"Garinger High School",17,100,44201,"Ozone",16740,"Charlotte-Concord-Gastonia, NC-SC",37,"North Carolina",119,"Mecklenburg",35.2401000008895,-80.785683
"843","05/09/2012","AQS",371190041,1,0.034,"ppm",31,"Garinger High School",17,100,44201,"Ozone",16740,"Charlotte-Concord-Gastonia, NC-SC",37,"North Carolina",119,"Mecklenburg",35.2401000008895,-80.785683
"844","05/10/2012","AQS",371190041,1,0.052,"ppm",48,"Garinger High School",17,100,44201,"Ozone",16740,"Charlotte-Concord-Gastonia, NC-SC",37,"North Carolina",119,"Mecklenburg",35.2401000008895,-80.785683
"845","05/11/2012","AQS",371190041,1,0.063,"ppm",77,"Garinger High School",17,100,44201,"Ozone",16740,"Charlotte-Concord-Gastonia, NC-SC",37,"North Carolina",119,"Mecklenburg",35.2401000008895,-80.785683
"846","05/12/2012","AQS",371190041,1,0.055,"ppm",51,"Garinger High School",17,100,44201,"Ozone",16740,"Charlotte-Concord-Gastonia, NC-SC",37,"North Carolina",119,"Mecklenburg",35.2401000008895,-80.785683
"847","05/13/2012","AQS",371190041,1,0.038,"ppm",35,"Garinger High School",17,100,44201,"Ozone",16740,"Charlotte-Concord-Gastonia, NC-SC",37,"North Carolina",119,"Mecklenburg",35.2401000008895,-80.785683
"848","05/14/2012","AQS",371190041,1,0.038,"ppm",35,"Garinger High School",17,100,44201,"Ozone",16740,"Charlotte-Concord-Gastonia, NC-SC",37,"North Carolina",119,"Mecklenburg",35.2401000008895,-80.785683
"849","05/15/2012","AQS",371190041,1,0.051,"ppm",47,"Garinger High School",17,100,44201,"Ozone",16740,"Charlotte-Concord-Gastonia, NC-SC",37,"North Carolina",119,"Mecklenburg",35.2401000008895,-80.785683
"850","05/16/2012","AQS",371190041,1,0.059,"ppm",64,"Garinger High School",17,100,44201,"Ozone",16740,"Charlotte-Concord-Gastonia, NC-SC",37,"North Carolina",119,"Mecklenburg",35.2401000008895,-80.785683
"851","05/17/2012","AQS",371190041,1,0.058,"ppm",61,"Garinger High School",17,100,44201,"Ozone",16740,"Charlotte-Concord-Gastonia, NC-SC",37,"North Carolina",119,"Mecklenburg",35.2401000008895,-80.785683
"852","05/18/2012","AQS",371190041,1,0.069,"ppm",97,"Garinger High School",17,100,44201,"Ozone",16740,"Charlotte-Concord-Gastonia, NC-SC",37,"North Carolina",119,"Mecklenburg",35.2401000008895,-80.785683
"853","05/19/2012","AQS",371190041,1,0.067,"ppm",90,"Garinger High School",17,100,44201,"Ozone",16740,"Charlotte-Concord-Gastonia, NC-SC",37,"North Carolina",119,"Mecklenburg",35.2401000008895,-80.785683
"854","05/20/2012","AQS",371190041,1,0.07,"ppm",100,"Garinger High School",16,94,44201,"Ozone",16740,"Charlotte-Concord-Gastonia, NC-SC",37,"North Carolina",119,"Mecklenburg",35.2401000008895,-80.785683
"855","05/21/2012","AQS",371190041,1,0.064,"ppm",80,"Garinger High School",17,100,44201,"Ozone",16740,"Charlotte-Concord-Gastonia, NC-SC",37,"North Carolina",119,"Mecklenburg",35.2401000008895,-80.785683
"856","05/22/2012","AQS",371190041,1,0.063,"ppm",77,"Garinger High School",17,100,44201,"Ozone",16740,"Charlotte-Concord-Gastonia, NC-SC",37,"North Carolina",119,"Mecklenburg",35.2401000008895,-80.785683
"857","05/23/2012","AQS",371190041,1,0.059,"ppm",64,"Garinger High School",17,100,44201,"Ozone",16740,"Charlotte-Concord-Gastonia, NC-SC",37,"North Carolina",119,"Mecklenburg",35.2401000008895,-80.785683
"858","05/24/2012","AQS",371190041,1,0.058,"ppm",61,"Garinger High School",17,100,44201,"Ozone",16740,"Charlotte-Concord-Gastonia, NC-SC",37,"North Carolina",119,"Mecklenburg",35.2401000008895,-80.785683
"859","05/25/2012","AQS",371190041,1,0.065,"ppm",84,"Garinger High School",17,100,44201,"Ozone",16740,"Charlotte-Concord-Gastonia, NC-SC",37,"North Carolina",119,"Mecklenburg",35.2401000008895,-80.785683
"860","05/26/2012","AQS",371190041,1,0.05,"ppm",46,"Garinger High School",17,100,44201,"Ozone",16740,"Charlotte-Concord-Gastonia, NC-SC",37,"North Carolina",119,"Mecklenburg",35.2401000008895,-80.785683
"861","05/27/2012","AQS",371190041,1,0.023,"ppm",21,"Garinger High School",17,100,44201,"Ozone",16740,"Charlotte-Concord-Gastonia, NC-SC",37,"North Carolina",119,"Mecklenburg",35.2401000008895,-80.785683
"862","05/28/2012","AQS",371190041,1,0.028,"ppm",26,"Garinger High School",17,100,44201,"Ozone",16740,"Charlotte-Concord-Gastonia, NC-SC",37,"North Carolina",119,"Mecklenburg",35.2401000008895,-80.785683
"863","05/29/2012","AQS",371190041,1,0.031,"ppm",29,"Garinger High School",17,100,44201,"Ozone",16740,"Charlotte-Concord-Gastonia, NC-SC",37,"North Carolina",119,"Mecklenburg",35.2401000008895,-80.785683
"864","05/30/2012","AQS",371190041,1,0.056,"ppm",54,"Garinger High School",17,100,44201,"Ozone",16740,"Charlotte-Concord-Gastonia, NC-SC",37,"North Carolina",119,"Mecklenburg",35.2401000008895,-80.785683
"865","05/31/2012","AQS",371190041,1,0.063,"ppm",77,"Garinger High School",17,100,44201,"Ozone",16740,"Charlotte-Concord-Gastonia, NC-SC",37,"North Carolina",119,"Mecklenburg",35.2401000008895,-80.785683
"866","06/01/2012","AQS",371190041,1,0.042,"ppm",39,"Garinger High School",17,100,44201,"Ozone",16740,"Charlotte-Concord-Gastonia, NC-SC",37,"North Carolina",119,"Mecklenburg",35.2401000008895,-80.785683
"867","06/02/2012","AQS",371190041,1,0.049,"ppm",45,"Garinger High School",17,100,44201,"Ozone",16740,"Charlotte-Concord-Gastonia, NC-SC",37,"North Carolina",119,"Mecklenburg",35.2401000008895,-80.785683
"868","06/03/2012","AQS",371190041,1,0.055,"ppm",51,"Garinger High School",17,100,44201,"Ozone",16740,"Charlotte-Concord-Gastonia, NC-SC",37,"North Carolina",119,"Mecklenburg",35.2401000008895,-80.785683
"869","06/04/2012","AQS",371190041,1,0.057,"ppm",58,"Garinger High School",17,100,44201,"Ozone",16740,"Charlotte-Concord-Gastonia, NC-SC",37,"North Carolina",119,"Mecklenburg",35.2401000008895,-80.785683
"870","06/05/2012","AQS",371190041,1,0.048,"ppm",44,"Garinger High School",17,100,44201,"Ozone",16740,"Charlotte-Concord-Gastonia, NC-SC",37,"North Carolina",119,"Mecklenburg",35.2401000008895,-80.785683
"871","06/06/2012","AQS",371190041,1,0.044,"ppm",41,"Garinger High School",17,100,44201,"Ozone",16740,"Charlotte-Concord-Gastonia, NC-SC",37,"North Carolina",119,"Mecklenburg",35.2401000008895,-80.785683
"872","06/07/2012","AQS",371190041,1,0.057,"ppm",58,"Garinger High School",17,100,44201,"Ozone",16740,"Charlotte-Concord-Gastonia, NC-SC",37,"North Carolina",119,"Mecklenburg",35.2401000008895,-80.785683
"873","06/08/2012","AQS",371190041,1,0.057,"ppm",58,"Garinger High School",17,100,44201,"Ozone",16740,"Charlotte-Concord-Gastonia, NC-SC",37,"North Carolina",119,"Mecklenburg",35.2401000008895,-80.785683
"874","06/09/2012","AQS",371190041,1,0.062,"ppm",74,"Garinger High School",17,100,44201,"Ozone",16740,"Charlotte-Concord-Gastonia, NC-SC",37,"North Carolina",119,"Mecklenburg",35.2401000008895,-80.785683
"875","06/10/2012","AQS",371190041,1,0.044,"ppm",41,"Garinger High School",17,100,44201,"Ozone",16740,"Charlotte-Concord-Gastonia, NC-SC",37,"North Carolina",119,"Mecklenburg",35.2401000008895,-80.785683
"876","06/11/2012","AQS",371190041,1,0.024,"ppm",22,"Garinger High School",17,100,44201,"Ozone",16740,"Charlotte-Concord-Gastonia, NC-SC",37,"North Carolina",119,"Mecklenburg",35.2401000008895,-80.785683
"877","06/12/2012","AQS",371190041,1,0.032,"ppm",30,"Garinger High School",17,100,44201,"Ozone",16740,"Charlotte-Concord-Gastonia, NC-SC",37,"North Carolina",119,"Mecklenburg",35.2401000008895,-80.785683
"878","06/13/2012","AQS",371190041,1,0.063,"ppm",77,"Garinger High School",17,100,44201,"Ozone",16740,"Charlotte-Concord-Gastonia, NC-SC",37,"North Carolina",119,"Mecklenburg",35.2401000008895,-80.785683
"879","06/14/2012","AQS",371190041,1,0.058,"ppm",61,"Garinger High School",17,100,44201,"Ozone",16740,"Charlotte-Concord-Gastonia, NC-SC",37,"North Carolina",119,"Mecklenburg",35.2401000008895,-80.785683
"880","06/15/2012","AQS",371190041,1,0.048,"ppm",44,"Garinger High School",17,100,44201,"Ozone",16740,"Charlotte-Concord-Gastonia, NC-SC",37,"North Carolina",119,"Mecklenburg",35.2401000008895,-80.785683
"881","06/16/2012","AQS",371190041,1,0.063,"ppm",77,"Garinger High School",17,100,44201,"Ozone",16740,"Charlotte-Concord-Gastonia, NC-SC",37,"North Carolina",119,"Mecklenburg",35.2401000008895,-80.785683
"882","06/17/2012","AQS",371190041,1,0.058,"ppm",61,"Garinger High School",17,100,44201,"Ozone",16740,"Charlotte-Concord-Gastonia, NC-SC",37,"North Carolina",119,"Mecklenburg",35.2401000008895,-80.785683
"883","06/18/2012","AQS",371190041,1,0.054,"ppm",50,"Garinger High School",17,100,44201,"Ozone",16740,"Charlotte-Concord-Gastonia, NC-SC",37,"North Carolina",119,"Mecklenburg",35.2401000008895,-80.785683
"884","06/19/2012","AQS",371190041,1,0.063,"ppm",77,"Garinger High School",17,100,44201,"Ozone",16740,"Charlotte-Concord-Gastonia, NC-SC",37,"North Carolina",119,"Mecklenburg",35.2401000008895,-80.785683
"885","06/20/2012","AQS",371190041,1,0.068,"ppm",93,"Garinger High School",17,100,44201,"Ozone",16740,"Charlotte-Concord-Gastonia, NC-SC",37,"North Carolina",119,"Mecklenburg",35.2401000008895,-80.785683
"886","06/21/2012","AQS",371190041,1,0.066,"ppm",87,"Garinger High School",17,100,44201,"Ozone",16740,"Charlotte-Concord-Gastonia, NC-SC",37,"North Carolina",119,"Mecklenburg",35.2401000008895,-80.785683
"887","06/22/2012","AQS",371190041,1,0.053,"ppm",49,"Garinger High School",17,100,44201,"Ozone",16740,"Charlotte-Concord-Gastonia, NC-SC",37,"North Carolina",119,"Mecklenburg",35.2401000008895,-80.785683
"888","06/23/2012","AQS",371190041,1,0.06,"ppm",67,"Garinger High School",17,100,44201,"Ozone",16740,"Charlotte-Concord-Gastonia, NC-SC",37,"North Carolina",119,"Mecklenburg",35.2401000008895,-80.785683
"889","06/24/2012","AQS",371190041,1,0.041,"ppm",38,"Garinger High School",17,100,44201,"Ozone",16740,"Charlotte-Concord-Gastonia, NC-SC",37,"North Carolina",119,"Mecklenburg",35.2401000008895,-80.785683
"890","06/25/2012","AQS",371190041,1,0.06,"ppm",67,"Garinger High School",17,100,44201,"Ozone",16740,"Charlotte-Concord-Gastonia, NC-SC",37,"North Carolina",119,"Mecklenburg",35.2401000008895,-80.785683
"891","06/26/2012","AQS",371190041,1,0.059,"ppm",64,"Garinger High School",17,100,44201,"Ozone",16740,"Charlotte-Concord-Gastonia, NC-SC",37,"North Carolina",119,"Mecklenburg",35.2401000008895,-80.785683
"892","06/27/2012","AQS",371190041,1,0.059,"ppm",64,"Garinger High School",17,100,44201,"Ozone",16740,"Charlotte-Concord-Gastonia, NC-SC",37,"North Carolina",119,"Mecklenburg",35.2401000008895,-80.785683
"893","06/28/2012","AQS",371190041,1,0.071,"ppm",101,"Garinger High School",17,100,44201,"Ozone",16740,"Charlotte-Concord-Gastonia, NC-SC",37,"North Carolina",119,"Mecklenburg",35.2401000008895,-80.785683
"894","06/29/2012","AQS",371190041,1,0.091,"ppm",164,"Garinger High School",17,100,44201,"Ozone",16740,"Charlotte-Concord-Gastonia, NC-SC",37,"North Carolina",119,"Mecklenburg",35.2401000008895,-80.785683
"895","06/30/2012","AQS",371190041,1,0.083,"ppm",143,"Garinger High School",17,100,44201,"Ozone",16740,"Charlotte-Concord-Gastonia, NC-SC",37,"North Carolina",119,"Mecklenburg",35.2401000008895,-80.785683
"896","07/01/2012","AQS",371190041,1,0.077,"ppm",122,"Garinger High School",17,100,44201,"Ozone",16740,"Charlotte-Concord-Gastonia, NC-SC",37,"North Carolina",119,"Mecklenburg",35.2401000008895,-80.785683
"897","07/02/2012","AQS",371190041,1,0.07,"ppm",100,"Garinger High School",17,100,44201,"Ozone",16740,"Charlotte-Concord-Gastonia, NC-SC",37,"North Carolina",119,"Mecklenburg",35.2401000008895,-80.785683
"898","07/03/2012","AQS",371190041,1,0.077,"ppm",122,"Garinger High School",17,100,44201,"Ozone",16740,"Charlotte-Concord-Gastonia, NC-SC",37,"North Carolina",119,"Mecklenburg",35.2401000008895,-80.785683
"899","07/04/2012","AQS",371190041,1,0.063,"ppm",77,"Garinger High School",17,100,44201,"Ozone",16740,"Charlotte-Concord-Gastonia, NC-SC",37,"North Carolina",119,"Mecklenburg",35.2401000008895,-80.785683
"900","07/05/2012","AQS",371190041,1,0.072,"ppm",105,"Garinger High School",17,100,44201,"Ozone",16740,"Charlotte-Concord-Gastonia, NC-SC",37,"North Carolina",119,"Mecklenburg",35.2401000008895,-80.785683
"901","07/06/2012","AQS",371190041,1,0.092,"ppm",166,"Garinger High School",17,100,44201,"Ozone",16740,"Charlotte-Concord-Gastonia, NC-SC",37,"North Carolina",119,"Mecklenburg",35.2401000008895,-80.785683
"902","07/07/2012","AQS",371190041,1,0.067,"ppm",90,"Garinger High School",17,100,44201,"Ozone",16740,"Charlotte-Concord-Gastonia, NC-SC",37,"North Carolina",119,"Mecklenburg",35.2401000008895,-80.785683
"903","07/08/2012","AQS",371190041,1,0.062,"ppm",74,"Garinger High School",17,100,44201,"Ozone",16740,"Charlotte-Concord-Gastonia, NC-SC",37,"North Carolina",119,"Mecklenburg",35.2401000008895,-80.785683
"904","07/09/2012","AQS",371190041,1,0.069,"ppm",97,"Garinger High School",17,100,44201,"Ozone",16740,"Charlotte-Concord-Gastonia, NC-SC",37,"North Carolina",119,"Mecklenburg",35.2401000008895,-80.785683
"905","07/10/2012","AQS",371190041,1,0.056,"ppm",54,"Garinger High School",17,100,44201,"Ozone",16740,"Charlotte-Concord-Gastonia, NC-SC",37,"North Carolina",119,"Mecklenburg",35.2401000008895,-80.785683
"906","07/11/2012","AQS",371190041,1,0.053,"ppm",49,"Garinger High School",17,100,44201,"Ozone",16740,"Charlotte-Concord-Gastonia, NC-SC",37,"North Carolina",119,"Mecklenburg",35.2401000008895,-80.785683
"907","07/12/2012","AQS",371190041,1,0.039,"ppm",36,"Garinger High School",17,100,44201,"Ozone",16740,"Charlotte-Concord-Gastonia, NC-SC",37,"North Carolina",119,"Mecklenburg",35.2401000008895,-80.785683
"908","07/13/2012","AQS",371190041,1,0.022,"ppm",20,"Garinger High School",17,100,44201,"Ozone",16740,"Charlotte-Concord-Gastonia, NC-SC",37,"North Carolina",119,"Mecklenburg",35.2401000008895,-80.785683
"909","07/14/2012","AQS",371190041,1,0.026,"ppm",24,"Garinger High School",17,100,44201,"Ozone",16740,"Charlotte-Concord-Gastonia, NC-SC",37,"North Carolina",119,"Mecklenburg",35.2401000008895,-80.785683
"910","07/15/2012","AQS",371190041,1,0.027,"ppm",25,"Garinger High School",17,100,44201,"Ozone",16740,"Charlotte-Concord-Gastonia, NC-SC",37,"North Carolina",119,"Mecklenburg",35.2401000008895,-80.785683
"911","07/16/2012","AQS",371190041,1,0.043,"ppm",40,"Garinger High School",17,100,44201,"Ozone",16740,"Charlotte-Concord-Gastonia, NC-SC",37,"North Carolina",119,"Mecklenburg",35.2401000008895,-80.785683
"912","07/17/2012","AQS",371190041,1,0.074,"ppm",112,"Garinger High School",17,100,44201,"Ozone",16740,"Charlotte-Concord-Gastonia, NC-SC",37,"North Carolina",119,"Mecklenburg",35.2401000008895,-80.785683
"913","07/18/2012","AQS",371190041,1,0.057,"ppm",58,"Garinger High School",17,100,44201,"Ozone",16740,"Charlotte-Concord-Gastonia, NC-SC",37,"North Carolina",119,"Mecklenburg",35.2401000008895,-80.785683
"914","07/19/2012","AQS",371190041,1,0.046,"ppm",43,"Garinger High School",17,100,44201,"Ozone",16740,"Charlotte-Concord-Gastonia, NC-SC",37,"North Carolina",119,"Mecklenburg",35.2401000008895,-80.785683
"915","07/20/2012","AQS",371190041,1,0.049,"ppm",45,"Garinger High School",17,100,44201,"Ozone",16740,"Charlotte-Concord-Gastonia, NC-SC",37,"North Carolina",119,"Mecklenburg",35.2401000008895,-80.785683
"916","07/21/2012","AQS",371190041,1,0.041,"ppm",38,"Garinger High School",17,100,44201,"Ozone",16740,"Charlotte-Concord-Gastonia, NC-SC",37,"North Carolina",119,"Mecklenburg",35.2401000008895,-80.785683
"917","07/22/2012","AQS",371190041,1,0.044,"ppm",41,"Garinger High School",17,100,44201,"Ozone",16740,"Charlotte-Concord-Gastonia, NC-SC",37,"North Carolina",119,"Mecklenburg",35.2401000008895,-80.785683
"918","07/23/2012","AQS",371190041,1,0.045,"ppm",42,"Garinger High School",17,100,44201,"Ozone",16740,"Charlotte-Concord-Gastonia, NC-SC",37,"North Carolina",119,"Mecklenburg",35.2401000008895,-80.785683
"919","07/24/2012","AQS",371190041,1,0.048,"ppm",44,"Garinger High School",17,100,44201,"Ozone",16740,"Charlotte-Concord-Gastonia, NC-SC",37,"North Carolina",119,"Mecklenburg",35.2401000008895,-80.785683
"920","07/25/2012","AQS",371190041,1,0.069,"ppm",97,"Garinger High School",17,100,44201,"Ozone",16740,"Charlotte-Concord-Gastonia, NC-SC",37,"North Carolina",119,"Mecklenburg",35.2401000008895,-80.785683
"921","07/26/2012","AQS",371190041,1,0.057,"ppm",58,"Garinger High School",17,100,44201,"Ozone",16740,"Charlotte-Concord-Gastonia, NC-SC",37,"North Carolina",119,"Mecklenburg",35.2401000008895,-80.785683
"922","07/27/2012","AQS",371190041,1,0.045,"ppm",42,"Garinger High School",17,100,44201,"Ozone",16740,"Charlotte-Concord-Gastonia, NC-SC",37,"North Carolina",119,"Mecklenburg",35.2401000008895,-80.785683
"923","07/28/2012","AQS",371190041,1,0.065,"ppm",84,"Garinger High School",17,100,44201,"Ozone",16740,"Charlotte-Concord-Gastonia, NC-SC",37,"North Carolina",119,"Mecklenburg",35.2401000008895,-80.785683
"924","07/29/2012","AQS",371190041,1,0.065,"ppm",84,"Garinger High School",17,100,44201,"Ozone",16740,"Charlotte-Concord-Gastonia, NC-SC",37,"North Carolina",119,"Mecklenburg",35.2401000008895,-80.785683
"925","07/30/2012","AQS",371190041,1,0.056,"ppm",54,"Garinger High School",17,100,44201,"Ozone",16740,"Charlotte-Concord-Gastonia, NC-SC",37,"North Carolina",119,"Mecklenburg",35.2401000008895,-80.785683
"926","07/31/2012","AQS",371190041,1,0.045,"ppm",42,"Garinger High School",17,100,44201,"Ozone",16740,"Charlotte-Concord-Gastonia, NC-SC",37,"North Carolina",119,"Mecklenburg",35.2401000008895,-80.785683
"927","08/01/2012","AQS",371190041,1,0.07,"ppm",100,"Garinger High School",17,100,44201,"Ozone",16740,"Charlotte-Concord-Gastonia, NC-SC",37,"North Carolina",119,"Mecklenburg",35.2401000008895,-80.785683
"928","08/02/2012","AQS",371190041,1,0.08,"ppm",133,"Garinger High School",17,100,44201,"Ozone",16740,"Charlotte-Concord-Gastonia, NC-SC",37,"North Carolina",119,"Mecklenburg",35.2401000008895,-80.785683
"929","08/03/2012","AQS",371190041,1,0.057,"ppm",58,"Garinger High School",17,100,44201,"Ozone",16740,"Charlotte-Concord-Gastonia, NC-SC",37,"North Carolina",119,"Mecklenburg",35.2401000008895,-80.785683
"930","08/04/2012","AQS",371190041,1,0.04,"ppm",37,"Garinger High School",17,100,44201,"Ozone",16740,"Charlotte-Concord-Gastonia, NC-SC",37,"North Carolina",119,"Mecklenburg",35.2401000008895,-80.785683
"931","08/05/2012","AQS",371190041,1,0.026,"ppm",24,"Garinger High School",16,94,44201,"Ozone",16740,"Charlotte-Concord-Gastonia, NC-SC",37,"North Carolina",119,"Mecklenburg",35.2401000008895,-80.785683
"932","08/06/2012","AQS",371190041,1,0.037,"ppm",34,"Garinger High School",17,100,44201,"Ozone",16740,"Charlotte-Concord-Gastonia, NC-SC",37,"North Carolina",119,"Mecklenburg",35.2401000008895,-80.785683
"933","08/07/2012","AQS",371190041,1,0.035,"ppm",32,"Garinger High School",17,100,44201,"Ozone",16740,"Charlotte-Concord-Gastonia, NC-SC",37,"North Carolina",119,"Mecklenburg",35.2401000008895,-80.785683
"934","08/08/2012","AQS",371190041,1,0.033,"ppm",31,"Garinger High School",17,100,44201,"Ozone",16740,"Charlotte-Concord-Gastonia, NC-SC",37,"North Carolina",119,"Mecklenburg",35.2401000008895,-80.785683
"935","08/09/2012","AQS",371190041,1,0.038,"ppm",35,"Garinger High School",17,100,44201,"Ozone",16740,"Charlotte-Concord-Gastonia, NC-SC",37,"North Carolina",119,"Mecklenburg",35.2401000008895,-80.785683
"936","08/10/2012","AQS",371190041,1,0.035,"ppm",32,"Garinger High School",17,100,44201,"Ozone",16740,"Charlotte-Concord-Gastonia, NC-SC",37,"North Carolina",119,"Mecklenburg",35.2401000008895,-80.785683
"937","08/11/2012","AQS",371190041,1,0.035,"ppm",32,"Garinger High School",17,100,44201,"Ozone",16740,"Charlotte-Concord-Gastonia, NC-SC",37,"North Carolina",119,"Mecklenburg",35.2401000008895,-80.785683
"938","08/12/2012","AQS",371190041,1,0.049,"ppm",45,"Garinger High School",17,100,44201,"Ozone",16740,"Charlotte-Concord-Gastonia, NC-SC",37,"North Carolina",119,"Mecklenburg",35.2401000008895,-80.785683
"939","08/13/2012","AQS",371190041,1,0.06,"ppm",67,"Garinger High School",17,100,44201,"Ozone",16740,"Charlotte-Concord-Gastonia, NC-SC",37,"North Carolina",119,"Mecklenburg",35.2401000008895,-80.785683
"940","08/14/2012","AQS",371190041,1,0.053,"ppm",49,"Garinger High School",17,100,44201,"Ozone",16740,"Charlotte-Concord-Gastonia, NC-SC",37,"North Carolina",119,"Mecklenburg",35.2401000008895,-80.785683
"941","08/15/2012","AQS",371190041,1,0.048,"ppm",44,"Garinger High School",17,100,44201,"Ozone",16740,"Charlotte-Concord-Gastonia, NC-SC",37,"North Carolina",119,"Mecklenburg",35.2401000008895,-80.785683
"942","08/16/2012","AQS",371190041,1,0.069,"ppm",97,"Garinger High School",17,100,44201,"Ozone",16740,"Charlotte-Concord-Gastonia, NC-SC",37,"North Carolina",119,"Mecklenburg",35.2401000008895,-80.785683
"943","08/17/2012","AQS",371190041,1,0.059,"ppm",64,"Garinger High School",17,100,44201,"Ozone",16740,"Charlotte-Concord-Gastonia, NC-SC",37,"North Carolina",119,"Mecklenburg",35.2401000008895,-80.785683
"944","08/18/2012","AQS",371190041,1,0.057,"ppm",58,"Garinger High School",17,100,44201,"Ozone",16740,"Charlotte-Concord-Gastonia, NC-SC",37,"North Carolina",119,"Mecklenburg",35.2401000008895,-80.785683
"945","08/19/2012","AQS",371190041,1,0.047,"ppm",44,"Garinger High School",17,100,44201,"Ozone",16740,"Charlotte-Concord-Gastonia, NC-SC",37,"North Carolina",119,"Mecklenburg",35.2401000008895,-80.785683
"946","08/20/2012","AQS",371190041,1,0.052,"ppm",48,"Garinger High School",17,100,44201,"Ozone",16740,"Charlotte-Concord-Gastonia, NC-SC",37,"North Carolina",119,"Mecklenburg",35.2401000008895,-80.785683
"947","08/21/2012","AQS",371190041,1,0.051,"ppm",47,"Garinger High School",17,100,44201,"Ozone",16740,"Charlotte-Concord-Gastonia, NC-SC",37,"North Carolina",119,"Mecklenburg",35.2401000008895,-80.785683
"948","08/22/2012","AQS",371190041,1,0.044,"ppm",41,"Garinger High School",17,100,44201,"Ozone",16740,"Charlotte-Concord-Gastonia, NC-SC",37,"North Carolina",119,"Mecklenburg",35.2401000008895,-80.785683
"949","08/23/2012","AQS",371190041,1,0.051,"ppm",47,"Garinger High School",17,100,44201,"Ozone",16740,"Charlotte-Concord-Gastonia, NC-SC",37,"North Carolina",119,"Mecklenburg",35.2401000008895,-80.785683
"950","08/24/2012","AQS",371190041,1,0.057,"ppm",58,"Garinger High School",17,100,44201,"Ozone",16740,"Charlotte-Concord-Gastonia, NC-SC",37,"North Carolina",119,"Mecklenburg",35.2401000008895,-80.785683
"951","08/25/2012","AQS",371190041,1,0.067,"ppm",90,"Garinger High School",17,100,44201,"Ozone",16740,"Charlotte-Concord-Gastonia, NC-SC",37,"North Carolina",119,"Mecklenburg",35.2401000008895,-80.785683
"952","08/26/2012","AQS",371190041,1,0.069,"ppm",97,"Garinger High School",17,100,44201,"Ozone",16740,"Charlotte-Concord-Gastonia, NC-SC",37,"North Carolina",119,"Mecklenburg",35.2401000008895,-80.785683
"953","08/27/2012","AQS",371190041,1,0.034,"ppm",31,"Garinger High School",17,100,44201,"Ozone",16740,"Charlotte-Concord-Gastonia, NC-SC",37,"North Carolina",119,"Mecklenburg",35.2401000008895,-80.785683
"954","08/28/2012","AQS",371190041,1,0.03,"ppm",28,"Garinger High School",17,100,44201,"Ozone",16740,"Charlotte-Concord-Gastonia, NC-SC",37,"North Carolina",119,"Mecklenburg",35.2401000008895,-80.785683
"955","08/29/2012","AQS",371190041,1,0.036,"ppm",33,"Garinger High School",17,100,44201,"Ozone",16740,"Charlotte-Concord-Gastonia, NC-SC",37,"North Carolina",119,"Mecklenburg",35.2401000008895,-80.785683
"956","08/30/2012","AQS",371190041,1,0.031,"ppm",29,"Garinger High School",17,100,44201,"Ozone",16740,"Charlotte-Concord-Gastonia, NC-SC",37,"North Carolina",119,"Mecklenburg",35.2401000008895,-80.785683
"957","08/31/2012","AQS",371190041,1,0.041,"ppm",38,"Garinger High School",17,100,44201,"Ozone",16740,"Charlotte-Concord-Gastonia, NC-SC",37,"North Carolina",119,"Mecklenburg",35.2401000008895,-80.785683
"958","09/01/2012","AQS",371190041,1,0.042,"ppm",39,"Garinger High School",17,100,44201,"Ozone",16740,"Charlotte-Concord-Gastonia, NC-SC",37,"North Carolina",119,"Mecklenburg",35.2401000008895,-80.785683
"959","09/02/2012","AQS",371190041,1,0.031,"ppm",29,"Garinger High School",17,100,44201,"Ozone",16740,"Charlotte-Concord-Gastonia, NC-SC",37,"North Carolina",119,"Mecklenburg",35.2401000008895,-80.785683
"960","09/03/2012","AQS",371190041,1,0.026,"ppm",24,"Garinger High School",17,100,44201,"Ozone",16740,"Charlotte-Concord-Gastonia, NC-SC",37,"North Carolina",119,"Mecklenburg",35.2401000008895,-80.785683
"961","09/04/2012","AQS",371190041,1,0.03,"ppm",28,"Garinger High School",17,100,44201,"Ozone",16740,"Charlotte-Concord-Gastonia, NC-SC",37,"North Carolina",119,"Mecklenburg",35.2401000008895,-80.785683
"962","09/05/2012","AQS",371190041,1,0.037,"ppm",34,"Garinger High School",17,100,44201,"Ozone",16740,"Charlotte-Concord-Gastonia, NC-SC",37,"North Carolina",119,"Mecklenburg",35.2401000008895,-80.785683
"963","09/06/2012","AQS",371190041,1,0.035,"ppm",32,"Garinger High School",17,100,44201,"Ozone",16740,"Charlotte-Concord-Gastonia, NC-SC",37,"North Carolina",119,"Mecklenburg",35.2401000008895,-80.785683
"964","09/07/2012","AQS",371190041,1,0.05,"ppm",46,"Garinger High School",17,100,44201,"Ozone",16740,"Charlotte-Concord-Gastonia, NC-SC",37,"North Carolina",119,"Mecklenburg",35.2401000008895,-80.785683
"965","09/08/2012","AQS",371190041,1,0.042,"ppm",39,"Garinger High School",17,100,44201,"Ozone",16740,"Charlotte-Concord-Gastonia, NC-SC",37,"North Carolina",119,"Mecklenburg",35.2401000008895,-80.785683
"966","09/09/2012","AQS",371190041,1,0.039,"ppm",36,"Garinger High School",17,100,44201,"Ozone",16740,"Charlotte-Concord-Gastonia, NC-SC",37,"North Carolina",119,"Mecklenburg",35.2401000008895,-80.785683
"967","09/10/2012","AQS",371190041,1,0.046,"ppm",43,"Garinger High School",17,100,44201,"Ozone",16740,"Charlotte-Concord-Gastonia, NC-SC",37,"North Carolina",119,"Mecklenburg",35.2401000008895,-80.785683
"968","09/11/2012","AQS",371190041,1,0.046,"ppm",43,"Garinger High School",17,100,44201,"Ozone",16740,"Charlotte-Concord-Gastonia, NC-SC",37,"North Carolina",119,"Mecklenburg",35.2401000008895,-80.785683
"969","09/12/2012","AQS",371190041,1,0.051,"ppm",47,"Garinger High School",17,100,44201,"Ozone",16740,"Charlotte-Concord-Gastonia, NC-SC",37,"North Carolina",119,"Mecklenburg",35.2401000008895,-80.785683
"970","09/13/2012","AQS",371190041,1,0.043,"ppm",40,"Garinger High School",17,100,44201,"Ozone",16740,"Charlotte-Concord-Gastonia, NC-SC",37,"North Carolina",119,"Mecklenburg",35.2401000008895,-80.785683
"971","09/14/2012","AQS",371190041,1,0.049,"ppm",45,"Garinger High School",17,100,44201,"Ozone",16740,"Charlotte-Concord-Gastonia, NC-SC",37,"North Carolina",119,"Mecklenburg",35.2401000008895,-80.785683
"972","09/15/2012","AQS",371190041,1,0.062,"ppm",74,"Garinger High School",17,100,44201,"Ozone",16740,"Charlotte-Concord-Gastonia, NC-SC",37,"North Carolina",119,"Mecklenburg",35.2401000008895,-80.785683
"973","09/16/2012","AQS",371190041,1,0.024,"ppm",22,"Garinger High School",17,100,44201,"Ozone",16740,"Charlotte-Concord-Gastonia, NC-SC",37,"North Carolina",119,"Mecklenburg",35.2401000008895,-80.785683
"974","09/17/2012","AQS",371190041,1,0.022,"ppm",20,"Garinger High School",17,100,44201,"Ozone",16740,"Charlotte-Concord-Gastonia, NC-SC",37,"North Carolina",119,"Mecklenburg",35.2401000008895,-80.785683
"975","09/18/2012","AQS",371190041,1,0.025,"ppm",23,"Garinger High School",17,100,44201,"Ozone",16740,"Charlotte-Concord-Gastonia, NC-SC",37,"North Carolina",119,"Mecklenburg",35.2401000008895,-80.785683
"976","09/19/2012","AQS",371190041,1,0.039,"ppm",36,"Garinger High School",17,100,44201,"Ozone",16740,"Charlotte-Concord-Gastonia, NC-SC",37,"North Carolina",119,"Mecklenburg",35.2401000008895,-80.785683
"977","09/20/2012","AQS",371190041,1,0.047,"ppm",44,"Garinger High School",17,100,44201,"Ozone",16740,"Charlotte-Concord-Gastonia, NC-SC",37,"North Carolina",119,"Mecklenburg",35.2401000008895,-80.785683
"978","09/21/2012","AQS",371190041,1,0.043,"ppm",40,"Garinger High School",17,100,44201,"Ozone",16740,"Charlotte-Concord-Gastonia, NC-SC",37,"North Carolina",119,"Mecklenburg",35.2401000008895,-80.785683
"979","09/22/2012","AQS",371190041,1,0.047,"ppm",44,"Garinger High School",17,100,44201,"Ozone",16740,"Charlotte-Concord-Gastonia, NC-SC",37,"North Carolina",119,"Mecklenburg",35.2401000008895,-80.785683
"980","09/23/2012","AQS",371190041,1,0.053,"ppm",49,"Garinger High School",17,100,44201,"Ozone",16740,"Charlotte-Concord-Gastonia, NC-SC",37,"North Carolina",119,"Mecklenburg",35.2401000008895,-80.785683
"981","09/24/2012","AQS",371190041,1,0.048,"ppm",44,"Garinger High School",17,100,44201,"Ozone",16740,"Charlotte-Concord-Gastonia, NC-SC",37,"North Carolina",119,"Mecklenburg",35.2401000008895,-80.785683
"982","09/25/2012","AQS",371190041,1,0.055,"ppm",51,"Garinger High School",17,100,44201,"Ozone",16740,"Charlotte-Concord-Gastonia, NC-SC",37,"North Carolina",119,"Mecklenburg",35.2401000008895,-80.785683
"983","09/26/2012","AQS",371190041,1,0.056,"ppm",54,"Garinger High School",17,100,44201,"Ozone",16740,"Charlotte-Concord-Gastonia, NC-SC",37,"North Carolina",119,"Mecklenburg",35.2401000008895,-80.785683
"984","09/27/2012","AQS",371190041,1,0.06,"ppm",67,"Garinger High School",17,100,44201,"Ozone",16740,"Charlotte-Concord-Gastonia, NC-SC",37,"North Carolina",119,"Mecklenburg",35.2401000008895,-80.785683
"985","09/28/2012","AQS",371190041,1,0.05,"ppm",46,"Garinger High School",17,100,44201,"Ozone",16740,"Charlotte-Concord-Gastonia, NC-SC",37,"North Carolina",119,"Mecklenburg",35.2401000008895,-80.785683
"986","09/29/2012","AQS",371190041,1,0.026,"ppm",24,"Garinger High School",17,100,44201,"Ozone",16740,"Charlotte-Concord-Gastonia, NC-SC",37,"North Carolina",119,"Mecklenburg",35.2401000008895,-80.785683
"987","09/30/2012","AQS",371190041,1,0.037,"ppm",34,"Garinger High School",17,100,44201,"Ozone",16740,"Charlotte-Concord-Gastonia, NC-SC",37,"North Carolina",119,"Mecklenburg",35.2401000008895,-80.785683
"988","10/01/2012","AQS",371190041,1,0.031,"ppm",29,"Garinger High School",17,100,44201,"Ozone",16740,"Charlotte-Concord-Gastonia, NC-SC",37,"North Carolina",119,"Mecklenburg",35.2401000008895,-80.785683
"989","10/02/2012","AQS",371190041,1,0.028,"ppm",26,"Garinger High School",17,100,44201,"Ozone",16740,"Charlotte-Concord-Gastonia, NC-SC",37,"North Carolina",119,"Mecklenburg",35.2401000008895,-80.785683
"990","10/03/2012","AQS",371190041,1,0.032,"ppm",30,"Garinger High School",17,100,44201,"Ozone",16740,"Charlotte-Concord-Gastonia, NC-SC",37,"North Carolina",119,"Mecklenburg",35.2401000008895,-80.785683
"991","10/04/2012","AQS",371190041,1,0.046,"ppm",43,"Garinger High School",17,100,44201,"Ozone",16740,"Charlotte-Concord-Gastonia, NC-SC",37,"North Carolina",119,"Mecklenburg",35.2401000008895,-80.785683
"992","10/05/2012","AQS",371190041,1,0.058,"ppm",61,"Garinger High School",17,100,44201,"Ozone",16740,"Charlotte-Concord-Gastonia, NC-SC",37,"North Carolina",119,"Mecklenburg",35.2401000008895,-80.785683
"993","10/06/2012","AQS",371190041,1,0.055,"ppm",51,"Garinger High School",17,100,44201,"Ozone",16740,"Charlotte-Concord-Gastonia, NC-SC",37,"North Carolina",119,"Mecklenburg",35.2401000008895,-80.785683
"994","10/07/2012","AQS",371190041,1,0.024,"ppm",22,"Garinger High School",17,100,44201,"Ozone",16740,"Charlotte-Concord-Gastonia, NC-SC",37,"North Carolina",119,"Mecklenburg",35.2401000008895,-80.785683
"995","10/08/2012","AQS",371190041,1,0.016,"ppm",15,"Garinger High School",17,100,44201,"Ozone",16740,"Charlotte-Concord-Gastonia, NC-SC",37,"North Carolina",119,"Mecklenburg",35.2401000008895,-80.785683
"996","10/09/2012","AQS",371190041,1,0.021,"ppm",19,"Garinger High School",17,100,44201,"Ozone",16740,"Charlotte-Concord-Gastonia, NC-SC",37,"North Carolina",119,"Mecklenburg",35.2401000008895,-80.785683
"997","10/10/2012","AQS",371190041,1,0.033,"ppm",31,"Garinger High School",17,100,44201,"Ozone",16740,"Charlotte-Concord-Gastonia, NC-SC",37,"North Carolina",119,"Mecklenburg",35.2401000008895,-80.785683
"998","10/11/2012","AQS",371190041,1,0.042,"ppm",39,"Garinger High School",17,100,44201,"Ozone",16740,"Charlotte-Concord-Gastonia, NC-SC",37,"North Carolina",119,"Mecklenburg",35.2401000008895,-80.785683
"999","10/12/2012","AQS",371190041,1,0.04,"ppm",37,"Garinger High School",17,100,44201,"Ozone",16740,"Charlotte-Concord-Gastonia, NC-SC",37,"North Carolina",119,"Mecklenburg",35.2401000008895,-80.785683
"1000","10/13/2012","AQS",371190041,1,0.04,"ppm",37,"Garinger High School",17,100,44201,"Ozone",16740,"Charlotte-Concord-Gastonia, NC-SC",37,"North Carolina",119,"Mecklenburg",35.2401000008895,-80.785683
"1001","10/14/2012","AQS",371190041,1,0.034,"ppm",31,"Garinger High School",17,100,44201,"Ozone",16740,"Charlotte-Concord-Gastonia, NC-SC",37,"North Carolina",119,"Mecklenburg",35.2401000008895,-80.785683
"1002","10/15/2012","AQS",371190041,1,0.031,"ppm",29,"Garinger High School",17,100,44201,"Ozone",16740,"Charlotte-Concord-Gastonia, NC-SC",37,"North Carolina",119,"Mecklenburg",35.2401000008895,-80.785683
"1003","10/16/2012","AQS",371190041,1,0.039,"ppm",36,"Garinger High School",17,100,44201,"Ozone",16740,"Charlotte-Concord-Gastonia, NC-SC",37,"North Carolina",119,"Mecklenburg",35.2401000008895,-80.785683
"1004","10/17/2012","AQS",371190041,1,0.042,"ppm",39,"Garinger High School",17,100,44201,"Ozone",16740,"Charlotte-Concord-Gastonia, NC-SC",37,"North Carolina",119,"Mecklenburg",35.2401000008895,-80.785683
"1005","10/18/2012","AQS",371190041,1,0.037,"ppm",34,"Garinger High School",17,100,44201,"Ozone",16740,"Charlotte-Concord-Gastonia, NC-SC",37,"North Carolina",119,"Mecklenburg",35.2401000008895,-80.785683
"1006","10/19/2012","AQS",371190041,1,0.041,"ppm",38,"Garinger High School",17,100,44201,"Ozone",16740,"Charlotte-Concord-Gastonia, NC-SC",37,"North Carolina",119,"Mecklenburg",35.2401000008895,-80.785683
"1007","10/20/2012","AQS",371190041,1,0.037,"ppm",34,"Garinger High School",17,100,44201,"Ozone",16740,"Charlotte-Concord-Gastonia, NC-SC",37,"North Carolina",119,"Mecklenburg",35.2401000008895,-80.785683
"1008","10/21/2012","AQS",371190041,1,0.035,"ppm",32,"Garinger High School",17,100,44201,"Ozone",16740,"Charlotte-Concord-Gastonia, NC-SC",37,"North Carolina",119,"Mecklenburg",35.2401000008895,-80.785683
"1009","10/22/2012","AQS",371190041,1,0.039,"ppm",36,"Garinger High School",17,100,44201,"Ozone",16740,"Charlotte-Concord-Gastonia, NC-SC",37,"North Carolina",119,"Mecklenburg",35.2401000008895,-80.785683
"1010","10/23/2012","AQS",371190041,1,0.052,"ppm",48,"Garinger High School",17,100,44201,"Ozone",16740,"Charlotte-Concord-Gastonia, NC-SC",37,"North Carolina",119,"Mecklenburg",35.2401000008895,-80.785683
"1011","10/24/2012","AQS",371190041,1,0.051,"ppm",47,"Garinger High School",17,100,44201,"Ozone",16740,"Charlotte-Concord-Gastonia, NC-SC",37,"North Carolina",119,"Mecklenburg",35.2401000008895,-80.785683
"1012","10/25/2012","AQS",371190041,1,0.04,"ppm",37,"Garinger High School",17,100,44201,"Ozone",16740,"Charlotte-Concord-Gastonia, NC-SC",37,"North Carolina",119,"Mecklenburg",35.2401000008895,-80.785683
"1013","10/26/2012","AQS",371190041,1,0.048,"ppm",44,"Garinger High School",17,100,44201,"Ozone",16740,"Charlotte-Concord-Gastonia, NC-SC",37,"North Carolina",119,"Mecklenburg",35.2401000008895,-80.785683
"1014","10/27/2012","AQS",371190041,1,0.035,"ppm",32,"Garinger High School",17,100,44201,"Ozone",16740,"Charlotte-Concord-Gastonia, NC-SC",37,"North Carolina",119,"Mecklenburg",35.2401000008895,-80.785683
"1015","10/28/2012","AQS",371190041,1,0.034,"ppm",31,"Garinger High School",17,100,44201,"Ozone",16740,"Charlotte-Concord-Gastonia, NC-SC",37,"North Carolina",119,"Mecklenburg",35.2401000008895,-80.785683
"1016","10/29/2012","AQS",371190041,1,0.027,"ppm",25,"Garinger High School",17,100,44201,"Ozone",16740,"Charlotte-Concord-Gastonia, NC-SC",37,"North Carolina",119,"Mecklenburg",35.2401000008895,-80.785683
"1017","10/30/2012","AQS",371190041,1,0.025,"ppm",23,"Garinger High School",17,100,44201,"Ozone",16740,"Charlotte-Concord-Gastonia, NC-SC",37,"North Carolina",119,"Mecklenburg",35.2401000008895,-80.785683
"1018","10/31/2012","AQS",371190041,1,0.027,"ppm",25,"Garinger High School",17,100,44201,"Ozone",16740,"Charlotte-Concord-Gastonia, NC-SC",37,"North Carolina",119,"Mecklenburg",35.2401000008895,-80.785683
"1019","11/01/2012","AQS",371190041,1,0.033,"ppm",31,"Garinger High School",17,100,44201,"Ozone",16740,"Charlotte-Concord-Gastonia, NC-SC",37,"North Carolina",119,"Mecklenburg",35.2401000008895,-80.785683
"1020","11/02/2012","AQS",371190041,1,0.042,"ppm",39,"Garinger High School",17,100,44201,"Ozone",16740,"Charlotte-Concord-Gastonia, NC-SC",37,"North Carolina",119,"Mecklenburg",35.2401000008895,-80.785683
"1021","11/03/2012","AQS",371190041,1,0.044,"ppm",41,"Garinger High School",17,100,44201,"Ozone",16740,"Charlotte-Concord-Gastonia, NC-SC",37,"North Carolina",119,"Mecklenburg",35.2401000008895,-80.785683
"1022","11/04/2012","AQS",371190041,1,0.035,"ppm",32,"Garinger High School",17,100,44201,"Ozone",16740,"Charlotte-Concord-Gastonia, NC-SC",37,"North Carolina",119,"Mecklenburg",35.2401000008895,-80.785683
"1023","11/05/2012","AQS",371190041,1,0.039,"ppm",36,"Garinger High School",17,100,44201,"Ozone",16740,"Charlotte-Concord-Gastonia, NC-SC",37,"North Carolina",119,"Mecklenburg",35.2401000008895,-80.785683
"1024","11/06/2012","AQS",371190041,1,0.022,"ppm",20,"Garinger High School",17,100,44201,"Ozone",16740,"Charlotte-Concord-Gastonia, NC-SC",37,"North Carolina",119,"Mecklenburg",35.2401000008895,-80.785683
"1025","11/07/2012","AQS",371190041,1,0.026,"ppm",24,"Garinger High School",17,100,44201,"Ozone",16740,"Charlotte-Concord-Gastonia, NC-SC",37,"North Carolina",119,"Mecklenburg",35.2401000008895,-80.785683
"1026","11/08/2012","AQS",371190041,1,0.04,"ppm",37,"Garinger High School",17,100,44201,"Ozone",16740,"Charlotte-Concord-Gastonia, NC-SC",37,"North Carolina",119,"Mecklenburg",35.2401000008895,-80.785683
"1027","11/09/2012","AQS",371190041,1,0.036,"ppm",33,"Garinger High School",17,100,44201,"Ozone",16740,"Charlotte-Concord-Gastonia, NC-SC",37,"North Carolina",119,"Mecklenburg",35.2401000008895,-80.785683
"1028","11/10/2012","AQS",371190041,1,0.05,"ppm",46,"Garinger High School",17,100,44201,"Ozone",16740,"Charlotte-Concord-Gastonia, NC-SC",37,"North Carolina",119,"Mecklenburg",35.2401000008895,-80.785683
"1029","11/11/2012","AQS",371190041,1,0.048,"ppm",44,"Garinger High School",17,100,44201,"Ozone",16740,"Charlotte-Concord-Gastonia, NC-SC",37,"North Carolina",119,"Mecklenburg",35.2401000008895,-80.785683
"1030","11/12/2012","AQS",371190041,1,0.038,"ppm",35,"Garinger High School",17,100,44201,"Ozone",16740,"Charlotte-Concord-Gastonia, NC-SC",37,"North Carolina",119,"Mecklenburg",35.2401000008895,-80.785683
"1031","11/13/2012","AQS",371190041,1,0.026,"ppm",24,"Garinger High School",17,100,44201,"Ozone",16740,"Charlotte-Concord-Gastonia, NC-SC",37,"North Carolina",119,"Mecklenburg",35.2401000008895,-80.785683
"1032","11/14/2012","AQS",371190041,1,0.029,"ppm",27,"Garinger High School",17,100,44201,"Ozone",16740,"Charlotte-Concord-Gastonia, NC-SC",37,"North Carolina",119,"Mecklenburg",35.2401000008895,-80.785683
"1033","11/15/2012","AQS",371190041,1,0.013,"ppm",12,"Garinger High School",17,100,44201,"Ozone",16740,"Charlotte-Concord-Gastonia, NC-SC",37,"North Carolina",119,"Mecklenburg",35.2401000008895,-80.785683
"1034","11/16/2012","AQS",371190041,1,0.026,"ppm",24,"Garinger High School",17,100,44201,"Ozone",16740,"Charlotte-Concord-Gastonia, NC-SC",37,"North Carolina",119,"Mecklenburg",35.2401000008895,-80.785683
"1035","11/17/2012","AQS",371190041,1,0.031,"ppm",29,"Garinger High School",17,100,44201,"Ozone",16740,"Charlotte-Concord-Gastonia, NC-SC",37,"North Carolina",119,"Mecklenburg",35.2401000008895,-80.785683
"1036","11/18/2012","AQS",371190041,1,0.033,"ppm",31,"Garinger High School",17,100,44201,"Ozone",16740,"Charlotte-Concord-Gastonia, NC-SC",37,"North Carolina",119,"Mecklenburg",35.2401000008895,-80.785683
"1037","11/19/2012","AQS",371190041,1,0.032,"ppm",30,"Garinger High School",17,100,44201,"Ozone",16740,"Charlotte-Concord-Gastonia, NC-SC",37,"North Carolina",119,"Mecklenburg",35.2401000008895,-80.785683
"1038","11/20/2012","AQS",371190041,1,0.03,"ppm",28,"Garinger High School",17,100,44201,"Ozone",16740,"Charlotte-Concord-Gastonia, NC-SC",37,"North Carolina",119,"Mecklenburg",35.2401000008895,-80.785683
"1039","11/21/2012","AQS",371190041,1,0.033,"ppm",31,"Garinger High School",17,100,44201,"Ozone",16740,"Charlotte-Concord-Gastonia, NC-SC",37,"North Carolina",119,"Mecklenburg",35.2401000008895,-80.785683
"1040","11/22/2012","AQS",371190041,1,0.039,"ppm",36,"Garinger High School",17,100,44201,"Ozone",16740,"Charlotte-Concord-Gastonia, NC-SC",37,"North Carolina",119,"Mecklenburg",35.2401000008895,-80.785683
"1041","11/23/2012","AQS",371190041,1,0.04,"ppm",37,"Garinger High School",17,100,44201,"Ozone",16740,"Charlotte-Concord-Gastonia, NC-SC",37,"North Carolina",119,"Mecklenburg",35.2401000008895,-80.785683
"1042","11/24/2012","AQS",371190041,1,0.036,"ppm",33,"Garinger High School",17,100,44201,"Ozone",16740,"Charlotte-Concord-Gastonia, NC-SC",37,"North Carolina",119,"Mecklenburg",35.2401000008895,-80.785683
"1043","11/25/2012","AQS",371190041,1,0.032,"ppm",30,"Garinger High School",17,100,44201,"Ozone",16740,"Charlotte-Concord-Gastonia, NC-SC",37,"North Carolina",119,"Mecklenburg",35.2401000008895,-80.785683
"1044","11/26/2012","AQS",371190041,1,0.039,"ppm",36,"Garinger High School",17,100,44201,"Ozone",16740,"Charlotte-Concord-Gastonia, NC-SC",37,"North Carolina",119,"Mecklenburg",35.2401000008895,-80.785683
"1045","11/27/2012","AQS",371190041,1,0.026,"ppm",24,"Garinger High School",17,100,44201,"Ozone",16740,"Charlotte-Concord-Gastonia, NC-SC",37,"North Carolina",119,"Mecklenburg",35.2401000008895,-80.785683
"1046","11/28/2012","AQS",371190041,1,0.028,"ppm",26,"Garinger High School",17,100,44201,"Ozone",16740,"Charlotte-Concord-Gastonia, NC-SC",37,"North Carolina",119,"Mecklenburg",35.2401000008895,-80.785683
"1047","11/29/2012","AQS",371190041,1,0.035,"ppm",32,"Garinger High School",17,100,44201,"Ozone",16740,"Charlotte-Concord-Gastonia, NC-SC",37,"North Carolina",119,"Mecklenburg",35.2401000008895,-80.785683
"1048","11/30/2012","AQS",371190041,1,0.035,"ppm",32,"Garinger High School",17,100,44201,"Ozone",16740,"Charlotte-Concord-Gastonia, NC-SC",37,"North Carolina",119,"Mecklenburg",35.2401000008895,-80.785683
"1049","12/01/2012","AQS",371190041,1,0.037,"ppm",34,"Garinger High School",17,100,44201,"Ozone",16740,"Charlotte-Concord-Gastonia, NC-SC",37,"North Carolina",119,"Mecklenburg",35.2401000008895,-80.785683
"1050","12/02/2012","AQS",371190041,1,0.037,"ppm",34,"Garinger High School",17,100,44201,"Ozone",16740,"Charlotte-Concord-Gastonia, NC-SC",37,"North Carolina",119,"Mecklenburg",35.2401000008895,-80.785683
"1051","12/03/2012","AQS",371190041,1,0.036,"ppm",33,"Garinger High School",17,100,44201,"Ozone",16740,"Charlotte-Concord-Gastonia, NC-SC",37,"North Carolina",119,"Mecklenburg",35.2401000008895,-80.785683
"1052","12/04/2012","AQS",371190041,1,0.034,"ppm",31,"Garinger High School",17,100,44201,"Ozone",16740,"Charlotte-Concord-Gastonia, NC-SC",37,"North Carolina",119,"Mecklenburg",35.2401000008895,-80.785683
"1053","12/05/2012","AQS",371190041,1,0.023,"ppm",21,"Garinger High School",17,100,44201,"Ozone",16740,"Charlotte-Concord-Gastonia, NC-SC",37,"North Carolina",119,"Mecklenburg",35.2401000008895,-80.785683
"1054","12/06/2012","AQS",371190041,1,0.019,"ppm",18,"Garinger High School",17,100,44201,"Ozone",16740,"Charlotte-Concord-Gastonia, NC-SC",37,"North Carolina",119,"Mecklenburg",35.2401000008895,-80.785683
"1055","12/07/2012","AQS",371190041,1,0.011,"ppm",10,"Garinger High School",17,100,44201,"Ozone",16740,"Charlotte-Concord-Gastonia, NC-SC",37,"North Carolina",119,"Mecklenburg",35.2401000008895,-80.785683
"1056","12/08/2012","AQS",371190041,1,0.031,"ppm",29,"Garinger High School",17,100,44201,"Ozone",16740,"Charlotte-Concord-Gastonia, NC-SC",37,"North Carolina",119,"Mecklenburg",35.2401000008895,-80.785683
"1057","12/09/2012","AQS",371190041,1,0.021,"ppm",19,"Garinger High School",17,100,44201,"Ozone",16740,"Charlotte-Concord-Gastonia, NC-SC",37,"North Carolina",119,"Mecklenburg",35.2401000008895,-80.785683
"1058","12/10/2012","AQS",371190041,1,0.031,"ppm",29,"Garinger High School",17,100,44201,"Ozone",16740,"Charlotte-Concord-Gastonia, NC-SC",37,"North Carolina",119,"Mecklenburg",35.2401000008895,-80.785683
"1059","12/11/2012","AQS",371190041,1,0.021,"ppm",19,"Garinger High School",17,100,44201,"Ozone",16740,"Charlotte-Concord-Gastonia, NC-SC",37,"North Carolina",119,"Mecklenburg",35.2401000008895,-80.785683
"1060","12/12/2012","AQS",371190041,1,0.016,"ppm",15,"Garinger High School",17,100,44201,"Ozone",16740,"Charlotte-Concord-Gastonia, NC-SC",37,"North Carolina",119,"Mecklenburg",35.2401000008895,-80.785683
"1061","12/13/2012","AQS",371190041,1,0.026,"ppm",24,"Garinger High School",17,100,44201,"Ozone",16740,"Charlotte-Concord-Gastonia, NC-SC",37,"North Carolina",119,"Mecklenburg",35.2401000008895,-80.785683
"1062","12/14/2012","AQS",371190041,1,0.017,"ppm",16,"Garinger High School",17,100,44201,"Ozone",16740,"Charlotte-Concord-Gastonia, NC-SC",37,"North Carolina",119,"Mecklenburg",35.2401000008895,-80.785683
"1063","12/15/2012","AQS",371190041,1,0.029,"ppm",27,"Garinger High School",17,100,44201,"Ozone",16740,"Charlotte-Concord-Gastonia, NC-SC",37,"North Carolina",119,"Mecklenburg",35.2401000008895,-80.785683
"1064","12/16/2012","AQS",371190041,1,0.018,"ppm",17,"Garinger High School",17,100,44201,"Ozone",16740,"Charlotte-Concord-Gastonia, NC-SC",37,"North Carolina",119,"Mecklenburg",35.2401000008895,-80.785683
"1065","12/17/2012","AQS",371190041,1,0.023,"ppm",21,"Garinger High School",17,100,44201,"Ozone",16740,"Charlotte-Concord-Gastonia, NC-SC",37,"North Carolina",119,"Mecklenburg",35.2401000008895,-80.785683
"1066","12/18/2012","AQS",371190041,1,0.033,"ppm",31,"Garinger High School",17,100,44201,"Ozone",16740,"Charlotte-Concord-Gastonia, NC-SC",37,"North Carolina",119,"Mecklenburg",35.2401000008895,-80.785683
"1067","12/19/2012","AQS",371190041,1,0.032,"ppm",30,"Garinger High School",17,100,44201,"Ozone",16740,"Charlotte-Concord-Gastonia, NC-SC",37,"North Carolina",119,"Mecklenburg",35.2401000008895,-80.785683
"1068","12/20/2012","AQS",371190041,1,0.024,"ppm",22,"Garinger High School",17,100,44201,"Ozone",16740,"Charlotte-Concord-Gastonia, NC-SC",37,"North Carolina",119,"Mecklenburg",35.2401000008895,-80.785683
"1069","12/21/2012","AQS",371190041,1,0.031,"ppm",29,"Garinger High School",17,100,44201,"Ozone",16740,"Charlotte-Concord-Gastonia, NC-SC",37,"North Carolina",119,"Mecklenburg",35.2401000008895,-80.785683
"1070","12/22/2012","AQS",371190041,1,0.036,"ppm",33,"Garinger High School",17,100,44201,"Ozone",16740,"Charlotte-Concord-Gastonia, NC-SC",37,"North Carolina",119,"Mecklenburg",35.2401000008895,-80.785683
"1071","12/23/2012","AQS",371190041,1,0.031,"ppm",29,"Garinger High School",17,100,44201,"Ozone",16740,"Charlotte-Concord-Gastonia, NC-SC",37,"North Carolina",119,"Mecklenburg",35.2401000008895,-80.785683
"1072","12/24/2012","AQS",371190041,1,0.025,"ppm",23,"Garinger High School",17,100,44201,"Ozone",16740,"Charlotte-Concord-Gastonia, NC-SC",37,"North Carolina",119,"Mecklenburg",35.2401000008895,-80.785683
"1073","12/25/2012","AQS",371190041,1,0.031,"ppm",29,"Garinger High School",17,100,44201,"Ozone",16740,"Charlotte-Concord-Gastonia, NC-SC",37,"North Carolina",119,"Mecklenburg",35.2401000008895,-80.785683
"1074","12/26/2012","AQS",371190041,1,0.022,"ppm",20,"Garinger High School",17,100,44201,"Ozone",16740,"Charlotte-Concord-Gastonia, NC-SC",37,"North Carolina",119,"Mecklenburg",35.2401000008895,-80.785683
"1075","12/27/2012","AQS",371190041,1,0.029,"ppm",27,"Garinger High School",17,100,44201,"Ozone",16740,"Charlotte-Concord-Gastonia, NC-SC",37,"North Carolina",119,"Mecklenburg",35.2401000008895,-80.785683
"1076","12/28/2012","AQS",371190041,1,0.026,"ppm",24,"Garinger High School",17,100,44201,"Ozone",16740,"Charlotte-Concord-Gastonia, NC-SC",37,"North Carolina",119,"Mecklenburg",35.2401000008895,-80.785683
"1077","12/29/2012","AQS",371190041,1,0.029,"ppm",27,"Garinger High School",17,100,44201,"Ozone",16740,"Charlotte-Concord-Gastonia, NC-SC",37,"North Carolina",119,"Mecklenburg",35.2401000008895,-80.785683
"1078","12/30/2012","AQS",371190041,1,0.034,"ppm",31,"Garinger High School",17,100,44201,"Ozone",16740,"Charlotte-Concord-Gastonia, NC-SC",37,"North Carolina",119,"Mecklenburg",35.2401000008895,-80.785683
"1079","01/01/2013","AQS",371190041,1,0.019,"ppm",18,"Garinger High School",17,100,44201,"Ozone",16740,"Charlotte-Concord-Gastonia, NC-SC",37,"North Carolina",119,"Mecklenburg",35.2401000008895,-80.785683
"1080","01/02/2013","AQS",371190041,1,0.021,"ppm",19,"Garinger High School",17,100,44201,"Ozone",16740,"Charlotte-Concord-Gastonia, NC-SC",37,"North Carolina",119,"Mecklenburg",35.2401000008895,-80.785683
"1081","01/03/2013","AQS",371190041,1,0.018,"ppm",17,"Garinger High School",17,100,44201,"Ozone",16740,"Charlotte-Concord-Gastonia, NC-SC",37,"North Carolina",119,"Mecklenburg",35.2401000008895,-80.785683
"1082","01/04/2013","AQS",371190041,1,0.029,"ppm",27,"Garinger High School",17,100,44201,"Ozone",16740,"Charlotte-Concord-Gastonia, NC-SC",37,"North Carolina",119,"Mecklenburg",35.2401000008895,-80.785683
"1083","01/05/2013","AQS",371190041,1,0.031,"ppm",29,"Garinger High School",17,100,44201,"Ozone",16740,"Charlotte-Concord-Gastonia, NC-SC",37,"North Carolina",119,"Mecklenburg",35.2401000008895,-80.785683
"1084","01/06/2013","AQS",371190041,1,0.028,"ppm",26,"Garinger High School",17,100,44201,"Ozone",16740,"Charlotte-Concord-Gastonia, NC-SC",37,"North Carolina",119,"Mecklenburg",35.2401000008895,-80.785683
"1085","01/07/2013","AQS",371190041,1,0.037,"ppm",34,"Garinger High School",17,100,44201,"Ozone",16740,"Charlotte-Concord-Gastonia, NC-SC",37,"North Carolina",119,"Mecklenburg",35.2401000008895,-80.785683
"1086","01/08/2013","AQS",371190041,1,0.015,"ppm",14,"Garinger High School",17,100,44201,"Ozone",16740,"Charlotte-Concord-Gastonia, NC-SC",37,"North Carolina",119,"Mecklenburg",35.2401000008895,-80.785683
"1087","01/09/2013","AQS",371190041,1,0.023,"ppm",21,"Garinger High School",17,100,44201,"Ozone",16740,"Charlotte-Concord-Gastonia, NC-SC",37,"North Carolina",119,"Mecklenburg",35.2401000008895,-80.785683
"1088","01/10/2013","AQS",371190041,1,0.032,"ppm",30,"Garinger High School",17,100,44201,"Ozone",16740,"Charlotte-Concord-Gastonia, NC-SC",37,"North Carolina",119,"Mecklenburg",35.2401000008895,-80.785683
"1089","01/11/2013","AQS",371190041,1,0.02,"ppm",19,"Garinger High School",17,100,44201,"Ozone",16740,"Charlotte-Concord-Gastonia, NC-SC",37,"North Carolina",119,"Mecklenburg",35.2401000008895,-80.785683
"1090","01/12/2013","AQS",371190041,1,0.02,"ppm",19,"Garinger High School",17,100,44201,"Ozone",16740,"Charlotte-Concord-Gastonia, NC-SC",37,"North Carolina",119,"Mecklenburg",35.2401000008895,-80.785683
"1091","01/13/2013","AQS",371190041,1,0.026,"ppm",24,"Garinger High School",17,100,44201,"Ozone",16740,"Charlotte-Concord-Gastonia, NC-SC",37,"North Carolina",119,"Mecklenburg",35.2401000008895,-80.785683
"1092","01/14/2013","AQS",371190041,1,0.014,"ppm",13,"Garinger High School",17,100,44201,"Ozone",16740,"Charlotte-Concord-Gastonia, NC-SC",37,"North Carolina",119,"Mecklenburg",35.2401000008895,-80.785683
"1093","01/15/2013","AQS",371190041,1,0.014,"ppm",13,"Garinger High School",17,100,44201,"Ozone",16740,"Charlotte-Concord-Gastonia, NC-SC",37,"North Carolina",119,"Mecklenburg",35.2401000008895,-80.785683
"1094","01/16/2013","AQS",371190041,1,0.004,"ppm",4,"Garinger High School",17,100,44201,"Ozone",16740,"Charlotte-Concord-Gastonia, NC-SC",37,"North Carolina",119,"Mecklenburg",35.2401000008895,-80.785683
"1095","01/17/2013","AQS",371190041,1,0.029,"ppm",27,"Garinger High School",17,100,44201,"Ozone",16740,"Charlotte-Concord-Gastonia, NC-SC",37,"North Carolina",119,"Mecklenburg",35.2401000008895,-80.785683
"1096","01/18/2013","AQS",371190041,1,0.032,"ppm",30,"Garinger High School",17,100,44201,"Ozone",16740,"Charlotte-Concord-Gastonia, NC-SC",37,"North Carolina",119,"Mecklenburg",35.2401000008895,-80.785683
"1097","01/19/2013","AQS",371190041,1,0.033,"ppm",31,"Garinger High School",17,100,44201,"Ozone",16740,"Charlotte-Concord-Gastonia, NC-SC",37,"North Carolina",119,"Mecklenburg",35.2401000008895,-80.785683
"1098","01/20/2013","AQS",371190041,1,0.04,"ppm",37,"Garinger High School",17,100,44201,"Ozone",16740,"Charlotte-Concord-Gastonia, NC-SC",37,"North Carolina",119,"Mecklenburg",35.2401000008895,-80.785683
"1099","01/21/2013","AQS",371190041,1,0.04,"ppm",37,"Garinger High School",17,100,44201,"Ozone",16740,"Charlotte-Concord-Gastonia, NC-SC",37,"North Carolina",119,"Mecklenburg",35.2401000008895,-80.785683
"1100","01/22/2013","AQS",371190041,1,0.039,"ppm",36,"Garinger High School",17,100,44201,"Ozone",16740,"Charlotte-Concord-Gastonia, NC-SC",37,"North Carolina",119,"Mecklenburg",35.2401000008895,-80.785683
"1101","01/23/2013","AQS",371190041,1,0.034,"ppm",31,"Garinger High School",17,100,44201,"Ozone",16740,"Charlotte-Concord-Gastonia, NC-SC",37,"North Carolina",119,"Mecklenburg",35.2401000008895,-80.785683
"1102","01/24/2013","AQS",371190041,1,0.032,"ppm",30,"Garinger High School",17,100,44201,"Ozone",16740,"Charlotte-Concord-Gastonia, NC-SC",37,"North Carolina",119,"Mecklenburg",35.2401000008895,-80.785683
"1103","01/25/2013","AQS",371190041,1,0.021,"ppm",19,"Garinger High School",17,100,44201,"Ozone",16740,"Charlotte-Concord-Gastonia, NC-SC",37,"North Carolina",119,"Mecklenburg",35.2401000008895,-80.785683
"1104","01/26/2013","AQS",371190041,1,0.02,"ppm",19,"Garinger High School",17,100,44201,"Ozone",16740,"Charlotte-Concord-Gastonia, NC-SC",37,"North Carolina",119,"Mecklenburg",35.2401000008895,-80.785683
"1105","01/27/2013","AQS",371190041,1,0.034,"ppm",31,"Garinger High School",17,100,44201,"Ozone",16740,"Charlotte-Concord-Gastonia, NC-SC",37,"North Carolina",119,"Mecklenburg",35.2401000008895,-80.785683
"1106","01/28/2013","AQS",371190041,1,0.026,"ppm",24,"Garinger High School",17,100,44201,"Ozone",16740,"Charlotte-Concord-Gastonia, NC-SC",37,"North Carolina",119,"Mecklenburg",35.2401000008895,-80.785683
"1107","01/29/2013","AQS",371190041,1,0.037,"ppm",34,"Garinger High School",17,100,44201,"Ozone",16740,"Charlotte-Concord-Gastonia, NC-SC",37,"North Carolina",119,"Mecklenburg",35.2401000008895,-80.785683
"1108","01/30/2013","AQS",371190041,1,0.037,"ppm",34,"Garinger High School",17,100,44201,"Ozone",16740,"Charlotte-Concord-Gastonia, NC-SC",37,"North Carolina",119,"Mecklenburg",35.2401000008895,-80.785683
"1109","01/31/2013","AQS",371190041,1,0.036,"ppm",33,"Garinger High School",17,100,44201,"Ozone",16740,"Charlotte-Concord-Gastonia, NC-SC",37,"North Carolina",119,"Mecklenburg",35.2401000008895,-80.785683
"1110","02/01/2013","AQS",371190041,1,0.038,"ppm",35,"Garinger High School",17,100,44201,"Ozone",16740,"Charlotte-Concord-Gastonia, NC-SC",37,"North Carolina",119,"Mecklenburg",35.2401000008895,-80.785683
"1111","02/02/2013","AQS",371190041,1,0.039,"ppm",36,"Garinger High School",17,100,44201,"Ozone",16740,"Charlotte-Concord-Gastonia, NC-SC",37,"North Carolina",119,"Mecklenburg",35.2401000008895,-80.785683
"1112","02/03/2013","AQS",371190041,1,0.04,"ppm",37,"Garinger High School",17,100,44201,"Ozone",16740,"Charlotte-Concord-Gastonia, NC-SC",37,"North Carolina",119,"Mecklenburg",35.2401000008895,-80.785683
"1113","02/04/2013","AQS",371190041,1,0.032,"ppm",30,"Garinger High School",17,100,44201,"Ozone",16740,"Charlotte-Concord-Gastonia, NC-SC",37,"North Carolina",119,"Mecklenburg",35.2401000008895,-80.785683
"1114","02/05/2013","AQS",371190041,1,0.042,"ppm",39,"Garinger High School",17,100,44201,"Ozone",16740,"Charlotte-Concord-Gastonia, NC-SC",37,"North Carolina",119,"Mecklenburg",35.2401000008895,-80.785683
"1115","02/06/2013","AQS",371190041,1,0.041,"ppm",38,"Garinger High School",17,100,44201,"Ozone",16740,"Charlotte-Concord-Gastonia, NC-SC",37,"North Carolina",119,"Mecklenburg",35.2401000008895,-80.785683
"1116","02/07/2013","AQS",371190041,1,0.023,"ppm",21,"Garinger High School",17,100,44201,"Ozone",16740,"Charlotte-Concord-Gastonia, NC-SC",37,"North Carolina",119,"Mecklenburg",35.2401000008895,-80.785683
"1117","02/08/2013","AQS",371190041,1,0.035,"ppm",32,"Garinger High School",17,100,44201,"Ozone",16740,"Charlotte-Concord-Gastonia, NC-SC",37,"North Carolina",119,"Mecklenburg",35.2401000008895,-80.785683
"1118","02/09/2013","AQS",371190041,1,0.04,"ppm",37,"Garinger High School",17,100,44201,"Ozone",16740,"Charlotte-Concord-Gastonia, NC-SC",37,"North Carolina",119,"Mecklenburg",35.2401000008895,-80.785683
"1119","02/10/2013","AQS",371190041,1,0.045,"ppm",42,"Garinger High School",17,100,44201,"Ozone",16740,"Charlotte-Concord-Gastonia, NC-SC",37,"North Carolina",119,"Mecklenburg",35.2401000008895,-80.785683
"1120","02/11/2013","AQS",371190041,1,0.028,"ppm",26,"Garinger High School",17,100,44201,"Ozone",16740,"Charlotte-Concord-Gastonia, NC-SC",37,"North Carolina",119,"Mecklenburg",35.2401000008895,-80.785683
"1121","02/12/2013","AQS",371190041,1,0.033,"ppm",31,"Garinger High School",17,100,44201,"Ozone",16740,"Charlotte-Concord-Gastonia, NC-SC",37,"North Carolina",119,"Mecklenburg",35.2401000008895,-80.785683
"1122","02/13/2013","AQS",371190041,1,0.032,"ppm",30,"Garinger High School",17,100,44201,"Ozone",16740,"Charlotte-Concord-Gastonia, NC-SC",37,"North Carolina",119,"Mecklenburg",35.2401000008895,-80.785683
"1123","02/14/2013","AQS",371190041,1,0.032,"ppm",30,"Garinger High School",17,100,44201,"Ozone",16740,"Charlotte-Concord-Gastonia, NC-SC",37,"North Carolina",119,"Mecklenburg",35.2401000008895,-80.785683
"1124","02/15/2013","AQS",371190041,1,0.043,"ppm",40,"Garinger High School",17,100,44201,"Ozone",16740,"Charlotte-Concord-Gastonia, NC-SC",37,"North Carolina",119,"Mecklenburg",35.2401000008895,-80.785683
"1125","02/16/2013","AQS",371190041,1,0.031,"ppm",29,"Garinger High School",17,100,44201,"Ozone",16740,"Charlotte-Concord-Gastonia, NC-SC",37,"North Carolina",119,"Mecklenburg",35.2401000008895,-80.785683
"1126","02/17/2013","AQS",371190041,1,0.04,"ppm",37,"Garinger High School",17,100,44201,"Ozone",16740,"Charlotte-Concord-Gastonia, NC-SC",37,"North Carolina",119,"Mecklenburg",35.2401000008895,-80.785683
"1127","02/18/2013","AQS",371190041,1,0.042,"ppm",39,"Garinger High School",17,100,44201,"Ozone",16740,"Charlotte-Concord-Gastonia, NC-SC",37,"North Carolina",119,"Mecklenburg",35.2401000008895,-80.785683
"1128","02/19/2013","AQS",371190041,1,0.031,"ppm",29,"Garinger High School",17,100,44201,"Ozone",16740,"Charlotte-Concord-Gastonia, NC-SC",37,"North Carolina",119,"Mecklenburg",35.2401000008895,-80.785683
"1129","02/20/2013","AQS",371190041,1,0.04,"ppm",37,"Garinger High School",17,100,44201,"Ozone",16740,"Charlotte-Concord-Gastonia, NC-SC",37,"North Carolina",119,"Mecklenburg",35.2401000008895,-80.785683
"1130","02/21/2013","AQS",371190041,1,0.038,"ppm",35,"Garinger High School",17,100,44201,"Ozone",16740,"Charlotte-Concord-Gastonia, NC-SC",37,"North Carolina",119,"Mecklenburg",35.2401000008895,-80.785683
"1131","02/22/2013","AQS",371190041,1,0.027,"ppm",25,"Garinger High School",17,100,44201,"Ozone",16740,"Charlotte-Concord-Gastonia, NC-SC",37,"North Carolina",119,"Mecklenburg",35.2401000008895,-80.785683
"1132","02/23/2013","AQS",371190041,1,0.011,"ppm",10,"Garinger High School",17,100,44201,"Ozone",16740,"Charlotte-Concord-Gastonia, NC-SC",37,"North Carolina",119,"Mecklenburg",35.2401000008895,-80.785683
"1133","02/24/2013","AQS",371190041,1,0.045,"ppm",42,"Garinger High School",17,100,44201,"Ozone",16740,"Charlotte-Concord-Gastonia, NC-SC",37,"North Carolina",119,"Mecklenburg",35.2401000008895,-80.785683
"1134","02/25/2013","AQS",371190041,1,0.032,"ppm",30,"Garinger High School",17,100,44201,"Ozone",16740,"Charlotte-Concord-Gastonia, NC-SC",37,"North Carolina",119,"Mecklenburg",35.2401000008895,-80.785683
"1135","02/26/2013","AQS",371190041,1,0.028,"ppm",26,"Garinger High School",17,100,44201,"Ozone",16740,"Charlotte-Concord-Gastonia, NC-SC",37,"North Carolina",119,"Mecklenburg",35.2401000008895,-80.785683
"1136","02/27/2013","AQS",371190041,1,0.039,"ppm",36,"Garinger High School",17,100,44201,"Ozone",16740,"Charlotte-Concord-Gastonia, NC-SC",37,"North Carolina",119,"Mecklenburg",35.2401000008895,-80.785683
"1137","02/28/2013","AQS",371190041,1,0.042,"ppm",39,"Garinger High School",17,100,44201,"Ozone",16740,"Charlotte-Concord-Gastonia, NC-SC",37,"North Carolina",119,"Mecklenburg",35.2401000008895,-80.785683
"1138","03/01/2013","AQS",371190041,1,0.032,"ppm",30,"Garinger High School",17,100,44201,"Ozone",16740,"Charlotte-Concord-Gastonia, NC-SC",37,"North Carolina",119,"Mecklenburg",35.2401000008895,-80.785683
"1139","03/02/2013","AQS",371190041,1,0.031,"ppm",29,"Garinger High School",17,100,44201,"Ozone",16740,"Charlotte-Concord-Gastonia, NC-SC",37,"North Carolina",119,"Mecklenburg",35.2401000008895,-80.785683
"1140","03/03/2013","AQS",371190041,1,0.04,"ppm",37,"Garinger High School",17,100,44201,"Ozone",16740,"Charlotte-Concord-Gastonia, NC-SC",37,"North Carolina",119,"Mecklenburg",35.2401000008895,-80.785683
"1141","03/04/2013","AQS",371190041,1,0.045,"ppm",42,"Garinger High School",17,100,44201,"Ozone",16740,"Charlotte-Concord-Gastonia, NC-SC",37,"North Carolina",119,"Mecklenburg",35.2401000008895,-80.785683
"1142","03/05/2013","AQS",371190041,1,0.026,"ppm",24,"Garinger High School",17,100,44201,"Ozone",16740,"Charlotte-Concord-Gastonia, NC-SC",37,"North Carolina",119,"Mecklenburg",35.2401000008895,-80.785683
"1143","03/06/2013","AQS",371190041,1,0.036,"ppm",33,"Garinger High School",17,100,44201,"Ozone",16740,"Charlotte-Concord-Gastonia, NC-SC",37,"North Carolina",119,"Mecklenburg",35.2401000008895,-80.785683
"1144","03/07/2013","AQS",371190041,1,0.04,"ppm",37,"Garinger High School",17,100,44201,"Ozone",16740,"Charlotte-Concord-Gastonia, NC-SC",37,"North Carolina",119,"Mecklenburg",35.2401000008895,-80.785683
"1145","03/08/2013","AQS",371190041,1,0.045,"ppm",42,"Garinger High School",17,100,44201,"Ozone",16740,"Charlotte-Concord-Gastonia, NC-SC",37,"North Carolina",119,"Mecklenburg",35.2401000008895,-80.785683
"1146","03/09/2013","AQS",371190041,1,0.049,"ppm",45,"Garinger High School",17,100,44201,"Ozone",16740,"Charlotte-Concord-Gastonia, NC-SC",37,"North Carolina",119,"Mecklenburg",35.2401000008895,-80.785683
"1147","03/10/2013","AQS",371190041,1,0.053,"ppm",49,"Garinger High School",17,100,44201,"Ozone",16740,"Charlotte-Concord-Gastonia, NC-SC",37,"North Carolina",119,"Mecklenburg",35.2401000008895,-80.785683
"1148","03/11/2013","AQS",371190041,1,0.046,"ppm",43,"Garinger High School",17,100,44201,"Ozone",16740,"Charlotte-Concord-Gastonia, NC-SC",37,"North Carolina",119,"Mecklenburg",35.2401000008895,-80.785683
"1149","03/12/2013","AQS",371190041,1,0.043,"ppm",40,"Garinger High School",17,100,44201,"Ozone",16740,"Charlotte-Concord-Gastonia, NC-SC",37,"North Carolina",119,"Mecklenburg",35.2401000008895,-80.785683
"1150","03/13/2013","AQS",371190041,1,0.047,"ppm",44,"Garinger High School",17,100,44201,"Ozone",16740,"Charlotte-Concord-Gastonia, NC-SC",37,"North Carolina",119,"Mecklenburg",35.2401000008895,-80.785683
"1151","03/14/2013","AQS",371190041,1,0.045,"ppm",42,"Garinger High School",17,100,44201,"Ozone",16740,"Charlotte-Concord-Gastonia, NC-SC",37,"North Carolina",119,"Mecklenburg",35.2401000008895,-80.785683
"1152","03/15/2013","AQS",371190041,1,0.055,"ppm",51,"Garinger High School",17,100,44201,"Ozone",16740,"Charlotte-Concord-Gastonia, NC-SC",37,"North Carolina",119,"Mecklenburg",35.2401000008895,-80.785683
"1153","03/16/2013","AQS",371190041,1,0.061,"ppm",71,"Garinger High School",17,100,44201,"Ozone",16740,"Charlotte-Concord-Gastonia, NC-SC",37,"North Carolina",119,"Mecklenburg",35.2401000008895,-80.785683
"1154","03/17/2013","AQS",371190041,1,0.048,"ppm",44,"Garinger High School",17,100,44201,"Ozone",16740,"Charlotte-Concord-Gastonia, NC-SC",37,"North Carolina",119,"Mecklenburg",35.2401000008895,-80.785683
"1155","03/18/2013","AQS",371190041,1,0.021,"ppm",19,"Garinger High School",17,100,44201,"Ozone",16740,"Charlotte-Concord-Gastonia, NC-SC",37,"North Carolina",119,"Mecklenburg",35.2401000008895,-80.785683
"1156","03/19/2013","AQS",371190041,1,0.049,"ppm",45,"Garinger High School",17,100,44201,"Ozone",16740,"Charlotte-Concord-Gastonia, NC-SC",37,"North Carolina",119,"Mecklenburg",35.2401000008895,-80.785683
"1157","03/20/2013","AQS",371190041,1,0.046,"ppm",43,"Garinger High School",17,100,44201,"Ozone",16740,"Charlotte-Concord-Gastonia, NC-SC",37,"North Carolina",119,"Mecklenburg",35.2401000008895,-80.785683
"1158","03/22/2013","AQS",371190041,1,0.042,"ppm",39,"Garinger High School",17,100,44201,"Ozone",16740,"Charlotte-Concord-Gastonia, NC-SC",37,"North Carolina",119,"Mecklenburg",35.2401000008895,-80.785683
"1159","03/23/2013","AQS",371190041,1,0.034,"ppm",31,"Garinger High School",17,100,44201,"Ozone",16740,"Charlotte-Concord-Gastonia, NC-SC",37,"North Carolina",119,"Mecklenburg",35.2401000008895,-80.785683
"1160","03/24/2013","AQS",371190041,1,0.038,"ppm",35,"Garinger High School",17,100,44201,"Ozone",16740,"Charlotte-Concord-Gastonia, NC-SC",37,"North Carolina",119,"Mecklenburg",35.2401000008895,-80.785683
"1161","03/25/2013","AQS",371190041,1,0.04,"ppm",37,"Garinger High School",17,100,44201,"Ozone",16740,"Charlotte-Concord-Gastonia, NC-SC",37,"North Carolina",119,"Mecklenburg",35.2401000008895,-80.785683
"1162","03/26/2013","AQS",371190041,1,0.04,"ppm",37,"Garinger High School",17,100,44201,"Ozone",16740,"Charlotte-Concord-Gastonia, NC-SC",37,"North Carolina",119,"Mecklenburg",35.2401000008895,-80.785683
"1163","03/27/2013","AQS",371190041,1,0.048,"ppm",44,"Garinger High School",17,100,44201,"Ozone",16740,"Charlotte-Concord-Gastonia, NC-SC",37,"North Carolina",119,"Mecklenburg",35.2401000008895,-80.785683
"1164","03/28/2013","AQS",371190041,1,0.052,"ppm",48,"Garinger High School",17,100,44201,"Ozone",16740,"Charlotte-Concord-Gastonia, NC-SC",37,"North Carolina",119,"Mecklenburg",35.2401000008895,-80.785683
"1165","03/29/2013","AQS",371190041,1,0.056,"ppm",54,"Garinger High School",17,100,44201,"Ozone",16740,"Charlotte-Concord-Gastonia, NC-SC",37,"North Carolina",119,"Mecklenburg",35.2401000008895,-80.785683
"1166","03/30/2013","AQS",371190041,1,0.06,"ppm",67,"Garinger High School",17,100,44201,"Ozone",16740,"Charlotte-Concord-Gastonia, NC-SC",37,"North Carolina",119,"Mecklenburg",35.2401000008895,-80.785683
"1167","03/31/2013","AQS",371190041,1,0.046,"ppm",43,"Garinger High School",17,100,44201,"Ozone",16740,"Charlotte-Concord-Gastonia, NC-SC",37,"North Carolina",119,"Mecklenburg",35.2401000008895,-80.785683
"1168","04/01/2013","AQS",371190041,1,0.05,"ppm",46,"Garinger High School",17,100,44201,"Ozone",16740,"Charlotte-Concord-Gastonia, NC-SC",37,"North Carolina",119,"Mecklenburg",35.2401000008895,-80.785683
"1169","04/02/2013","AQS",371190041,1,0.055,"ppm",51,"Garinger High School",17,100,44201,"Ozone",16740,"Charlotte-Concord-Gastonia, NC-SC",37,"North Carolina",119,"Mecklenburg",35.2401000008895,-80.785683
"1170","04/03/2013","AQS",371190041,1,0.054,"ppm",50,"Garinger High School",17,100,44201,"Ozone",16740,"Charlotte-Concord-Gastonia, NC-SC",37,"North Carolina",119,"Mecklenburg",35.2401000008895,-80.785683
"1171","04/04/2013","AQS",371190041,1,0.042,"ppm",39,"Garinger High School",17,100,44201,"Ozone",16740,"Charlotte-Concord-Gastonia, NC-SC",37,"North Carolina",119,"Mecklenburg",35.2401000008895,-80.785683
"1172","04/05/2013","AQS",371190041,1,0.052,"ppm",48,"Garinger High School",17,100,44201,"Ozone",16740,"Charlotte-Concord-Gastonia, NC-SC",37,"North Carolina",119,"Mecklenburg",35.2401000008895,-80.785683
"1173","04/06/2013","AQS",371190041,1,0.064,"ppm",80,"Garinger High School",17,100,44201,"Ozone",16740,"Charlotte-Concord-Gastonia, NC-SC",37,"North Carolina",119,"Mecklenburg",35.2401000008895,-80.785683
"1174","04/07/2013","AQS",371190041,1,0.055,"ppm",51,"Garinger High School",17,100,44201,"Ozone",16740,"Charlotte-Concord-Gastonia, NC-SC",37,"North Carolina",119,"Mecklenburg",35.2401000008895,-80.785683
"1175","04/08/2013","AQS",371190041,1,0.05,"ppm",46,"Garinger High School",17,100,44201,"Ozone",16740,"Charlotte-Concord-Gastonia, NC-SC",37,"North Carolina",119,"Mecklenburg",35.2401000008895,-80.785683
"1176","04/09/2013","AQS",371190041,1,0.053,"ppm",49,"Garinger High School",17,100,44201,"Ozone",16740,"Charlotte-Concord-Gastonia, NC-SC",37,"North Carolina",119,"Mecklenburg",35.2401000008895,-80.785683
"1177","04/10/2013","AQS",371190041,1,0.05,"ppm",46,"Garinger High School",17,100,44201,"Ozone",16740,"Charlotte-Concord-Gastonia, NC-SC",37,"North Carolina",119,"Mecklenburg",35.2401000008895,-80.785683
"1178","04/11/2013","AQS",371190041,1,0.04,"ppm",37,"Garinger High School",17,100,44201,"Ozone",16740,"Charlotte-Concord-Gastonia, NC-SC",37,"North Carolina",119,"Mecklenburg",35.2401000008895,-80.785683
"1179","04/12/2013","AQS",371190041,1,0.048,"ppm",44,"Garinger High School",17,100,44201,"Ozone",16740,"Charlotte-Concord-Gastonia, NC-SC",37,"North Carolina",119,"Mecklenburg",35.2401000008895,-80.785683
"1180","04/13/2013","AQS",371190041,1,0.053,"ppm",49,"Garinger High School",17,100,44201,"Ozone",16740,"Charlotte-Concord-Gastonia, NC-SC",37,"North Carolina",119,"Mecklenburg",35.2401000008895,-80.785683
"1181","04/14/2013","AQS",371190041,1,0.05,"ppm",46,"Garinger High School",17,100,44201,"Ozone",16740,"Charlotte-Concord-Gastonia, NC-SC",37,"North Carolina",119,"Mecklenburg",35.2401000008895,-80.785683
"1182","04/15/2013","AQS",371190041,1,0.039,"ppm",36,"Garinger High School",17,100,44201,"Ozone",16740,"Charlotte-Concord-Gastonia, NC-SC",37,"North Carolina",119,"Mecklenburg",35.2401000008895,-80.785683
"1183","04/16/2013","AQS",371190041,1,0.045,"ppm",42,"Garinger High School",17,100,44201,"Ozone",16740,"Charlotte-Concord-Gastonia, NC-SC",37,"North Carolina",119,"Mecklenburg",35.2401000008895,-80.785683
"1184","04/17/2013","AQS",371190041,1,0.049,"ppm",45,"Garinger High School",17,100,44201,"Ozone",16740,"Charlotte-Concord-Gastonia, NC-SC",37,"North Carolina",119,"Mecklenburg",35.2401000008895,-80.785683
"1185","04/18/2013","AQS",371190041,1,0.039,"ppm",36,"Garinger High School",17,100,44201,"Ozone",16740,"Charlotte-Concord-Gastonia, NC-SC",37,"North Carolina",119,"Mecklenburg",35.2401000008895,-80.785683
"1186","04/19/2013","AQS",371190041,1,0.03,"ppm",28,"Garinger High School",17,100,44201,"Ozone",16740,"Charlotte-Concord-Gastonia, NC-SC",37,"North Carolina",119,"Mecklenburg",35.2401000008895,-80.785683
"1187","04/20/2013","AQS",371190041,1,0.049,"ppm",45,"Garinger High School",17,100,44201,"Ozone",16740,"Charlotte-Concord-Gastonia, NC-SC",37,"North Carolina",119,"Mecklenburg",35.2401000008895,-80.785683
"1188","04/21/2013","AQS",371190041,1,0.046,"ppm",43,"Garinger High School",17,100,44201,"Ozone",16740,"Charlotte-Concord-Gastonia, NC-SC",37,"North Carolina",119,"Mecklenburg",35.2401000008895,-80.785683
"1189","04/22/2013","AQS",371190041,1,0.055,"ppm",51,"Garinger High School",17,100,44201,"Ozone",16740,"Charlotte-Concord-Gastonia, NC-SC",37,"North Carolina",119,"Mecklenburg",35.2401000008895,-80.785683
"1190","04/23/2013","AQS",371190041,1,0.045,"ppm",42,"Garinger High School",17,100,44201,"Ozone",16740,"Charlotte-Concord-Gastonia, NC-SC",37,"North Carolina",119,"Mecklenburg",35.2401000008895,-80.785683
"1191","04/24/2013","AQS",371190041,1,0.046,"ppm",43,"Garinger High School",17,100,44201,"Ozone",16740,"Charlotte-Concord-Gastonia, NC-SC",37,"North Carolina",119,"Mecklenburg",35.2401000008895,-80.785683
"1192","04/25/2013","AQS",371190041,1,0.052,"ppm",48,"Garinger High School",17,100,44201,"Ozone",16740,"Charlotte-Concord-Gastonia, NC-SC",37,"North Carolina",119,"Mecklenburg",35.2401000008895,-80.785683
"1193","04/26/2013","AQS",371190041,1,0.061,"ppm",71,"Garinger High School",17,100,44201,"Ozone",16740,"Charlotte-Concord-Gastonia, NC-SC",37,"North Carolina",119,"Mecklenburg",35.2401000008895,-80.785683
"1194","04/27/2013","AQS",371190041,1,0.043,"ppm",40,"Garinger High School",17,100,44201,"Ozone",16740,"Charlotte-Concord-Gastonia, NC-SC",37,"North Carolina",119,"Mecklenburg",35.2401000008895,-80.785683
"1195","04/29/2013","AQS",371190041,1,0.038,"ppm",35,"Garinger High School",17,100,44201,"Ozone",16740,"Charlotte-Concord-Gastonia, NC-SC",37,"North Carolina",119,"Mecklenburg",35.2401000008895,-80.785683
"1196","04/30/2013","AQS",371190041,1,0.036,"ppm",33,"Garinger High School",17,100,44201,"Ozone",16740,"Charlotte-Concord-Gastonia, NC-SC",37,"North Carolina",119,"Mecklenburg",35.2401000008895,-80.785683
"1197","05/01/2013","AQS",371190041,1,0.037,"ppm",34,"Garinger High School",17,100,44201,"Ozone",16740,"Charlotte-Concord-Gastonia, NC-SC",37,"North Carolina",119,"Mecklenburg",35.2401000008895,-80.785683
"1198","05/02/2013","AQS",371190041,1,0.026,"ppm",24,"Garinger High School",17,100,44201,"Ozone",16740,"Charlotte-Concord-Gastonia, NC-SC",37,"North Carolina",119,"Mecklenburg",35.2401000008895,-80.785683
"1199","05/03/2013","AQS",371190041,1,0.041,"ppm",38,"Garinger High School",17,100,44201,"Ozone",16740,"Charlotte-Concord-Gastonia, NC-SC",37,"North Carolina",119,"Mecklenburg",35.2401000008895,-80.785683
"1200","05/04/2013","AQS",371190041,1,0.036,"ppm",33,"Garinger High School",17,100,44201,"Ozone",16740,"Charlotte-Concord-Gastonia, NC-SC",37,"North Carolina",119,"Mecklenburg",35.2401000008895,-80.785683
"1201","05/05/2013","AQS",371190041,1,0.032,"ppm",30,"Garinger High School",17,100,44201,"Ozone",16740,"Charlotte-Concord-Gastonia, NC-SC",37,"North Carolina",119,"Mecklenburg",35.2401000008895,-80.785683
"1202","05/06/2013","AQS",371190041,1,0.044,"ppm",41,"Garinger High School",17,100,44201,"Ozone",16740,"Charlotte-Concord-Gastonia, NC-SC",37,"North Carolina",119,"Mecklenburg",35.2401000008895,-80.785683
"1203","05/07/2013","AQS",371190041,1,0.043,"ppm",40,"Garinger High School",17,100,44201,"Ozone",16740,"Charlotte-Concord-Gastonia, NC-SC",37,"North Carolina",119,"Mecklenburg",35.2401000008895,-80.785683
"1204","05/08/2013","AQS",371190041,1,0.044,"ppm",41,"Garinger High School",17,100,44201,"Ozone",16740,"Charlotte-Concord-Gastonia, NC-SC",37,"North Carolina",119,"Mecklenburg",35.2401000008895,-80.785683
"1205","05/09/2013","AQS",371190041,1,0.051,"ppm",47,"Garinger High School",17,100,44201,"Ozone",16740,"Charlotte-Concord-Gastonia, NC-SC",37,"North Carolina",119,"Mecklenburg",35.2401000008895,-80.785683
"1206","05/10/2013","AQS",371190041,1,0.049,"ppm",45,"Garinger High School",17,100,44201,"Ozone",16740,"Charlotte-Concord-Gastonia, NC-SC",37,"North Carolina",119,"Mecklenburg",35.2401000008895,-80.785683
"1207","05/11/2013","AQS",371190041,1,0.047,"ppm",44,"Garinger High School",17,100,44201,"Ozone",16740,"Charlotte-Concord-Gastonia, NC-SC",37,"North Carolina",119,"Mecklenburg",35.2401000008895,-80.785683
"1208","05/12/2013","AQS",371190041,1,0.049,"ppm",45,"Garinger High School",17,100,44201,"Ozone",16740,"Charlotte-Concord-Gastonia, NC-SC",37,"North Carolina",119,"Mecklenburg",35.2401000008895,-80.785683
"1209","05/13/2013","AQS",371190041,1,0.051,"ppm",47,"Garinger High School",17,100,44201,"Ozone",16740,"Charlotte-Concord-Gastonia, NC-SC",37,"North Carolina",119,"Mecklenburg",35.2401000008895,-80.785683
"1210","05/14/2013","AQS",371190041,1,0.057,"ppm",58,"Garinger High School",17,100,44201,"Ozone",16740,"Charlotte-Concord-Gastonia, NC-SC",37,"North Carolina",119,"Mecklenburg",35.2401000008895,-80.785683
"1211","05/15/2013","AQS",371190041,1,0.067,"ppm",90,"Garinger High School",17,100,44201,"Ozone",16740,"Charlotte-Concord-Gastonia, NC-SC",37,"North Carolina",119,"Mecklenburg",35.2401000008895,-80.785683
"1212","05/16/2013","AQS",371190041,1,0.062,"ppm",74,"Garinger High School",17,100,44201,"Ozone",16740,"Charlotte-Concord-Gastonia, NC-SC",37,"North Carolina",119,"Mecklenburg",35.2401000008895,-80.785683
"1213","05/17/2013","AQS",371190041,1,0.068,"ppm",93,"Garinger High School",17,100,44201,"Ozone",16740,"Charlotte-Concord-Gastonia, NC-SC",37,"North Carolina",119,"Mecklenburg",35.2401000008895,-80.785683
"1214","05/18/2013","AQS",371190041,1,0.044,"ppm",41,"Garinger High School",17,100,44201,"Ozone",16740,"Charlotte-Concord-Gastonia, NC-SC",37,"North Carolina",119,"Mecklenburg",35.2401000008895,-80.785683
"1215","05/19/2013","AQS",371190041,1,0.031,"ppm",29,"Garinger High School",17,100,44201,"Ozone",16740,"Charlotte-Concord-Gastonia, NC-SC",37,"North Carolina",119,"Mecklenburg",35.2401000008895,-80.785683
"1216","05/20/2013","AQS",371190041,1,0.049,"ppm",45,"Garinger High School",17,100,44201,"Ozone",16740,"Charlotte-Concord-Gastonia, NC-SC",37,"North Carolina",119,"Mecklenburg",35.2401000008895,-80.785683
"1217","05/21/2013","AQS",371190041,1,0.044,"ppm",41,"Garinger High School",17,100,44201,"Ozone",16740,"Charlotte-Concord-Gastonia, NC-SC",37,"North Carolina",119,"Mecklenburg",35.2401000008895,-80.785683
"1218","05/22/2013","AQS",371190041,1,0.045,"ppm",42,"Garinger High School",17,100,44201,"Ozone",16740,"Charlotte-Concord-Gastonia, NC-SC",37,"North Carolina",119,"Mecklenburg",35.2401000008895,-80.785683
"1219","05/23/2013","AQS",371190041,1,0.039,"ppm",36,"Garinger High School",17,100,44201,"Ozone",16740,"Charlotte-Concord-Gastonia, NC-SC",37,"North Carolina",119,"Mecklenburg",35.2401000008895,-80.785683
"1220","05/24/2013","AQS",371190041,1,0.045,"ppm",42,"Garinger High School",17,100,44201,"Ozone",16740,"Charlotte-Concord-Gastonia, NC-SC",37,"North Carolina",119,"Mecklenburg",35.2401000008895,-80.785683
"1221","05/25/2013","AQS",371190041,1,0.05,"ppm",46,"Garinger High School",17,100,44201,"Ozone",16740,"Charlotte-Concord-Gastonia, NC-SC",37,"North Carolina",119,"Mecklenburg",35.2401000008895,-80.785683
"1222","05/26/2013","AQS",371190041,1,0.054,"ppm",50,"Garinger High School",17,100,44201,"Ozone",16740,"Charlotte-Concord-Gastonia, NC-SC",37,"North Carolina",119,"Mecklenburg",35.2401000008895,-80.785683
"1223","05/27/2013","AQS",371190041,1,0.053,"ppm",49,"Garinger High School",17,100,44201,"Ozone",16740,"Charlotte-Concord-Gastonia, NC-SC",37,"North Carolina",119,"Mecklenburg",35.2401000008895,-80.785683
"1224","05/28/2013","AQS",371190041,1,0.049,"ppm",45,"Garinger High School",17,100,44201,"Ozone",16740,"Charlotte-Concord-Gastonia, NC-SC",37,"North Carolina",119,"Mecklenburg",35.2401000008895,-80.785683
"1225","05/29/2013","AQS",371190041,1,0.051,"ppm",47,"Garinger High School",17,100,44201,"Ozone",16740,"Charlotte-Concord-Gastonia, NC-SC",37,"North Carolina",119,"Mecklenburg",35.2401000008895,-80.785683
"1226","05/30/2013","AQS",371190041,1,0.048,"ppm",44,"Garinger High School",17,100,44201,"Ozone",16740,"Charlotte-Concord-Gastonia, NC-SC",37,"North Carolina",119,"Mecklenburg",35.2401000008895,-80.785683
"1227","05/31/2013","AQS",371190041,1,0.033,"ppm",31,"Garinger High School",17,100,44201,"Ozone",16740,"Charlotte-Concord-Gastonia, NC-SC",37,"North Carolina",119,"Mecklenburg",35.2401000008895,-80.785683
"1228","06/01/2013","AQS",371190041,1,0.032,"ppm",30,"Garinger High School",17,100,44201,"Ozone",16740,"Charlotte-Concord-Gastonia, NC-SC",37,"North Carolina",119,"Mecklenburg",35.2401000008895,-80.785683
"1229","06/02/2013","AQS",371190041,1,0.027,"ppm",25,"Garinger High School",17,100,44201,"Ozone",16740,"Charlotte-Concord-Gastonia, NC-SC",37,"North Carolina",119,"Mecklenburg",35.2401000008895,-80.785683
"1230","06/03/2013","AQS",371190041,1,0.044,"ppm",41,"Garinger High School",17,100,44201,"Ozone",16740,"Charlotte-Concord-Gastonia, NC-SC",37,"North Carolina",119,"Mecklenburg",35.2401000008895,-80.785683
"1231","06/04/2013","AQS",371190041,1,0.045,"ppm",42,"Garinger High School",17,100,44201,"Ozone",16740,"Charlotte-Concord-Gastonia, NC-SC",37,"North Carolina",119,"Mecklenburg",35.2401000008895,-80.785683
"1232","06/05/2013","AQS",371190041,1,0.04,"ppm",37,"Garinger High School",17,100,44201,"Ozone",16740,"Charlotte-Concord-Gastonia, NC-SC",37,"North Carolina",119,"Mecklenburg",35.2401000008895,-80.785683
"1233","06/06/2013","AQS",371190041,1,0.021,"ppm",19,"Garinger High School",17,100,44201,"Ozone",16740,"Charlotte-Concord-Gastonia, NC-SC",37,"North Carolina",119,"Mecklenburg",35.2401000008895,-80.785683
"1234","06/07/2013","AQS",371190041,1,0.031,"ppm",29,"Garinger High School",17,100,44201,"Ozone",16740,"Charlotte-Concord-Gastonia, NC-SC",37,"North Carolina",119,"Mecklenburg",35.2401000008895,-80.785683
"1235","06/08/2013","AQS",371190041,1,0.046,"ppm",43,"Garinger High School",17,100,44201,"Ozone",16740,"Charlotte-Concord-Gastonia, NC-SC",37,"North Carolina",119,"Mecklenburg",35.2401000008895,-80.785683
"1236","06/09/2013","AQS",371190041,1,0.041,"ppm",38,"Garinger High School",17,100,44201,"Ozone",16740,"Charlotte-Concord-Gastonia, NC-SC",37,"North Carolina",119,"Mecklenburg",35.2401000008895,-80.785683
"1237","06/11/2013","AQS",371190041,1,0.045,"ppm",42,"Garinger High School",17,100,44201,"Ozone",16740,"Charlotte-Concord-Gastonia, NC-SC",37,"North Carolina",119,"Mecklenburg",35.2401000008895,-80.785683
"1238","06/12/2013","AQS",371190041,1,0.06,"ppm",67,"Garinger High School",17,100,44201,"Ozone",16740,"Charlotte-Concord-Gastonia, NC-SC",37,"North Carolina",119,"Mecklenburg",35.2401000008895,-80.785683
"1239","06/13/2013","AQS",371190041,1,0.046,"ppm",43,"Garinger High School",17,100,44201,"Ozone",16740,"Charlotte-Concord-Gastonia, NC-SC",37,"North Carolina",119,"Mecklenburg",35.2401000008895,-80.785683
"1240","06/14/2013","AQS",371190041,1,0.047,"ppm",44,"Garinger High School",17,100,44201,"Ozone",16740,"Charlotte-Concord-Gastonia, NC-SC",37,"North Carolina",119,"Mecklenburg",35.2401000008895,-80.785683
"1241","06/15/2013","AQS",371190041,1,0.051,"ppm",47,"Garinger High School",17,100,44201,"Ozone",16740,"Charlotte-Concord-Gastonia, NC-SC",37,"North Carolina",119,"Mecklenburg",35.2401000008895,-80.785683
"1242","06/16/2013","AQS",371190041,1,0.046,"ppm",43,"Garinger High School",17,100,44201,"Ozone",16740,"Charlotte-Concord-Gastonia, NC-SC",37,"North Carolina",119,"Mecklenburg",35.2401000008895,-80.785683
"1243","06/17/2013","AQS",371190041,1,0.045,"ppm",42,"Garinger High School",17,100,44201,"Ozone",16740,"Charlotte-Concord-Gastonia, NC-SC",37,"North Carolina",119,"Mecklenburg",35.2401000008895,-80.785683
"1244","06/18/2013","AQS",371190041,1,0.034,"ppm",31,"Garinger High School",17,100,44201,"Ozone",16740,"Charlotte-Concord-Gastonia, NC-SC",37,"North Carolina",119,"Mecklenburg",35.2401000008895,-80.785683
"1245","06/19/2013","AQS",371190041,1,0.05,"ppm",46,"Garinger High School",17,100,44201,"Ozone",16740,"Charlotte-Concord-Gastonia, NC-SC",37,"North Carolina",119,"Mecklenburg",35.2401000008895,-80.785683
"1246","06/20/2013","AQS",371190041,1,0.05,"ppm",46,"Garinger High School",17,100,44201,"Ozone",16740,"Charlotte-Concord-Gastonia, NC-SC",37,"North Carolina",119,"Mecklenburg",35.2401000008895,-80.785683
"1247","06/21/2013","AQS",371190041,1,0.058,"ppm",61,"Garinger High School",17,100,44201,"Ozone",16740,"Charlotte-Concord-Gastonia, NC-SC",37,"North Carolina",119,"Mecklenburg",35.2401000008895,-80.785683
"1248","06/22/2013","AQS",371190041,1,0.043,"ppm",40,"Garinger High School",17,100,44201,"Ozone",16740,"Charlotte-Concord-Gastonia, NC-SC",37,"North Carolina",119,"Mecklenburg",35.2401000008895,-80.785683
"1249","06/23/2013","AQS",371190041,1,0.043,"ppm",40,"Garinger High School",17,100,44201,"Ozone",16740,"Charlotte-Concord-Gastonia, NC-SC",37,"North Carolina",119,"Mecklenburg",35.2401000008895,-80.785683
"1250","06/24/2013","AQS",371190041,1,0.028,"ppm",26,"Garinger High School",17,100,44201,"Ozone",16740,"Charlotte-Concord-Gastonia, NC-SC",37,"North Carolina",119,"Mecklenburg",35.2401000008895,-80.785683
"1251","06/25/2013","AQS",371190041,1,0.032,"ppm",30,"Garinger High School",17,100,44201,"Ozone",16740,"Charlotte-Concord-Gastonia, NC-SC",37,"North Carolina",119,"Mecklenburg",35.2401000008895,-80.785683
"1252","06/26/2013","AQS",371190041,1,0.044,"ppm",41,"Garinger High School",17,100,44201,"Ozone",16740,"Charlotte-Concord-Gastonia, NC-SC",37,"North Carolina",119,"Mecklenburg",35.2401000008895,-80.785683
"1253","06/27/2013","AQS",371190041,1,0.034,"ppm",31,"Garinger High School",17,100,44201,"Ozone",16740,"Charlotte-Concord-Gastonia, NC-SC",37,"North Carolina",119,"Mecklenburg",35.2401000008895,-80.785683
"1254","06/28/2013","AQS",371190041,1,0.052,"ppm",48,"Garinger High School",17,100,44201,"Ozone",16740,"Charlotte-Concord-Gastonia, NC-SC",37,"North Carolina",119,"Mecklenburg",35.2401000008895,-80.785683
"1255","06/29/2013","AQS",371190041,1,0.043,"ppm",40,"Garinger High School",17,100,44201,"Ozone",16740,"Charlotte-Concord-Gastonia, NC-SC",37,"North Carolina",119,"Mecklenburg",35.2401000008895,-80.785683
"1256","06/30/2013","AQS",371190041,1,0.035,"ppm",32,"Garinger High School",17,100,44201,"Ozone",16740,"Charlotte-Concord-Gastonia, NC-SC",37,"North Carolina",119,"Mecklenburg",35.2401000008895,-80.785683
"1257","07/01/2013","AQS",371190041,1,0.034,"ppm",31,"Garinger High School",17,100,44201,"Ozone",16740,"Charlotte-Concord-Gastonia, NC-SC",37,"North Carolina",119,"Mecklenburg",35.2401000008895,-80.785683
"1258","07/02/2013","AQS",371190041,1,0.022,"ppm",20,"Garinger High School",17,100,44201,"Ozone",16740,"Charlotte-Concord-Gastonia, NC-SC",37,"North Carolina",119,"Mecklenburg",35.2401000008895,-80.785683
"1259","07/03/2013","AQS",371190041,1,0.018,"ppm",17,"Garinger High School",17,100,44201,"Ozone",16740,"Charlotte-Concord-Gastonia, NC-SC",37,"North Carolina",119,"Mecklenburg",35.2401000008895,-80.785683
"1260","07/05/2013","AQS",371190041,1,0.015,"ppm",14,"Garinger High School",17,100,44201,"Ozone",16740,"Charlotte-Concord-Gastonia, NC-SC",37,"North Carolina",119,"Mecklenburg",35.2401000008895,-80.785683
"1261","07/06/2013","AQS",371190041,1,0.019,"ppm",18,"Garinger High School",17,100,44201,"Ozone",16740,"Charlotte-Concord-Gastonia, NC-SC",37,"North Carolina",119,"Mecklenburg",35.2401000008895,-80.785683
"1262","07/07/2013","AQS",371190041,1,0.021,"ppm",19,"Garinger High School",17,100,44201,"Ozone",16740,"Charlotte-Concord-Gastonia, NC-SC",37,"North Carolina",119,"Mecklenburg",35.2401000008895,-80.785683
"1263","07/08/2013","AQS",371190041,1,0.032,"ppm",30,"Garinger High School",17,100,44201,"Ozone",16740,"Charlotte-Concord-Gastonia, NC-SC",37,"North Carolina",119,"Mecklenburg",35.2401000008895,-80.785683
"1264","07/09/2013","AQS",371190041,1,0.04,"ppm",37,"Garinger High School",17,100,44201,"Ozone",16740,"Charlotte-Concord-Gastonia, NC-SC",37,"North Carolina",119,"Mecklenburg",35.2401000008895,-80.785683
"1265","07/10/2013","AQS",371190041,1,0.04,"ppm",37,"Garinger High School",17,100,44201,"Ozone",16740,"Charlotte-Concord-Gastonia, NC-SC",37,"North Carolina",119,"Mecklenburg",35.2401000008895,-80.785683
"1266","07/11/2013","AQS",371190041,1,0.026,"ppm",24,"Garinger High School",17,100,44201,"Ozone",16740,"Charlotte-Concord-Gastonia, NC-SC",37,"North Carolina",119,"Mecklenburg",35.2401000008895,-80.785683
"1267","07/12/2013","AQS",371190041,1,0.043,"ppm",40,"Garinger High School",17,100,44201,"Ozone",16740,"Charlotte-Concord-Gastonia, NC-SC",37,"North Carolina",119,"Mecklenburg",35.2401000008895,-80.785683
"1268","07/13/2013","AQS",371190041,1,0.031,"ppm",29,"Garinger High School",17,100,44201,"Ozone",16740,"Charlotte-Concord-Gastonia, NC-SC",37,"North Carolina",119,"Mecklenburg",35.2401000008895,-80.785683
"1269","07/14/2013","AQS",371190041,1,0.02,"ppm",19,"Garinger High School",17,100,44201,"Ozone",16740,"Charlotte-Concord-Gastonia, NC-SC",37,"North Carolina",119,"Mecklenburg",35.2401000008895,-80.785683
"1270","07/15/2013","AQS",371190041,1,0.024,"ppm",22,"Garinger High School",17,100,44201,"Ozone",16740,"Charlotte-Concord-Gastonia, NC-SC",37,"North Carolina",119,"Mecklenburg",35.2401000008895,-80.785683
"1271","07/16/2013","AQS",371190041,1,0.056,"ppm",54,"Garinger High School",17,100,44201,"Ozone",16740,"Charlotte-Concord-Gastonia, NC-SC",37,"North Carolina",119,"Mecklenburg",35.2401000008895,-80.785683
"1272","07/17/2013","AQS",371190041,1,0.043,"ppm",40,"Garinger High School",17,100,44201,"Ozone",16740,"Charlotte-Concord-Gastonia, NC-SC",37,"North Carolina",119,"Mecklenburg",35.2401000008895,-80.785683
"1273","07/18/2013","AQS",371190041,1,0.066,"ppm",87,"Garinger High School",17,100,44201,"Ozone",16740,"Charlotte-Concord-Gastonia, NC-SC",37,"North Carolina",119,"Mecklenburg",35.2401000008895,-80.785683
"1274","07/19/2013","AQS",371190041,1,0.04,"ppm",37,"Garinger High School",17,100,44201,"Ozone",16740,"Charlotte-Concord-Gastonia, NC-SC",37,"North Carolina",119,"Mecklenburg",35.2401000008895,-80.785683
"1275","07/20/2013","AQS",371190041,1,0.032,"ppm",30,"Garinger High School",17,100,44201,"Ozone",16740,"Charlotte-Concord-Gastonia, NC-SC",37,"North Carolina",119,"Mecklenburg",35.2401000008895,-80.785683
"1276","07/21/2013","AQS",371190041,1,0.038,"ppm",35,"Garinger High School",17,100,44201,"Ozone",16740,"Charlotte-Concord-Gastonia, NC-SC",37,"North Carolina",119,"Mecklenburg",35.2401000008895,-80.785683
"1277","07/22/2013","AQS",371190041,1,0.029,"ppm",27,"Garinger High School",17,100,44201,"Ozone",16740,"Charlotte-Concord-Gastonia, NC-SC",37,"North Carolina",119,"Mecklenburg",35.2401000008895,-80.785683
"1278","07/23/2013","AQS",371190041,1,0.047,"ppm",44,"Garinger High School",17,100,44201,"Ozone",16740,"Charlotte-Concord-Gastonia, NC-SC",37,"North Carolina",119,"Mecklenburg",35.2401000008895,-80.785683
"1279","07/24/2013","AQS",371190041,1,0.058,"ppm",61,"Garinger High School",17,100,44201,"Ozone",16740,"Charlotte-Concord-Gastonia, NC-SC",37,"North Carolina",119,"Mecklenburg",35.2401000008895,-80.785683
"1280","07/25/2013","AQS",371190041,1,0.053,"ppm",49,"Garinger High School",17,100,44201,"Ozone",16740,"Charlotte-Concord-Gastonia, NC-SC",37,"North Carolina",119,"Mecklenburg",35.2401000008895,-80.785683
"1281","07/26/2013","AQS",371190041,1,0.049,"ppm",45,"Garinger High School",17,100,44201,"Ozone",16740,"Charlotte-Concord-Gastonia, NC-SC",37,"North Carolina",119,"Mecklenburg",35.2401000008895,-80.785683
"1282","07/27/2013","AQS",371190041,1,0.035,"ppm",32,"Garinger High School",17,100,44201,"Ozone",16740,"Charlotte-Concord-Gastonia, NC-SC",37,"North Carolina",119,"Mecklenburg",35.2401000008895,-80.785683
"1283","07/28/2013","AQS",371190041,1,0.039,"ppm",36,"Garinger High School",17,100,44201,"Ozone",16740,"Charlotte-Concord-Gastonia, NC-SC",37,"North Carolina",119,"Mecklenburg",35.2401000008895,-80.785683
"1284","07/29/2013","AQS",371190041,1,0.049,"ppm",45,"Garinger High School",17,100,44201,"Ozone",16740,"Charlotte-Concord-Gastonia, NC-SC",37,"North Carolina",119,"Mecklenburg",35.2401000008895,-80.785683
"1285","07/30/2013","AQS",371190041,1,0.053,"ppm",49,"Garinger High School",17,100,44201,"Ozone",16740,"Charlotte-Concord-Gastonia, NC-SC",37,"North Carolina",119,"Mecklenburg",35.2401000008895,-80.785683
"1286","07/31/2013","AQS",371190041,1,0.044,"ppm",41,"Garinger High School",17,100,44201,"Ozone",16740,"Charlotte-Concord-Gastonia, NC-SC",37,"North Carolina",119,"Mecklenburg",35.2401000008895,-80.785683
"1287","08/01/2013","AQS",371190041,1,0.038,"ppm",35,"Garinger High School",17,100,44201,"Ozone",16740,"Charlotte-Concord-Gastonia, NC-SC",37,"North Carolina",119,"Mecklenburg",35.2401000008895,-80.785683
"1288","08/02/2013","AQS",371190041,1,0.05,"ppm",46,"Garinger High School",17,100,44201,"Ozone",16740,"Charlotte-Concord-Gastonia, NC-SC",37,"North Carolina",119,"Mecklenburg",35.2401000008895,-80.785683
"1289","08/03/2013","AQS",371190041,1,0.046,"ppm",43,"Garinger High School",17,100,44201,"Ozone",16740,"Charlotte-Concord-Gastonia, NC-SC",37,"North Carolina",119,"Mecklenburg",35.2401000008895,-80.785683
"1290","08/04/2013","AQS",371190041,1,0.044,"ppm",41,"Garinger High School",17,100,44201,"Ozone",16740,"Charlotte-Concord-Gastonia, NC-SC",37,"North Carolina",119,"Mecklenburg",35.2401000008895,-80.785683
"1291","08/05/2013","AQS",371190041,1,0.046,"ppm",43,"Garinger High School",17,100,44201,"Ozone",16740,"Charlotte-Concord-Gastonia, NC-SC",37,"North Carolina",119,"Mecklenburg",35.2401000008895,-80.785683
"1292","08/06/2013","AQS",371190041,1,0.036,"ppm",33,"Garinger High School",17,100,44201,"Ozone",16740,"Charlotte-Concord-Gastonia, NC-SC",37,"North Carolina",119,"Mecklenburg",35.2401000008895,-80.785683
"1293","08/07/2013","AQS",371190041,1,0.039,"ppm",36,"Garinger High School",17,100,44201,"Ozone",16740,"Charlotte-Concord-Gastonia, NC-SC",37,"North Carolina",119,"Mecklenburg",35.2401000008895,-80.785683
"1294","08/08/2013","AQS",371190041,1,0.035,"ppm",32,"Garinger High School",17,100,44201,"Ozone",16740,"Charlotte-Concord-Gastonia, NC-SC",37,"North Carolina",119,"Mecklenburg",35.2401000008895,-80.785683
"1295","08/09/2013","AQS",371190041,1,0.034,"ppm",31,"Garinger High School",17,100,44201,"Ozone",16740,"Charlotte-Concord-Gastonia, NC-SC",37,"North Carolina",119,"Mecklenburg",35.2401000008895,-80.785683
"1296","08/10/2013","AQS",371190041,1,0.034,"ppm",31,"Garinger High School",17,100,44201,"Ozone",16740,"Charlotte-Concord-Gastonia, NC-SC",37,"North Carolina",119,"Mecklenburg",35.2401000008895,-80.785683
"1297","08/11/2013","AQS",371190041,1,0.045,"ppm",42,"Garinger High School",17,100,44201,"Ozone",16740,"Charlotte-Concord-Gastonia, NC-SC",37,"North Carolina",119,"Mecklenburg",35.2401000008895,-80.785683
"1298","08/12/2013","AQS",371190041,1,0.055,"ppm",51,"Garinger High School",17,100,44201,"Ozone",16740,"Charlotte-Concord-Gastonia, NC-SC",37,"North Carolina",119,"Mecklenburg",35.2401000008895,-80.785683
"1299","08/13/2013","AQS",371190041,1,0.041,"ppm",38,"Garinger High School",17,100,44201,"Ozone",16740,"Charlotte-Concord-Gastonia, NC-SC",37,"North Carolina",119,"Mecklenburg",35.2401000008895,-80.785683
"1300","08/14/2013","AQS",371190041,1,0.044,"ppm",41,"Garinger High School",17,100,44201,"Ozone",16740,"Charlotte-Concord-Gastonia, NC-SC",37,"North Carolina",119,"Mecklenburg",35.2401000008895,-80.785683
"1301","08/15/2013","AQS",371190041,1,0.039,"ppm",36,"Garinger High School",17,100,44201,"Ozone",16740,"Charlotte-Concord-Gastonia, NC-SC",37,"North Carolina",119,"Mecklenburg",35.2401000008895,-80.785683
"1302","08/16/2013","AQS",371190041,1,0.032,"ppm",30,"Garinger High School",17,100,44201,"Ozone",16740,"Charlotte-Concord-Gastonia, NC-SC",37,"North Carolina",119,"Mecklenburg",35.2401000008895,-80.785683
"1303","08/17/2013","AQS",371190041,1,0.027,"ppm",25,"Garinger High School",17,100,44201,"Ozone",16740,"Charlotte-Concord-Gastonia, NC-SC",37,"North Carolina",119,"Mecklenburg",35.2401000008895,-80.785683
"1304","08/18/2013","AQS",371190041,1,0.035,"ppm",32,"Garinger High School",17,100,44201,"Ozone",16740,"Charlotte-Concord-Gastonia, NC-SC",37,"North Carolina",119,"Mecklenburg",35.2401000008895,-80.785683
"1305","08/19/2013","AQS",371190041,1,0.025,"ppm",23,"Garinger High School",17,100,44201,"Ozone",16740,"Charlotte-Concord-Gastonia, NC-SC",37,"North Carolina",119,"Mecklenburg",35.2401000008895,-80.785683
"1306","08/20/2013","AQS",371190041,1,0.032,"ppm",30,"Garinger High School",17,100,44201,"Ozone",16740,"Charlotte-Concord-Gastonia, NC-SC",37,"North Carolina",119,"Mecklenburg",35.2401000008895,-80.785683
"1307","08/21/2013","AQS",371190041,1,0.022,"ppm",20,"Garinger High School",13,76,44201,"Ozone",16740,"Charlotte-Concord-Gastonia, NC-SC",37,"North Carolina",119,"Mecklenburg",35.2401000008895,-80.785683
"1308","08/22/2013","AQS",371190041,1,0.043,"ppm",40,"Garinger High School",17,100,44201,"Ozone",16740,"Charlotte-Concord-Gastonia, NC-SC",37,"North Carolina",119,"Mecklenburg",35.2401000008895,-80.785683
"1309","08/23/2013","AQS",371190041,1,0.044,"ppm",41,"Garinger High School",17,100,44201,"Ozone",16740,"Charlotte-Concord-Gastonia, NC-SC",37,"North Carolina",119,"Mecklenburg",35.2401000008895,-80.785683
"1310","08/24/2013","AQS",371190041,1,0.042,"ppm",39,"Garinger High School",17,100,44201,"Ozone",16740,"Charlotte-Concord-Gastonia, NC-SC",37,"North Carolina",119,"Mecklenburg",35.2401000008895,-80.785683
"1311","08/25/2013","AQS",371190041,1,0.042,"ppm",39,"Garinger High School",17,100,44201,"Ozone",16740,"Charlotte-Concord-Gastonia, NC-SC",37,"North Carolina",119,"Mecklenburg",35.2401000008895,-80.785683
"1312","08/26/2013","AQS",371190041,1,0.059,"ppm",64,"Garinger High School",17,100,44201,"Ozone",16740,"Charlotte-Concord-Gastonia, NC-SC",37,"North Carolina",119,"Mecklenburg",35.2401000008895,-80.785683
"1313","08/27/2013","AQS",371190041,1,0.061,"ppm",71,"Garinger High School",17,100,44201,"Ozone",16740,"Charlotte-Concord-Gastonia, NC-SC",37,"North Carolina",119,"Mecklenburg",35.2401000008895,-80.785683
"1314","08/28/2013","AQS",371190041,1,0.055,"ppm",51,"Garinger High School",17,100,44201,"Ozone",16740,"Charlotte-Concord-Gastonia, NC-SC",37,"North Carolina",119,"Mecklenburg",35.2401000008895,-80.785683
"1315","08/29/2013","AQS",371190041,1,0.055,"ppm",51,"Garinger High School",17,100,44201,"Ozone",16740,"Charlotte-Concord-Gastonia, NC-SC",37,"North Carolina",119,"Mecklenburg",35.2401000008895,-80.785683
"1316","08/30/2013","AQS",371190041,1,0.05,"ppm",46,"Garinger High School",17,100,44201,"Ozone",16740,"Charlotte-Concord-Gastonia, NC-SC",37,"North Carolina",119,"Mecklenburg",35.2401000008895,-80.785683
"1317","08/31/2013","AQS",371190041,1,0.041,"ppm",38,"Garinger High School",17,100,44201,"Ozone",16740,"Charlotte-Concord-Gastonia, NC-SC",37,"North Carolina",119,"Mecklenburg",35.2401000008895,-80.785683
"1318","09/01/2013","AQS",371190041,1,0.039,"ppm",36,"Garinger High School",17,100,44201,"Ozone",16740,"Charlotte-Concord-Gastonia, NC-SC",37,"North Carolina",119,"Mecklenburg",35.2401000008895,-80.785683
"1319","09/02/2013","AQS",371190041,1,0.043,"ppm",40,"Garinger High School",17,100,44201,"Ozone",16740,"Charlotte-Concord-Gastonia, NC-SC",37,"North Carolina",119,"Mecklenburg",35.2401000008895,-80.785683
"1320","09/03/2013","AQS",371190041,1,0.052,"ppm",48,"Garinger High School",17,100,44201,"Ozone",16740,"Charlotte-Concord-Gastonia, NC-SC",37,"North Carolina",119,"Mecklenburg",35.2401000008895,-80.785683
"1321","09/04/2013","AQS",371190041,1,0.068,"ppm",93,"Garinger High School",17,100,44201,"Ozone",16740,"Charlotte-Concord-Gastonia, NC-SC",37,"North Carolina",119,"Mecklenburg",35.2401000008895,-80.785683
"1322","09/05/2013","AQS",371190041,1,0.066,"ppm",87,"Garinger High School",17,100,44201,"Ozone",16740,"Charlotte-Concord-Gastonia, NC-SC",37,"North Carolina",119,"Mecklenburg",35.2401000008895,-80.785683
"1323","09/06/2013","AQS",371190041,1,0.056,"ppm",54,"Garinger High School",17,100,44201,"Ozone",16740,"Charlotte-Concord-Gastonia, NC-SC",37,"North Carolina",119,"Mecklenburg",35.2401000008895,-80.785683
"1324","09/07/2013","AQS",371190041,1,0.055,"ppm",51,"Garinger High School",17,100,44201,"Ozone",16740,"Charlotte-Concord-Gastonia, NC-SC",37,"North Carolina",119,"Mecklenburg",35.2401000008895,-80.785683
"1325","09/08/2013","AQS",371190041,1,0.059,"ppm",64,"Garinger High School",17,100,44201,"Ozone",16740,"Charlotte-Concord-Gastonia, NC-SC",37,"North Carolina",119,"Mecklenburg",35.2401000008895,-80.785683
"1326","09/09/2013","AQS",371190041,1,0.054,"ppm",50,"Garinger High School",17,100,44201,"Ozone",16740,"Charlotte-Concord-Gastonia, NC-SC",37,"North Carolina",119,"Mecklenburg",35.2401000008895,-80.785683
"1327","09/10/2013","AQS",371190041,1,0.06,"ppm",67,"Garinger High School",17,100,44201,"Ozone",16740,"Charlotte-Concord-Gastonia, NC-SC",37,"North Carolina",119,"Mecklenburg",35.2401000008895,-80.785683
"1328","09/11/2013","AQS",371190041,1,0.056,"ppm",54,"Garinger High School",17,100,44201,"Ozone",16740,"Charlotte-Concord-Gastonia, NC-SC",37,"North Carolina",119,"Mecklenburg",35.2401000008895,-80.785683
"1329","09/12/2013","AQS",371190041,1,0.056,"ppm",54,"Garinger High School",17,100,44201,"Ozone",16740,"Charlotte-Concord-Gastonia, NC-SC",37,"North Carolina",119,"Mecklenburg",35.2401000008895,-80.785683
"1330","09/13/2013","AQS",371190041,1,0.05,"ppm",46,"Garinger High School",17,100,44201,"Ozone",16740,"Charlotte-Concord-Gastonia, NC-SC",37,"North Carolina",119,"Mecklenburg",35.2401000008895,-80.785683
"1331","09/14/2013","AQS",371190041,1,0.043,"ppm",40,"Garinger High School",17,100,44201,"Ozone",16740,"Charlotte-Concord-Gastonia, NC-SC",37,"North Carolina",119,"Mecklenburg",35.2401000008895,-80.785683
"1332","09/15/2013","AQS",371190041,1,0.041,"ppm",38,"Garinger High School",17,100,44201,"Ozone",16740,"Charlotte-Concord-Gastonia, NC-SC",37,"North Carolina",119,"Mecklenburg",35.2401000008895,-80.785683
"1333","09/16/2013","AQS",371190041,1,0.052,"ppm",48,"Garinger High School",17,100,44201,"Ozone",16740,"Charlotte-Concord-Gastonia, NC-SC",37,"North Carolina",119,"Mecklenburg",35.2401000008895,-80.785683
"1334","09/17/2013","AQS",371190041,1,0.046,"ppm",43,"Garinger High School",17,100,44201,"Ozone",16740,"Charlotte-Concord-Gastonia, NC-SC",37,"North Carolina",119,"Mecklenburg",35.2401000008895,-80.785683
"1335","09/18/2013","AQS",371190041,1,0.051,"ppm",47,"Garinger High School",17,100,44201,"Ozone",16740,"Charlotte-Concord-Gastonia, NC-SC",37,"North Carolina",119,"Mecklenburg",35.2401000008895,-80.785683
"1336","09/19/2013","AQS",371190041,1,0.053,"ppm",49,"Garinger High School",17,100,44201,"Ozone",16740,"Charlotte-Concord-Gastonia, NC-SC",37,"North Carolina",119,"Mecklenburg",35.2401000008895,-80.785683
"1337","09/20/2013","AQS",371190041,1,0.05,"ppm",46,"Garinger High School",17,100,44201,"Ozone",16740,"Charlotte-Concord-Gastonia, NC-SC",37,"North Carolina",119,"Mecklenburg",35.2401000008895,-80.785683
"1338","09/21/2013","AQS",371190041,1,0.033,"ppm",31,"Garinger High School",17,100,44201,"Ozone",16740,"Charlotte-Concord-Gastonia, NC-SC",37,"North Carolina",119,"Mecklenburg",35.2401000008895,-80.785683
"1339","09/22/2013","AQS",371190041,1,0.041,"ppm",38,"Garinger High School",17,100,44201,"Ozone",16740,"Charlotte-Concord-Gastonia, NC-SC",37,"North Carolina",119,"Mecklenburg",35.2401000008895,-80.785683
"1340","09/23/2013","AQS",371190041,1,0.043,"ppm",40,"Garinger High School",17,100,44201,"Ozone",16740,"Charlotte-Concord-Gastonia, NC-SC",37,"North Carolina",119,"Mecklenburg",35.2401000008895,-80.785683
"1341","09/24/2013","AQS",371190041,1,0.05,"ppm",46,"Garinger High School",17,100,44201,"Ozone",16740,"Charlotte-Concord-Gastonia, NC-SC",37,"North Carolina",119,"Mecklenburg",35.2401000008895,-80.785683
"1342","09/25/2013","AQS",371190041,1,0.036,"ppm",33,"Garinger High School",17,100,44201,"Ozone",16740,"Charlotte-Concord-Gastonia, NC-SC",37,"North Carolina",119,"Mecklenburg",35.2401000008895,-80.785683
"1343","09/26/2013","AQS",371190041,1,0.055,"ppm",51,"Garinger High School",17,100,44201,"Ozone",16740,"Charlotte-Concord-Gastonia, NC-SC",37,"North Carolina",119,"Mecklenburg",35.2401000008895,-80.785683
"1344","09/27/2013","AQS",371190041,1,0.047,"ppm",44,"Garinger High School",17,100,44201,"Ozone",16740,"Charlotte-Concord-Gastonia, NC-SC",37,"North Carolina",119,"Mecklenburg",35.2401000008895,-80.785683
"1345","09/28/2013","AQS",371190041,1,0.046,"ppm",43,"Garinger High School",17,100,44201,"Ozone",16740,"Charlotte-Concord-Gastonia, NC-SC",37,"North Carolina",119,"Mecklenburg",35.2401000008895,-80.785683
"1346","09/29/2013","AQS",371190041,1,0.039,"ppm",36,"Garinger High School",17,100,44201,"Ozone",16740,"Charlotte-Concord-Gastonia, NC-SC",37,"North Carolina",119,"Mecklenburg",35.2401000008895,-80.785683
"1347","09/30/2013","AQS",371190041,1,0.043,"ppm",40,"Garinger High School",17,100,44201,"Ozone",16740,"Charlotte-Concord-Gastonia, NC-SC",37,"North Carolina",119,"Mecklenburg",35.2401000008895,-80.785683
"1348","10/01/2013","AQS",371190041,1,0.049,"ppm",45,"Garinger High School",17,100,44201,"Ozone",16740,"Charlotte-Concord-Gastonia, NC-SC",37,"North Carolina",119,"Mecklenburg",35.2401000008895,-80.785683
"1349","10/02/2013","AQS",371190041,1,0.048,"ppm",44,"Garinger High School",17,100,44201,"Ozone",16740,"Charlotte-Concord-Gastonia, NC-SC",37,"North Carolina",119,"Mecklenburg",35.2401000008895,-80.785683
"1350","10/03/2013","AQS",371190041,1,0.043,"ppm",40,"Garinger High School",17,100,44201,"Ozone",16740,"Charlotte-Concord-Gastonia, NC-SC",37,"North Carolina",119,"Mecklenburg",35.2401000008895,-80.785683
"1351","10/04/2013","AQS",371190041,1,0.061,"ppm",71,"Garinger High School",17,100,44201,"Ozone",16740,"Charlotte-Concord-Gastonia, NC-SC",37,"North Carolina",119,"Mecklenburg",35.2401000008895,-80.785683
"1352","10/05/2013","AQS",371190041,1,0.067,"ppm",90,"Garinger High School",17,100,44201,"Ozone",16740,"Charlotte-Concord-Gastonia, NC-SC",37,"North Carolina",119,"Mecklenburg",35.2401000008895,-80.785683
"1353","10/06/2013","AQS",371190041,1,0.037,"ppm",34,"Garinger High School",17,100,44201,"Ozone",16740,"Charlotte-Concord-Gastonia, NC-SC",37,"North Carolina",119,"Mecklenburg",35.2401000008895,-80.785683
"1354","10/07/2013","AQS",371190041,1,0.026,"ppm",24,"Garinger High School",17,100,44201,"Ozone",16740,"Charlotte-Concord-Gastonia, NC-SC",37,"North Carolina",119,"Mecklenburg",35.2401000008895,-80.785683
"1355","10/08/2013","AQS",371190041,1,0.025,"ppm",23,"Garinger High School",17,100,44201,"Ozone",16740,"Charlotte-Concord-Gastonia, NC-SC",37,"North Carolina",119,"Mecklenburg",35.2401000008895,-80.785683
"1356","10/09/2013","AQS",371190041,1,0.04,"ppm",37,"Garinger High School",17,100,44201,"Ozone",16740,"Charlotte-Concord-Gastonia, NC-SC",37,"North Carolina",119,"Mecklenburg",35.2401000008895,-80.785683
"1357","10/10/2013","AQS",371190041,1,0.029,"ppm",27,"Garinger High School",17,100,44201,"Ozone",16740,"Charlotte-Concord-Gastonia, NC-SC",37,"North Carolina",119,"Mecklenburg",35.2401000008895,-80.785683
"1358","10/11/2013","AQS",371190041,1,0.036,"ppm",33,"Garinger High School",17,100,44201,"Ozone",16740,"Charlotte-Concord-Gastonia, NC-SC",37,"North Carolina",119,"Mecklenburg",35.2401000008895,-80.785683
"1359","10/12/2013","AQS",371190041,1,0.031,"ppm",29,"Garinger High School",17,100,44201,"Ozone",16740,"Charlotte-Concord-Gastonia, NC-SC",37,"North Carolina",119,"Mecklenburg",35.2401000008895,-80.785683
"1360","10/13/2013","AQS",371190041,1,0.02,"ppm",19,"Garinger High School",17,100,44201,"Ozone",16740,"Charlotte-Concord-Gastonia, NC-SC",37,"North Carolina",119,"Mecklenburg",35.2401000008895,-80.785683
"1361","10/14/2013","AQS",371190041,1,0.025,"ppm",23,"Garinger High School",17,100,44201,"Ozone",16740,"Charlotte-Concord-Gastonia, NC-SC",37,"North Carolina",119,"Mecklenburg",35.2401000008895,-80.785683
"1362","10/15/2013","AQS",371190041,1,0.048,"ppm",44,"Garinger High School",17,100,44201,"Ozone",16740,"Charlotte-Concord-Gastonia, NC-SC",37,"North Carolina",119,"Mecklenburg",35.2401000008895,-80.785683
"1363","10/16/2013","AQS",371190041,1,0.033,"ppm",31,"Garinger High School",17,100,44201,"Ozone",16740,"Charlotte-Concord-Gastonia, NC-SC",37,"North Carolina",119,"Mecklenburg",35.2401000008895,-80.785683
"1364","10/17/2013","AQS",371190041,1,0.022,"ppm",20,"Garinger High School",17,100,44201,"Ozone",16740,"Charlotte-Concord-Gastonia, NC-SC",37,"North Carolina",119,"Mecklenburg",35.2401000008895,-80.785683
"1365","10/18/2013","AQS",371190041,1,0.028,"ppm",26,"Garinger High School",17,100,44201,"Ozone",16740,"Charlotte-Concord-Gastonia, NC-SC",37,"North Carolina",119,"Mecklenburg",35.2401000008895,-80.785683
"1366","10/19/2013","AQS",371190041,1,0.021,"ppm",19,"Garinger High School",17,100,44201,"Ozone",16740,"Charlotte-Concord-Gastonia, NC-SC",37,"North Carolina",119,"Mecklenburg",35.2401000008895,-80.785683
"1367","10/20/2013","AQS",371190041,1,0.038,"ppm",35,"Garinger High School",17,100,44201,"Ozone",16740,"Charlotte-Concord-Gastonia, NC-SC",37,"North Carolina",119,"Mecklenburg",35.2401000008895,-80.785683
"1368","10/21/2013","AQS",371190041,1,0.036,"ppm",33,"Garinger High School",17,100,44201,"Ozone",16740,"Charlotte-Concord-Gastonia, NC-SC",37,"North Carolina",119,"Mecklenburg",35.2401000008895,-80.785683
"1369","10/22/2013","AQS",371190041,1,0.026,"ppm",24,"Garinger High School",17,100,44201,"Ozone",16740,"Charlotte-Concord-Gastonia, NC-SC",37,"North Carolina",119,"Mecklenburg",35.2401000008895,-80.785683
"1370","10/23/2013","AQS",371190041,1,0.035,"ppm",32,"Garinger High School",17,100,44201,"Ozone",16740,"Charlotte-Concord-Gastonia, NC-SC",37,"North Carolina",119,"Mecklenburg",35.2401000008895,-80.785683
"1371","10/24/2013","AQS",371190041,1,0.033,"ppm",31,"Garinger High School",17,100,44201,"Ozone",16740,"Charlotte-Concord-Gastonia, NC-SC",37,"North Carolina",119,"Mecklenburg",35.2401000008895,-80.785683
"1372","10/25/2013","AQS",371190041,1,0.029,"ppm",27,"Garinger High School",17,100,44201,"Ozone",16740,"Charlotte-Concord-Gastonia, NC-SC",37,"North Carolina",119,"Mecklenburg",35.2401000008895,-80.785683
"1373","10/26/2013","AQS",371190041,1,0.036,"ppm",33,"Garinger High School",17,100,44201,"Ozone",16740,"Charlotte-Concord-Gastonia, NC-SC",37,"North Carolina",119,"Mecklenburg",35.2401000008895,-80.785683
"1374","10/27/2013","AQS",371190041,1,0.043,"ppm",40,"Garinger High School",17,100,44201,"Ozone",16740,"Charlotte-Concord-Gastonia, NC-SC",37,"North Carolina",119,"Mecklenburg",35.2401000008895,-80.785683
"1375","10/28/2013","AQS",371190041,1,0.016,"ppm",15,"Garinger High School",17,100,44201,"Ozone",16740,"Charlotte-Concord-Gastonia, NC-SC",37,"North Carolina",119,"Mecklenburg",35.2401000008895,-80.785683
"1376","10/29/2013","AQS",371190041,1,0.043,"ppm",40,"Garinger High School",17,100,44201,"Ozone",16740,"Charlotte-Concord-Gastonia, NC-SC",37,"North Carolina",119,"Mecklenburg",35.2401000008895,-80.785683
"1377","10/30/2013","AQS",371190041,1,0.042,"ppm",39,"Garinger High School",17,100,44201,"Ozone",16740,"Charlotte-Concord-Gastonia, NC-SC",37,"North Carolina",119,"Mecklenburg",35.2401000008895,-80.785683
"1378","10/31/2013","AQS",371190041,1,0.039,"ppm",36,"Garinger High School",17,100,44201,"Ozone",16740,"Charlotte-Concord-Gastonia, NC-SC",37,"North Carolina",119,"Mecklenburg",35.2401000008895,-80.785683
"1379","11/01/2013","AQS",371190041,1,0.025,"ppm",23,"Garinger High School",17,100,44201,"Ozone",16740,"Charlotte-Concord-Gastonia, NC-SC",37,"North Carolina",119,"Mecklenburg",35.2401000008895,-80.785683
"1380","11/02/2013","AQS",371190041,1,0.034,"ppm",31,"Garinger High School",17,100,44201,"Ozone",16740,"Charlotte-Concord-Gastonia, NC-SC",37,"North Carolina",119,"Mecklenburg",35.2401000008895,-80.785683
"1381","11/03/2013","AQS",371190041,1,0.035,"ppm",32,"Garinger High School",17,100,44201,"Ozone",16740,"Charlotte-Concord-Gastonia, NC-SC",37,"North Carolina",119,"Mecklenburg",35.2401000008895,-80.785683
"1382","11/04/2013","AQS",371190041,1,0.035,"ppm",32,"Garinger High School",17,100,44201,"Ozone",16740,"Charlotte-Concord-Gastonia, NC-SC",37,"North Carolina",119,"Mecklenburg",35.2401000008895,-80.785683
"1383","11/05/2013","AQS",371190041,1,0.026,"ppm",24,"Garinger High School",17,100,44201,"Ozone",16740,"Charlotte-Concord-Gastonia, NC-SC",37,"North Carolina",119,"Mecklenburg",35.2401000008895,-80.785683
"1384","11/06/2013","AQS",371190041,1,0.034,"ppm",31,"Garinger High School",17,100,44201,"Ozone",16740,"Charlotte-Concord-Gastonia, NC-SC",37,"North Carolina",119,"Mecklenburg",35.2401000008895,-80.785683
"1385","11/07/2013","AQS",371190041,1,0.026,"ppm",24,"Garinger High School",17,100,44201,"Ozone",16740,"Charlotte-Concord-Gastonia, NC-SC",37,"North Carolina",119,"Mecklenburg",35.2401000008895,-80.785683
"1386","11/08/2013","AQS",371190041,1,0.036,"ppm",33,"Garinger High School",17,100,44201,"Ozone",16740,"Charlotte-Concord-Gastonia, NC-SC",37,"North Carolina",119,"Mecklenburg",35.2401000008895,-80.785683
"1387","11/09/2013","AQS",371190041,1,0.037,"ppm",34,"Garinger High School",17,100,44201,"Ozone",16740,"Charlotte-Concord-Gastonia, NC-SC",37,"North Carolina",119,"Mecklenburg",35.2401000008895,-80.785683
"1388","11/10/2013","AQS",371190041,1,0.041,"ppm",38,"Garinger High School",17,100,44201,"Ozone",16740,"Charlotte-Concord-Gastonia, NC-SC",37,"North Carolina",119,"Mecklenburg",35.2401000008895,-80.785683
"1389","11/11/2013","AQS",371190041,1,0.037,"ppm",34,"Garinger High School",17,100,44201,"Ozone",16740,"Charlotte-Concord-Gastonia, NC-SC",37,"North Carolina",119,"Mecklenburg",35.2401000008895,-80.785683
"1390","11/12/2013","AQS",371190041,1,0.025,"ppm",23,"Garinger High School",17,100,44201,"Ozone",16740,"Charlotte-Concord-Gastonia, NC-SC",37,"North Carolina",119,"Mecklenburg",35.2401000008895,-80.785683
"1391","11/13/2013","AQS",371190041,1,0.03,"ppm",28,"Garinger High School",17,100,44201,"Ozone",16740,"Charlotte-Concord-Gastonia, NC-SC",37,"North Carolina",119,"Mecklenburg",35.2401000008895,-80.785683
"1392","11/14/2013","AQS",371190041,1,0.034,"ppm",31,"Garinger High School",17,100,44201,"Ozone",16740,"Charlotte-Concord-Gastonia, NC-SC",37,"North Carolina",119,"Mecklenburg",35.2401000008895,-80.785683
"1393","11/15/2013","AQS",371190041,1,0.026,"ppm",24,"Garinger High School",17,100,44201,"Ozone",16740,"Charlotte-Concord-Gastonia, NC-SC",37,"North Carolina",119,"Mecklenburg",35.2401000008895,-80.785683
"1394","11/16/2013","AQS",371190041,1,0.03,"ppm",28,"Garinger High School",17,100,44201,"Ozone",16740,"Charlotte-Concord-Gastonia, NC-SC",37,"North Carolina",119,"Mecklenburg",35.2401000008895,-80.785683
"1395","11/17/2013","AQS",371190041,1,0.025,"ppm",23,"Garinger High School",17,100,44201,"Ozone",16740,"Charlotte-Concord-Gastonia, NC-SC",37,"North Carolina",119,"Mecklenburg",35.2401000008895,-80.785683
"1396","11/18/2013","AQS",371190041,1,0.038,"ppm",35,"Garinger High School",17,100,44201,"Ozone",16740,"Charlotte-Concord-Gastonia, NC-SC",37,"North Carolina",119,"Mecklenburg",35.2401000008895,-80.785683
"1397","11/19/2013","AQS",371190041,1,0.032,"ppm",30,"Garinger High School",17,100,44201,"Ozone",16740,"Charlotte-Concord-Gastonia, NC-SC",37,"North Carolina",119,"Mecklenburg",35.2401000008895,-80.785683
"1398","11/20/2013","AQS",371190041,1,0.031,"ppm",29,"Garinger High School",17,100,44201,"Ozone",16740,"Charlotte-Concord-Gastonia, NC-SC",37,"North Carolina",119,"Mecklenburg",35.2401000008895,-80.785683
"1399","11/21/2013","AQS",371190041,1,0.023,"ppm",21,"Garinger High School",17,100,44201,"Ozone",16740,"Charlotte-Concord-Gastonia, NC-SC",37,"North Carolina",119,"Mecklenburg",35.2401000008895,-80.785683
"1400","11/22/2013","AQS",371190041,1,0.026,"ppm",24,"Garinger High School",17,100,44201,"Ozone",16740,"Charlotte-Concord-Gastonia, NC-SC",37,"North Carolina",119,"Mecklenburg",35.2401000008895,-80.785683
"1401","11/23/2013","AQS",371190041,1,0.029,"ppm",27,"Garinger High School",17,100,44201,"Ozone",16740,"Charlotte-Concord-Gastonia, NC-SC",37,"North Carolina",119,"Mecklenburg",35.2401000008895,-80.785683
"1402","11/24/2013","AQS",371190041,1,0.035,"ppm",32,"Garinger High School",17,100,44201,"Ozone",16740,"Charlotte-Concord-Gastonia, NC-SC",37,"North Carolina",119,"Mecklenburg",35.2401000008895,-80.785683
"1403","11/25/2013","AQS",371190041,1,0.032,"ppm",30,"Garinger High School",17,100,44201,"Ozone",16740,"Charlotte-Concord-Gastonia, NC-SC",37,"North Carolina",119,"Mecklenburg",35.2401000008895,-80.785683
"1404","11/26/2013","AQS",371190041,1,0.015,"ppm",14,"Garinger High School",17,100,44201,"Ozone",16740,"Charlotte-Concord-Gastonia, NC-SC",37,"North Carolina",119,"Mecklenburg",35.2401000008895,-80.785683
"1405","11/27/2013","AQS",371190041,1,0.021,"ppm",19,"Garinger High School",17,100,44201,"Ozone",16740,"Charlotte-Concord-Gastonia, NC-SC",37,"North Carolina",119,"Mecklenburg",35.2401000008895,-80.785683
"1406","11/28/2013","AQS",371190041,1,0.023,"ppm",21,"Garinger High School",17,100,44201,"Ozone",16740,"Charlotte-Concord-Gastonia, NC-SC",37,"North Carolina",119,"Mecklenburg",35.2401000008895,-80.785683
"1407","11/29/2013","AQS",371190041,1,0.031,"ppm",29,"Garinger High School",17,100,44201,"Ozone",16740,"Charlotte-Concord-Gastonia, NC-SC",37,"North Carolina",119,"Mecklenburg",35.2401000008895,-80.785683
"1408","11/30/2013","AQS",371190041,1,0.028,"ppm",26,"Garinger High School",17,100,44201,"Ozone",16740,"Charlotte-Concord-Gastonia, NC-SC",37,"North Carolina",119,"Mecklenburg",35.2401000008895,-80.785683
"1409","12/01/2013","AQS",371190041,1,0.03,"ppm",28,"Garinger High School",17,100,44201,"Ozone",16740,"Charlotte-Concord-Gastonia, NC-SC",37,"North Carolina",119,"Mecklenburg",35.2401000008895,-80.785683
"1410","12/02/2013","AQS",371190041,1,0.026,"ppm",24,"Garinger High School",17,100,44201,"Ozone",16740,"Charlotte-Concord-Gastonia, NC-SC",37,"North Carolina",119,"Mecklenburg",35.2401000008895,-80.785683
"1411","12/03/2013","AQS",371190041,1,0.029,"ppm",27,"Garinger High School",17,100,44201,"Ozone",16740,"Charlotte-Concord-Gastonia, NC-SC",37,"North Carolina",119,"Mecklenburg",35.2401000008895,-80.785683
"1412","12/04/2013","AQS",371190041,1,0.019,"ppm",18,"Garinger High School",17,100,44201,"Ozone",16740,"Charlotte-Concord-Gastonia, NC-SC",37,"North Carolina",119,"Mecklenburg",35.2401000008895,-80.785683
"1413","12/05/2013","AQS",371190041,1,0.018,"ppm",17,"Garinger High School",17,100,44201,"Ozone",16740,"Charlotte-Concord-Gastonia, NC-SC",37,"North Carolina",119,"Mecklenburg",35.2401000008895,-80.785683
"1414","12/06/2013","AQS",371190041,1,0.033,"ppm",31,"Garinger High School",17,100,44201,"Ozone",16740,"Charlotte-Concord-Gastonia, NC-SC",37,"North Carolina",119,"Mecklenburg",35.2401000008895,-80.785683
"1415","12/07/2013","AQS",371190041,1,0.023,"ppm",21,"Garinger High School",17,100,44201,"Ozone",16740,"Charlotte-Concord-Gastonia, NC-SC",37,"North Carolina",119,"Mecklenburg",35.2401000008895,-80.785683
"1416","12/08/2013","AQS",371190041,1,0.023,"ppm",21,"Garinger High School",17,100,44201,"Ozone",16740,"Charlotte-Concord-Gastonia, NC-SC",37,"North Carolina",119,"Mecklenburg",35.2401000008895,-80.785683
"1417","12/10/2013","AQS",371190041,1,0.024,"ppm",22,"Garinger High School",17,100,44201,"Ozone",16740,"Charlotte-Concord-Gastonia, NC-SC",37,"North Carolina",119,"Mecklenburg",35.2401000008895,-80.785683
"1418","12/11/2013","AQS",371190041,1,0.026,"ppm",24,"Garinger High School",17,100,44201,"Ozone",16740,"Charlotte-Concord-Gastonia, NC-SC",37,"North Carolina",119,"Mecklenburg",35.2401000008895,-80.785683
"1419","12/12/2013","AQS",371190041,1,0.034,"ppm",31,"Garinger High School",17,100,44201,"Ozone",16740,"Charlotte-Concord-Gastonia, NC-SC",37,"North Carolina",119,"Mecklenburg",35.2401000008895,-80.785683
"1420","12/13/2013","AQS",371190041,1,0.03,"ppm",28,"Garinger High School",17,100,44201,"Ozone",16740,"Charlotte-Concord-Gastonia, NC-SC",37,"North Carolina",119,"Mecklenburg",35.2401000008895,-80.785683
"1421","12/14/2013","AQS",371190041,1,0.026,"ppm",24,"Garinger High School",17,100,44201,"Ozone",16740,"Charlotte-Concord-Gastonia, NC-SC",37,"North Carolina",119,"Mecklenburg",35.2401000008895,-80.785683
"1422","12/15/2013","AQS",371190041,1,0.033,"ppm",31,"Garinger High School",17,100,44201,"Ozone",16740,"Charlotte-Concord-Gastonia, NC-SC",37,"North Carolina",119,"Mecklenburg",35.2401000008895,-80.785683
"1423","12/16/2013","AQS",371190041,1,0.026,"ppm",24,"Garinger High School",17,100,44201,"Ozone",16740,"Charlotte-Concord-Gastonia, NC-SC",37,"North Carolina",119,"Mecklenburg",35.2401000008895,-80.785683
"1424","12/17/2013","AQS",371190041,1,0.036,"ppm",33,"Garinger High School",17,100,44201,"Ozone",16740,"Charlotte-Concord-Gastonia, NC-SC",37,"North Carolina",119,"Mecklenburg",35.2401000008895,-80.785683
"1425","12/18/2013","AQS",371190041,1,0.034,"ppm",31,"Garinger High School",17,100,44201,"Ozone",16740,"Charlotte-Concord-Gastonia, NC-SC",37,"North Carolina",119,"Mecklenburg",35.2401000008895,-80.785683
"1426","12/19/2013","AQS",371190041,1,0.035,"ppm",32,"Garinger High School",17,100,44201,"Ozone",16740,"Charlotte-Concord-Gastonia, NC-SC",37,"North Carolina",119,"Mecklenburg",35.2401000008895,-80.785683
"1427","12/20/2013","AQS",371190041,1,0.038,"ppm",35,"Garinger High School",17,100,44201,"Ozone",16740,"Charlotte-Concord-Gastonia, NC-SC",37,"North Carolina",119,"Mecklenburg",35.2401000008895,-80.785683
"1428","12/21/2013","AQS",371190041,1,0.032,"ppm",30,"Garinger High School",17,100,44201,"Ozone",16740,"Charlotte-Concord-Gastonia, NC-SC",37,"North Carolina",119,"Mecklenburg",35.2401000008895,-80.785683
"1429","12/22/2013","AQS",371190041,1,0.028,"ppm",26,"Garinger High School",17,100,44201,"Ozone",16740,"Charlotte-Concord-Gastonia, NC-SC",37,"North Carolina",119,"Mecklenburg",35.2401000008895,-80.785683
"1430","12/23/2013","AQS",371190041,1,0.026,"ppm",24,"Garinger High School",17,100,44201,"Ozone",16740,"Charlotte-Concord-Gastonia, NC-SC",37,"North Carolina",119,"Mecklenburg",35.2401000008895,-80.785683
"1431","12/24/2013","AQS",371190041,1,0.032,"ppm",30,"Garinger High School",17,100,44201,"Ozone",16740,"Charlotte-Concord-Gastonia, NC-SC",37,"North Carolina",119,"Mecklenburg",35.2401000008895,-80.785683
"1432","12/25/2013","AQS",371190041,1,0.035,"ppm",32,"Garinger High School",17,100,44201,"Ozone",16740,"Charlotte-Concord-Gastonia, NC-SC",37,"North Carolina",119,"Mecklenburg",35.2401000008895,-80.785683
"1433","12/26/2013","AQS",371190041,1,0.03,"ppm",28,"Garinger High School",17,100,44201,"Ozone",16740,"Charlotte-Concord-Gastonia, NC-SC",37,"North Carolina",119,"Mecklenburg",35.2401000008895,-80.785683
"1434","12/27/2013","AQS",371190041,1,0.032,"ppm",30,"Garinger High School",17,100,44201,"Ozone",16740,"Charlotte-Concord-Gastonia, NC-SC",37,"North Carolina",119,"Mecklenburg",35.2401000008895,-80.785683
"1435","12/28/2013","AQS",371190041,1,0.022,"ppm",20,"Garinger High School",17,100,44201,"Ozone",16740,"Charlotte-Concord-Gastonia, NC-SC",37,"North Carolina",119,"Mecklenburg",35.2401000008895,-80.785683
"1436","12/29/2013","AQS",371190041,1,0.026,"ppm",24,"Garinger High School",17,100,44201,"Ozone",16740,"Charlotte-Concord-Gastonia, NC-SC",37,"North Carolina",119,"Mecklenburg",35.2401000008895,-80.785683
"1437","12/30/2013","AQS",371190041,1,0.02,"ppm",19,"Garinger High School",17,100,44201,"Ozone",16740,"Charlotte-Concord-Gastonia, NC-SC",37,"North Carolina",119,"Mecklenburg",35.2401000008895,-80.785683
"1438","01/01/2014","AQS",371190041,1,0.028,"ppm",26,"Garinger High School",17,100,44201,"Ozone",16740,"Charlotte-Concord-Gastonia, NC-SC",37,"North Carolina",119,"Mecklenburg",35.2401000008895,-80.785683
"1439","01/02/2014","AQS",371190041,1,0.025,"ppm",23,"Garinger High School",17,100,44201,"Ozone",16740,"Charlotte-Concord-Gastonia, NC-SC",37,"North Carolina",119,"Mecklenburg",35.2401000008895,-80.785683
"1440","01/03/2014","AQS",371190041,1,0.035,"ppm",32,"Garinger High School",17,100,44201,"Ozone",16740,"Charlotte-Concord-Gastonia, NC-SC",37,"North Carolina",119,"Mecklenburg",35.2401000008895,-80.785683
"1441","01/04/2014","AQS",371190041,1,0.03,"ppm",28,"Garinger High School",17,100,44201,"Ozone",16740,"Charlotte-Concord-Gastonia, NC-SC",37,"North Carolina",119,"Mecklenburg",35.2401000008895,-80.785683
"1442","01/05/2014","AQS",371190041,1,0.016,"ppm",15,"Garinger High School",17,100,44201,"Ozone",16740,"Charlotte-Concord-Gastonia, NC-SC",37,"North Carolina",119,"Mecklenburg",35.2401000008895,-80.785683
"1443","01/06/2014","AQS",371190041,1,0.035,"ppm",32,"Garinger High School",17,100,44201,"Ozone",16740,"Charlotte-Concord-Gastonia, NC-SC",37,"North Carolina",119,"Mecklenburg",35.2401000008895,-80.785683
"1444","01/07/2014","AQS",371190041,1,0.03,"ppm",28,"Garinger High School",17,100,44201,"Ozone",16740,"Charlotte-Concord-Gastonia, NC-SC",37,"North Carolina",119,"Mecklenburg",35.2401000008895,-80.785683
"1445","01/08/2014","AQS",371190041,1,0.029,"ppm",27,"Garinger High School",17,100,44201,"Ozone",16740,"Charlotte-Concord-Gastonia, NC-SC",37,"North Carolina",119,"Mecklenburg",35.2401000008895,-80.785683
"1446","01/09/2014","AQS",371190041,1,0.033,"ppm",31,"Garinger High School",17,100,44201,"Ozone",16740,"Charlotte-Concord-Gastonia, NC-SC",37,"North Carolina",119,"Mecklenburg",35.2401000008895,-80.785683
"1447","01/10/2014","AQS",371190041,1,0.011,"ppm",10,"Garinger High School",17,100,44201,"Ozone",16740,"Charlotte-Concord-Gastonia, NC-SC",37,"North Carolina",119,"Mecklenburg",35.2401000008895,-80.785683
"1448","01/11/2014","AQS",371190041,1,0.026,"ppm",24,"Garinger High School",17,100,44201,"Ozone",16740,"Charlotte-Concord-Gastonia, NC-SC",37,"North Carolina",119,"Mecklenburg",35.2401000008895,-80.785683
"1449","01/12/2014","AQS",371190041,1,0.036,"ppm",33,"Garinger High School",17,100,44201,"Ozone",16740,"Charlotte-Concord-Gastonia, NC-SC",37,"North Carolina",119,"Mecklenburg",35.2401000008895,-80.785683
"1450","01/13/2014","AQS",371190041,1,0.031,"ppm",29,"Garinger High School",17,100,44201,"Ozone",16740,"Charlotte-Concord-Gastonia, NC-SC",37,"North Carolina",119,"Mecklenburg",35.2401000008895,-80.785683
"1451","01/14/2014","AQS",371190041,1,0.027,"ppm",25,"Garinger High School",17,100,44201,"Ozone",16740,"Charlotte-Concord-Gastonia, NC-SC",37,"North Carolina",119,"Mecklenburg",35.2401000008895,-80.785683
"1452","01/15/2014","AQS",371190041,1,0.031,"ppm",29,"Garinger High School",17,100,44201,"Ozone",16740,"Charlotte-Concord-Gastonia, NC-SC",37,"North Carolina",119,"Mecklenburg",35.2401000008895,-80.785683
"1453","01/16/2014","AQS",371190041,1,0.029,"ppm",27,"Garinger High School",17,100,44201,"Ozone",16740,"Charlotte-Concord-Gastonia, NC-SC",37,"North Carolina",119,"Mecklenburg",35.2401000008895,-80.785683
"1454","01/17/2014","AQS",371190041,1,0.035,"ppm",32,"Garinger High School",17,100,44201,"Ozone",16740,"Charlotte-Concord-Gastonia, NC-SC",37,"North Carolina",119,"Mecklenburg",35.2401000008895,-80.785683
"1455","01/18/2014","AQS",371190041,1,0.033,"ppm",31,"Garinger High School",17,100,44201,"Ozone",16740,"Charlotte-Concord-Gastonia, NC-SC",37,"North Carolina",119,"Mecklenburg",35.2401000008895,-80.785683
"1456","01/19/2014","AQS",371190041,1,0.037,"ppm",34,"Garinger High School",17,100,44201,"Ozone",16740,"Charlotte-Concord-Gastonia, NC-SC",37,"North Carolina",119,"Mecklenburg",35.2401000008895,-80.785683
"1457","01/20/2014","AQS",371190041,1,0.037,"ppm",34,"Garinger High School",17,100,44201,"Ozone",16740,"Charlotte-Concord-Gastonia, NC-SC",37,"North Carolina",119,"Mecklenburg",35.2401000008895,-80.785683
"1458","01/21/2014","AQS",371190041,1,0.028,"ppm",26,"Garinger High School",17,100,44201,"Ozone",16740,"Charlotte-Concord-Gastonia, NC-SC",37,"North Carolina",119,"Mecklenburg",35.2401000008895,-80.785683
"1459","01/22/2014","AQS",371190041,1,0.033,"ppm",31,"Garinger High School",17,100,44201,"Ozone",16740,"Charlotte-Concord-Gastonia, NC-SC",37,"North Carolina",119,"Mecklenburg",35.2401000008895,-80.785683
"1460","01/23/2014","AQS",371190041,1,0.034,"ppm",31,"Garinger High School",17,100,44201,"Ozone",16740,"Charlotte-Concord-Gastonia, NC-SC",37,"North Carolina",119,"Mecklenburg",35.2401000008895,-80.785683
"1461","01/24/2014","AQS",371190041,1,0.032,"ppm",30,"Garinger High School",17,100,44201,"Ozone",16740,"Charlotte-Concord-Gastonia, NC-SC",37,"North Carolina",119,"Mecklenburg",35.2401000008895,-80.785683
"1462","01/25/2014","AQS",371190041,1,0.034,"ppm",31,"Garinger High School",17,100,44201,"Ozone",16740,"Charlotte-Concord-Gastonia, NC-SC",37,"North Carolina",119,"Mecklenburg",35.2401000008895,-80.785683
"1463","01/26/2014","AQS",371190041,1,0.037,"ppm",34,"Garinger High School",17,100,44201,"Ozone",16740,"Charlotte-Concord-Gastonia, NC-SC",37,"North Carolina",119,"Mecklenburg",35.2401000008895,-80.785683
"1464","01/27/2014","AQS",371190041,1,0.037,"ppm",34,"Garinger High School",17,100,44201,"Ozone",16740,"Charlotte-Concord-Gastonia, NC-SC",37,"North Carolina",119,"Mecklenburg",35.2401000008895,-80.785683
"1465","01/28/2014","AQS",371190041,1,0.031,"ppm",29,"Garinger High School",17,100,44201,"Ozone",16740,"Charlotte-Concord-Gastonia, NC-SC",37,"North Carolina",119,"Mecklenburg",35.2401000008895,-80.785683
"1466","01/29/2014","AQS",371190041,1,0.033,"ppm",31,"Garinger High School",17,100,44201,"Ozone",16740,"Charlotte-Concord-Gastonia, NC-SC",37,"North Carolina",119,"Mecklenburg",35.2401000008895,-80.785683
"1467","01/30/2014","AQS",371190041,1,0.035,"ppm",32,"Garinger High School",17,100,44201,"Ozone",16740,"Charlotte-Concord-Gastonia, NC-SC",37,"North Carolina",119,"Mecklenburg",35.2401000008895,-80.785683
"1468","01/31/2014","AQS",371190041,1,0.032,"ppm",30,"Garinger High School",17,100,44201,"Ozone",16740,"Charlotte-Concord-Gastonia, NC-SC",37,"North Carolina",119,"Mecklenburg",35.2401000008895,-80.785683
"1469","02/01/2014","AQS",371190041,1,0.038,"ppm",35,"Garinger High School",17,100,44201,"Ozone",16740,"Charlotte-Concord-Gastonia, NC-SC",37,"North Carolina",119,"Mecklenburg",35.2401000008895,-80.785683
"1470","02/02/2014","AQS",371190041,1,0.034,"ppm",31,"Garinger High School",17,100,44201,"Ozone",16740,"Charlotte-Concord-Gastonia, NC-SC",37,"North Carolina",119,"Mecklenburg",35.2401000008895,-80.785683
"1471","02/03/2014","AQS",371190041,1,0.024,"ppm",22,"Garinger High School",17,100,44201,"Ozone",16740,"Charlotte-Concord-Gastonia, NC-SC",37,"North Carolina",119,"Mecklenburg",35.2401000008895,-80.785683
"1472","02/04/2014","AQS",371190041,1,0.024,"ppm",22,"Garinger High School",17,100,44201,"Ozone",16740,"Charlotte-Concord-Gastonia, NC-SC",37,"North Carolina",119,"Mecklenburg",35.2401000008895,-80.785683
"1473","02/05/2014","AQS",371190041,1,0.025,"ppm",23,"Garinger High School",17,100,44201,"Ozone",16740,"Charlotte-Concord-Gastonia, NC-SC",37,"North Carolina",119,"Mecklenburg",35.2401000008895,-80.785683
"1474","02/06/2014","AQS",371190041,1,0.032,"ppm",30,"Garinger High School",17,100,44201,"Ozone",16740,"Charlotte-Concord-Gastonia, NC-SC",37,"North Carolina",119,"Mecklenburg",35.2401000008895,-80.785683
"1475","02/07/2014","AQS",371190041,1,0.028,"ppm",26,"Garinger High School",17,100,44201,"Ozone",16740,"Charlotte-Concord-Gastonia, NC-SC",37,"North Carolina",119,"Mecklenburg",35.2401000008895,-80.785683
"1476","02/08/2014","AQS",371190041,1,0.032,"ppm",30,"Garinger High School",17,100,44201,"Ozone",16740,"Charlotte-Concord-Gastonia, NC-SC",37,"North Carolina",119,"Mecklenburg",35.2401000008895,-80.785683
"1477","02/09/2014","AQS",371190041,1,0.041,"ppm",38,"Garinger High School",17,100,44201,"Ozone",16740,"Charlotte-Concord-Gastonia, NC-SC",37,"North Carolina",119,"Mecklenburg",35.2401000008895,-80.785683
"1478","02/10/2014","AQS",371190041,1,0.028,"ppm",26,"Garinger High School",17,100,44201,"Ozone",16740,"Charlotte-Concord-Gastonia, NC-SC",37,"North Carolina",119,"Mecklenburg",35.2401000008895,-80.785683
"1479","02/11/2014","AQS",371190041,1,0.022,"ppm",20,"Garinger High School",17,100,44201,"Ozone",16740,"Charlotte-Concord-Gastonia, NC-SC",37,"North Carolina",119,"Mecklenburg",35.2401000008895,-80.785683
"1480","02/12/2014","AQS",371190041,1,0.032,"ppm",30,"Garinger High School",17,100,44201,"Ozone",16740,"Charlotte-Concord-Gastonia, NC-SC",37,"North Carolina",119,"Mecklenburg",35.2401000008895,-80.785683
"1481","02/13/2014","AQS",371190041,1,0.034,"ppm",31,"Garinger High School",17,100,44201,"Ozone",16740,"Charlotte-Concord-Gastonia, NC-SC",37,"North Carolina",119,"Mecklenburg",35.2401000008895,-80.785683
"1482","02/14/2014","AQS",371190041,1,0.043,"ppm",40,"Garinger High School",17,100,44201,"Ozone",16740,"Charlotte-Concord-Gastonia, NC-SC",37,"North Carolina",119,"Mecklenburg",35.2401000008895,-80.785683
"1483","02/15/2014","AQS",371190041,1,0.04,"ppm",37,"Garinger High School",17,100,44201,"Ozone",16740,"Charlotte-Concord-Gastonia, NC-SC",37,"North Carolina",119,"Mecklenburg",35.2401000008895,-80.785683
"1484","02/16/2014","AQS",371190041,1,0.041,"ppm",38,"Garinger High School",17,100,44201,"Ozone",16740,"Charlotte-Concord-Gastonia, NC-SC",37,"North Carolina",119,"Mecklenburg",35.2401000008895,-80.785683
"1485","02/17/2014","AQS",371190041,1,0.038,"ppm",35,"Garinger High School",17,100,44201,"Ozone",16740,"Charlotte-Concord-Gastonia, NC-SC",37,"North Carolina",119,"Mecklenburg",35.2401000008895,-80.785683
"1486","02/18/2014","AQS",371190041,1,0.041,"ppm",38,"Garinger High School",17,100,44201,"Ozone",16740,"Charlotte-Concord-Gastonia, NC-SC",37,"North Carolina",119,"Mecklenburg",35.2401000008895,-80.785683
"1487","02/19/2014","AQS",371190041,1,0.039,"ppm",36,"Garinger High School",17,100,44201,"Ozone",16740,"Charlotte-Concord-Gastonia, NC-SC",37,"North Carolina",119,"Mecklenburg",35.2401000008895,-80.785683
"1488","02/20/2014","AQS",371190041,1,0.041,"ppm",38,"Garinger High School",17,100,44201,"Ozone",16740,"Charlotte-Concord-Gastonia, NC-SC",37,"North Carolina",119,"Mecklenburg",35.2401000008895,-80.785683
"1489","02/21/2014","AQS",371190041,1,0.034,"ppm",31,"Garinger High School",17,100,44201,"Ozone",16740,"Charlotte-Concord-Gastonia, NC-SC",37,"North Carolina",119,"Mecklenburg",35.2401000008895,-80.785683
"1490","02/22/2014","AQS",371190041,1,0.041,"ppm",38,"Garinger High School",17,100,44201,"Ozone",16740,"Charlotte-Concord-Gastonia, NC-SC",37,"North Carolina",119,"Mecklenburg",35.2401000008895,-80.785683
"1491","02/23/2014","AQS",371190041,1,0.047,"ppm",44,"Garinger High School",17,100,44201,"Ozone",16740,"Charlotte-Concord-Gastonia, NC-SC",37,"North Carolina",119,"Mecklenburg",35.2401000008895,-80.785683
"1492","02/24/2014","AQS",371190041,1,0.044,"ppm",41,"Garinger High School",17,100,44201,"Ozone",16740,"Charlotte-Concord-Gastonia, NC-SC",37,"North Carolina",119,"Mecklenburg",35.2401000008895,-80.785683
"1493","02/25/2014","AQS",371190041,1,0.036,"ppm",33,"Garinger High School",17,100,44201,"Ozone",16740,"Charlotte-Concord-Gastonia, NC-SC",37,"North Carolina",119,"Mecklenburg",35.2401000008895,-80.785683
"1494","02/26/2014","AQS",371190041,1,0.035,"ppm",32,"Garinger High School",17,100,44201,"Ozone",16740,"Charlotte-Concord-Gastonia, NC-SC",37,"North Carolina",119,"Mecklenburg",35.2401000008895,-80.785683
"1495","02/27/2014","AQS",371190041,1,0.038,"ppm",35,"Garinger High School",17,100,44201,"Ozone",16740,"Charlotte-Concord-Gastonia, NC-SC",37,"North Carolina",119,"Mecklenburg",35.2401000008895,-80.785683
"1496","02/28/2014","AQS",371190041,1,0.047,"ppm",44,"Garinger High School",17,100,44201,"Ozone",16740,"Charlotte-Concord-Gastonia, NC-SC",37,"North Carolina",119,"Mecklenburg",35.2401000008895,-80.785683
"1497","03/01/2014","AQS",371190041,1,0.037,"ppm",34,"Garinger High School",17,100,44201,"Ozone",16740,"Charlotte-Concord-Gastonia, NC-SC",37,"North Carolina",119,"Mecklenburg",35.2401000008895,-80.785683
"1498","03/02/2014","AQS",371190041,1,0.055,"ppm",51,"Garinger High School",17,100,44201,"Ozone",16740,"Charlotte-Concord-Gastonia, NC-SC",37,"North Carolina",119,"Mecklenburg",35.2401000008895,-80.785683
"1499","03/03/2014","AQS",371190041,1,0.04,"ppm",37,"Garinger High School",17,100,44201,"Ozone",16740,"Charlotte-Concord-Gastonia, NC-SC",37,"North Carolina",119,"Mecklenburg",35.2401000008895,-80.785683
"1500","03/04/2014","AQS",371190041,1,0.037,"ppm",34,"Garinger High School",17,100,44201,"Ozone",16740,"Charlotte-Concord-Gastonia, NC-SC",37,"North Carolina",119,"Mecklenburg",35.2401000008895,-80.785683
"1501","03/05/2014","AQS",371190041,1,0.032,"ppm",30,"Garinger High School",17,100,44201,"Ozone",16740,"Charlotte-Concord-Gastonia, NC-SC",37,"North Carolina",119,"Mecklenburg",35.2401000008895,-80.785683
"1502","03/06/2014","AQS",371190041,1,0.035,"ppm",32,"Garinger High School",17,100,44201,"Ozone",16740,"Charlotte-Concord-Gastonia, NC-SC",37,"North Carolina",119,"Mecklenburg",35.2401000008895,-80.785683
"1503","03/07/2014","AQS",371190041,1,0.037,"ppm",34,"Garinger High School",17,100,44201,"Ozone",16740,"Charlotte-Concord-Gastonia, NC-SC",37,"North Carolina",119,"Mecklenburg",35.2401000008895,-80.785683
"1504","03/08/2014","AQS",371190041,1,0.045,"ppm",42,"Garinger High School",17,100,44201,"Ozone",16740,"Charlotte-Concord-Gastonia, NC-SC",37,"North Carolina",119,"Mecklenburg",35.2401000008895,-80.785683
"1505","03/09/2014","AQS",371190041,1,0.052,"ppm",48,"Garinger High School",17,100,44201,"Ozone",16740,"Charlotte-Concord-Gastonia, NC-SC",37,"North Carolina",119,"Mecklenburg",35.2401000008895,-80.785683
"1506","03/13/2014","AQS",371190041,1,0.045,"ppm",42,"Garinger High School",17,100,44201,"Ozone",16740,"Charlotte-Concord-Gastonia, NC-SC",37,"North Carolina",119,"Mecklenburg",35.2401000008895,-80.785683
"1507","03/14/2014","AQS",371190041,1,0.048,"ppm",44,"Garinger High School",17,100,44201,"Ozone",16740,"Charlotte-Concord-Gastonia, NC-SC",37,"North Carolina",119,"Mecklenburg",35.2401000008895,-80.785683
"1508","03/15/2014","AQS",371190041,1,0.058,"ppm",61,"Garinger High School",17,100,44201,"Ozone",16740,"Charlotte-Concord-Gastonia, NC-SC",37,"North Carolina",119,"Mecklenburg",35.2401000008895,-80.785683
"1509","03/16/2014","AQS",371190041,1,0.035,"ppm",32,"Garinger High School",17,100,44201,"Ozone",16740,"Charlotte-Concord-Gastonia, NC-SC",37,"North Carolina",119,"Mecklenburg",35.2401000008895,-80.785683
"1510","03/17/2014","AQS",371190041,1,0.028,"ppm",26,"Garinger High School",17,100,44201,"Ozone",16740,"Charlotte-Concord-Gastonia, NC-SC",37,"North Carolina",119,"Mecklenburg",35.2401000008895,-80.785683
"1511","03/18/2014","AQS",371190041,1,0.029,"ppm",27,"Garinger High School",17,100,44201,"Ozone",16740,"Charlotte-Concord-Gastonia, NC-SC",37,"North Carolina",119,"Mecklenburg",35.2401000008895,-80.785683
"1512","03/22/2014","AQS",371190041,1,0.06,"ppm",67,"Garinger High School",17,100,44201,"Ozone",16740,"Charlotte-Concord-Gastonia, NC-SC",37,"North Carolina",119,"Mecklenburg",35.2401000008895,-80.785683
"1513","03/23/2014","AQS",371190041,1,0.037,"ppm",34,"Garinger High School",17,100,44201,"Ozone",16740,"Charlotte-Concord-Gastonia, NC-SC",37,"North Carolina",119,"Mecklenburg",35.2401000008895,-80.785683
"1514","03/24/2014","AQS",371190041,1,0.042,"ppm",39,"Garinger High School",17,100,44201,"Ozone",16740,"Charlotte-Concord-Gastonia, NC-SC",37,"North Carolina",119,"Mecklenburg",35.2401000008895,-80.785683
"1515","03/25/2014","AQS",371190041,1,0.04,"ppm",37,"Garinger High School",14,82,44201,"Ozone",16740,"Charlotte-Concord-Gastonia, NC-SC",37,"North Carolina",119,"Mecklenburg",35.2401000008895,-80.785683
"1516","03/26/2014","AQS",371190041,1,0.045,"ppm",42,"Garinger High School",17,100,44201,"Ozone",16740,"Charlotte-Concord-Gastonia, NC-SC",37,"North Carolina",119,"Mecklenburg",35.2401000008895,-80.785683
"1517","03/29/2014","AQS",371190041,1,0.035,"ppm",32,"Garinger High School",17,100,44201,"Ozone",16740,"Charlotte-Concord-Gastonia, NC-SC",37,"North Carolina",119,"Mecklenburg",35.2401000008895,-80.785683
"1518","03/30/2014","AQS",371190041,1,0.045,"ppm",42,"Garinger High School",17,100,44201,"Ozone",16740,"Charlotte-Concord-Gastonia, NC-SC",37,"North Carolina",119,"Mecklenburg",35.2401000008895,-80.785683
"1519","04/01/2014","AQS",371190041,1,0.054,"ppm",50,"Garinger High School",17,100,44201,"Ozone",16740,"Charlotte-Concord-Gastonia, NC-SC",37,"North Carolina",119,"Mecklenburg",35.2401000008895,-80.785683
"1520","04/02/2014","AQS",371190041,1,0.061,"ppm",71,"Garinger High School",17,100,44201,"Ozone",16740,"Charlotte-Concord-Gastonia, NC-SC",37,"North Carolina",119,"Mecklenburg",35.2401000008895,-80.785683
"1521","04/03/2014","AQS",371190041,1,0.051,"ppm",47,"Garinger High School",17,100,44201,"Ozone",16740,"Charlotte-Concord-Gastonia, NC-SC",37,"North Carolina",119,"Mecklenburg",35.2401000008895,-80.785683
"1522","04/04/2014","AQS",371190041,1,0.047,"ppm",44,"Garinger High School",17,100,44201,"Ozone",16740,"Charlotte-Concord-Gastonia, NC-SC",37,"North Carolina",119,"Mecklenburg",35.2401000008895,-80.785683
"1523","04/05/2014","AQS",371190041,1,0.056,"ppm",54,"Garinger High School",17,100,44201,"Ozone",16740,"Charlotte-Concord-Gastonia, NC-SC",37,"North Carolina",119,"Mecklenburg",35.2401000008895,-80.785683
"1524","04/06/2014","AQS",371190041,1,0.047,"ppm",44,"Garinger High School",17,100,44201,"Ozone",16740,"Charlotte-Concord-Gastonia, NC-SC",37,"North Carolina",119,"Mecklenburg",35.2401000008895,-80.785683
"1525","04/07/2014","AQS",371190041,1,0.028,"ppm",26,"Garinger High School",17,100,44201,"Ozone",16740,"Charlotte-Concord-Gastonia, NC-SC",37,"North Carolina",119,"Mecklenburg",35.2401000008895,-80.785683
"1526","04/08/2014","AQS",371190041,1,0.047,"ppm",44,"Garinger High School",17,100,44201,"Ozone",16740,"Charlotte-Concord-Gastonia, NC-SC",37,"North Carolina",119,"Mecklenburg",35.2401000008895,-80.785683
"1527","04/09/2014","AQS",371190041,1,0.055,"ppm",51,"Garinger High School",17,100,44201,"Ozone",16740,"Charlotte-Concord-Gastonia, NC-SC",37,"North Carolina",119,"Mecklenburg",35.2401000008895,-80.785683
"1528","04/10/2014","AQS",371190041,1,0.058,"ppm",61,"Garinger High School",17,100,44201,"Ozone",16740,"Charlotte-Concord-Gastonia, NC-SC",37,"North Carolina",119,"Mecklenburg",35.2401000008895,-80.785683
"1529","04/11/2014","AQS",371190041,1,0.062,"ppm",74,"Garinger High School",17,100,44201,"Ozone",16740,"Charlotte-Concord-Gastonia, NC-SC",37,"North Carolina",119,"Mecklenburg",35.2401000008895,-80.785683
"1530","04/12/2014","AQS",371190041,1,0.067,"ppm",90,"Garinger High School",17,100,44201,"Ozone",16740,"Charlotte-Concord-Gastonia, NC-SC",37,"North Carolina",119,"Mecklenburg",35.2401000008895,-80.785683
"1531","04/13/2014","AQS",371190041,1,0.053,"ppm",49,"Garinger High School",17,100,44201,"Ozone",16740,"Charlotte-Concord-Gastonia, NC-SC",37,"North Carolina",119,"Mecklenburg",35.2401000008895,-80.785683
"1532","04/14/2014","AQS",371190041,1,0.044,"ppm",41,"Garinger High School",17,100,44201,"Ozone",16740,"Charlotte-Concord-Gastonia, NC-SC",37,"North Carolina",119,"Mecklenburg",35.2401000008895,-80.785683
"1533","04/15/2014","AQS",371190041,1,0.036,"ppm",33,"Garinger High School",17,100,44201,"Ozone",16740,"Charlotte-Concord-Gastonia, NC-SC",37,"North Carolina",119,"Mecklenburg",35.2401000008895,-80.785683
"1534","04/16/2014","AQS",371190041,1,0.049,"ppm",45,"Garinger High School",17,100,44201,"Ozone",16740,"Charlotte-Concord-Gastonia, NC-SC",37,"North Carolina",119,"Mecklenburg",35.2401000008895,-80.785683
"1535","04/17/2014","AQS",371190041,1,0.054,"ppm",50,"Garinger High School",17,100,44201,"Ozone",16740,"Charlotte-Concord-Gastonia, NC-SC",37,"North Carolina",119,"Mecklenburg",35.2401000008895,-80.785683
"1536","04/18/2014","AQS",371190041,1,0.039,"ppm",36,"Garinger High School",17,100,44201,"Ozone",16740,"Charlotte-Concord-Gastonia, NC-SC",37,"North Carolina",119,"Mecklenburg",35.2401000008895,-80.785683
"1537","04/19/2014","AQS",371190041,1,0.041,"ppm",38,"Garinger High School",17,100,44201,"Ozone",16740,"Charlotte-Concord-Gastonia, NC-SC",37,"North Carolina",119,"Mecklenburg",35.2401000008895,-80.785683
"1538","04/20/2014","AQS",371190041,1,0.058,"ppm",61,"Garinger High School",17,100,44201,"Ozone",16740,"Charlotte-Concord-Gastonia, NC-SC",37,"North Carolina",119,"Mecklenburg",35.2401000008895,-80.785683
"1539","04/21/2014","AQS",371190041,1,0.061,"ppm",71,"Garinger High School",17,100,44201,"Ozone",16740,"Charlotte-Concord-Gastonia, NC-SC",37,"North Carolina",119,"Mecklenburg",35.2401000008895,-80.785683
"1540","04/22/2014","AQS",371190041,1,0.053,"ppm",49,"Garinger High School",17,100,44201,"Ozone",16740,"Charlotte-Concord-Gastonia, NC-SC",37,"North Carolina",119,"Mecklenburg",35.2401000008895,-80.785683
"1541","04/23/2014","AQS",371190041,1,0.058,"ppm",61,"Garinger High School",17,100,44201,"Ozone",16740,"Charlotte-Concord-Gastonia, NC-SC",37,"North Carolina",119,"Mecklenburg",35.2401000008895,-80.785683
"1542","04/24/2014","AQS",371190041,1,0.058,"ppm",61,"Garinger High School",17,100,44201,"Ozone",16740,"Charlotte-Concord-Gastonia, NC-SC",37,"North Carolina",119,"Mecklenburg",35.2401000008895,-80.785683
"1543","04/25/2014","AQS",371190041,1,0.048,"ppm",44,"Garinger High School",17,100,44201,"Ozone",16740,"Charlotte-Concord-Gastonia, NC-SC",37,"North Carolina",119,"Mecklenburg",35.2401000008895,-80.785683
"1544","04/26/2014","AQS",371190041,1,0.058,"ppm",61,"Garinger High School",17,100,44201,"Ozone",16740,"Charlotte-Concord-Gastonia, NC-SC",37,"North Carolina",119,"Mecklenburg",35.2401000008895,-80.785683
"1545","04/27/2014","AQS",371190041,1,0.062,"ppm",74,"Garinger High School",17,100,44201,"Ozone",16740,"Charlotte-Concord-Gastonia, NC-SC",37,"North Carolina",119,"Mecklenburg",35.2401000008895,-80.785683
"1546","04/28/2014","AQS",371190041,1,0.045,"ppm",42,"Garinger High School",17,100,44201,"Ozone",16740,"Charlotte-Concord-Gastonia, NC-SC",37,"North Carolina",119,"Mecklenburg",35.2401000008895,-80.785683
"1547","04/29/2014","AQS",371190041,1,0.018,"ppm",17,"Garinger High School",17,100,44201,"Ozone",16740,"Charlotte-Concord-Gastonia, NC-SC",37,"North Carolina",119,"Mecklenburg",35.2401000008895,-80.785683
"1548","04/30/2014","AQS",371190041,1,0.039,"ppm",36,"Garinger High School",17,100,44201,"Ozone",16740,"Charlotte-Concord-Gastonia, NC-SC",37,"North Carolina",119,"Mecklenburg",35.2401000008895,-80.785683
"1549","05/01/2014","AQS",371190041,1,0.046,"ppm",43,"Garinger High School",17,100,44201,"Ozone",16740,"Charlotte-Concord-Gastonia, NC-SC",37,"North Carolina",119,"Mecklenburg",35.2401000008895,-80.785683
"1550","05/02/2014","AQS",371190041,1,0.05,"ppm",46,"Garinger High School",17,100,44201,"Ozone",16740,"Charlotte-Concord-Gastonia, NC-SC",37,"North Carolina",119,"Mecklenburg",35.2401000008895,-80.785683
"1551","05/03/2014","AQS",371190041,1,0.053,"ppm",49,"Garinger High School",17,100,44201,"Ozone",16740,"Charlotte-Concord-Gastonia, NC-SC",37,"North Carolina",119,"Mecklenburg",35.2401000008895,-80.785683
"1552","05/04/2014","AQS",371190041,1,0.059,"ppm",64,"Garinger High School",17,100,44201,"Ozone",16740,"Charlotte-Concord-Gastonia, NC-SC",37,"North Carolina",119,"Mecklenburg",35.2401000008895,-80.785683
"1553","05/05/2014","AQS",371190041,1,0.063,"ppm",77,"Garinger High School",17,100,44201,"Ozone",16740,"Charlotte-Concord-Gastonia, NC-SC",37,"North Carolina",119,"Mecklenburg",35.2401000008895,-80.785683
"1554","05/06/2014","AQS",371190041,1,0.062,"ppm",74,"Garinger High School",17,100,44201,"Ozone",16740,"Charlotte-Concord-Gastonia, NC-SC",37,"North Carolina",119,"Mecklenburg",35.2401000008895,-80.785683
"1555","05/07/2014","AQS",371190041,1,0.072,"ppm",105,"Garinger High School",17,100,44201,"Ozone",16740,"Charlotte-Concord-Gastonia, NC-SC",37,"North Carolina",119,"Mecklenburg",35.2401000008895,-80.785683
"1556","05/08/2014","AQS",371190041,1,0.06,"ppm",67,"Garinger High School",17,100,44201,"Ozone",16740,"Charlotte-Concord-Gastonia, NC-SC",37,"North Carolina",119,"Mecklenburg",35.2401000008895,-80.785683
"1557","05/09/2014","AQS",371190041,1,0.05,"ppm",46,"Garinger High School",17,100,44201,"Ozone",16740,"Charlotte-Concord-Gastonia, NC-SC",37,"North Carolina",119,"Mecklenburg",35.2401000008895,-80.785683
"1558","05/10/2014","AQS",371190041,1,0.042,"ppm",39,"Garinger High School",17,100,44201,"Ozone",16740,"Charlotte-Concord-Gastonia, NC-SC",37,"North Carolina",119,"Mecklenburg",35.2401000008895,-80.785683
"1559","05/11/2014","AQS",371190041,1,0.05,"ppm",46,"Garinger High School",17,100,44201,"Ozone",16740,"Charlotte-Concord-Gastonia, NC-SC",37,"North Carolina",119,"Mecklenburg",35.2401000008895,-80.785683
"1560","05/12/2014","AQS",371190041,1,0.047,"ppm",44,"Garinger High School",17,100,44201,"Ozone",16740,"Charlotte-Concord-Gastonia, NC-SC",37,"North Carolina",119,"Mecklenburg",35.2401000008895,-80.785683
"1561","05/13/2014","AQS",371190041,1,0.049,"ppm",45,"Garinger High School",17,100,44201,"Ozone",16740,"Charlotte-Concord-Gastonia, NC-SC",37,"North Carolina",119,"Mecklenburg",35.2401000008895,-80.785683
"1562","05/14/2014","AQS",371190041,1,0.043,"ppm",40,"Garinger High School",17,100,44201,"Ozone",16740,"Charlotte-Concord-Gastonia, NC-SC",37,"North Carolina",119,"Mecklenburg",35.2401000008895,-80.785683
"1563","05/15/2014","AQS",371190041,1,0.027,"ppm",25,"Garinger High School",17,100,44201,"Ozone",16740,"Charlotte-Concord-Gastonia, NC-SC",37,"North Carolina",119,"Mecklenburg",35.2401000008895,-80.785683
"1564","05/16/2014","AQS",371190041,1,0.048,"ppm",44,"Garinger High School",17,100,44201,"Ozone",16740,"Charlotte-Concord-Gastonia, NC-SC",37,"North Carolina",119,"Mecklenburg",35.2401000008895,-80.785683
"1565","05/17/2014","AQS",371190041,1,0.052,"ppm",48,"Garinger High School",17,100,44201,"Ozone",16740,"Charlotte-Concord-Gastonia, NC-SC",37,"North Carolina",119,"Mecklenburg",35.2401000008895,-80.785683
"1566","05/18/2014","AQS",371190041,1,0.047,"ppm",44,"Garinger High School",17,100,44201,"Ozone",16740,"Charlotte-Concord-Gastonia, NC-SC",37,"North Carolina",119,"Mecklenburg",35.2401000008895,-80.785683
"1567","05/19/2014","AQS",371190041,1,0.055,"ppm",51,"Garinger High School",17,100,44201,"Ozone",16740,"Charlotte-Concord-Gastonia, NC-SC",37,"North Carolina",119,"Mecklenburg",35.2401000008895,-80.785683
"1568","05/20/2014","AQS",371190041,1,0.05,"ppm",46,"Garinger High School",17,100,44201,"Ozone",16740,"Charlotte-Concord-Gastonia, NC-SC",37,"North Carolina",119,"Mecklenburg",35.2401000008895,-80.785683
"1569","05/21/2014","AQS",371190041,1,0.057,"ppm",58,"Garinger High School",17,100,44201,"Ozone",16740,"Charlotte-Concord-Gastonia, NC-SC",37,"North Carolina",119,"Mecklenburg",35.2401000008895,-80.785683
"1570","05/22/2014","AQS",371190041,1,0.056,"ppm",54,"Garinger High School",17,100,44201,"Ozone",16740,"Charlotte-Concord-Gastonia, NC-SC",37,"North Carolina",119,"Mecklenburg",35.2401000008895,-80.785683
"1571","05/23/2014","AQS",371190041,1,0.056,"ppm",54,"Garinger High School",17,100,44201,"Ozone",16740,"Charlotte-Concord-Gastonia, NC-SC",37,"North Carolina",119,"Mecklenburg",35.2401000008895,-80.785683
"1572","05/24/2014","AQS",371190041,1,0.057,"ppm",58,"Garinger High School",17,100,44201,"Ozone",16740,"Charlotte-Concord-Gastonia, NC-SC",37,"North Carolina",119,"Mecklenburg",35.2401000008895,-80.785683
"1573","05/25/2014","AQS",371190041,1,0.054,"ppm",50,"Garinger High School",17,100,44201,"Ozone",16740,"Charlotte-Concord-Gastonia, NC-SC",37,"North Carolina",119,"Mecklenburg",35.2401000008895,-80.785683
"1574","05/26/2014","AQS",371190041,1,0.052,"ppm",48,"Garinger High School",17,100,44201,"Ozone",16740,"Charlotte-Concord-Gastonia, NC-SC",37,"North Carolina",119,"Mecklenburg",35.2401000008895,-80.785683
"1575","05/27/2014","AQS",371190041,1,0.047,"ppm",44,"Garinger High School",17,100,44201,"Ozone",16740,"Charlotte-Concord-Gastonia, NC-SC",37,"North Carolina",119,"Mecklenburg",35.2401000008895,-80.785683
"1576","05/28/2014","AQS",371190041,1,0.062,"ppm",74,"Garinger High School",17,100,44201,"Ozone",16740,"Charlotte-Concord-Gastonia, NC-SC",37,"North Carolina",119,"Mecklenburg",35.2401000008895,-80.785683
"1577","05/29/2014","AQS",371190041,1,0.064,"ppm",80,"Garinger High School",17,100,44201,"Ozone",16740,"Charlotte-Concord-Gastonia, NC-SC",37,"North Carolina",119,"Mecklenburg",35.2401000008895,-80.785683
"1578","05/30/2014","AQS",371190041,1,0.048,"ppm",44,"Garinger High School",17,100,44201,"Ozone",16740,"Charlotte-Concord-Gastonia, NC-SC",37,"North Carolina",119,"Mecklenburg",35.2401000008895,-80.785683
"1579","05/31/2014","AQS",371190041,1,0.042,"ppm",39,"Garinger High School",17,100,44201,"Ozone",16740,"Charlotte-Concord-Gastonia, NC-SC",37,"North Carolina",119,"Mecklenburg",35.2401000008895,-80.785683
"1580","06/01/2014","AQS",371190041,1,0.047,"ppm",44,"Garinger High School",17,100,44201,"Ozone",16740,"Charlotte-Concord-Gastonia, NC-SC",37,"North Carolina",119,"Mecklenburg",35.2401000008895,-80.785683
"1581","06/02/2014","AQS",371190041,1,0.054,"ppm",50,"Garinger High School",17,100,44201,"Ozone",16740,"Charlotte-Concord-Gastonia, NC-SC",37,"North Carolina",119,"Mecklenburg",35.2401000008895,-80.785683
"1582","06/03/2014","AQS",371190041,1,0.057,"ppm",58,"Garinger High School",17,100,44201,"Ozone",16740,"Charlotte-Concord-Gastonia, NC-SC",37,"North Carolina",119,"Mecklenburg",35.2401000008895,-80.785683
"1583","06/04/2014","AQS",371190041,1,0.052,"ppm",48,"Garinger High School",17,100,44201,"Ozone",16740,"Charlotte-Concord-Gastonia, NC-SC",37,"North Carolina",119,"Mecklenburg",35.2401000008895,-80.785683
"1584","06/05/2014","AQS",371190041,1,0.048,"ppm",44,"Garinger High School",17,100,44201,"Ozone",16740,"Charlotte-Concord-Gastonia, NC-SC",37,"North Carolina",119,"Mecklenburg",35.2401000008895,-80.785683
"1585","06/06/2014","AQS",371190041,1,0.059,"ppm",64,"Garinger High School",17,100,44201,"Ozone",16740,"Charlotte-Concord-Gastonia, NC-SC",37,"North Carolina",119,"Mecklenburg",35.2401000008895,-80.785683
"1586","06/07/2014","AQS",371190041,1,0.052,"ppm",48,"Garinger High School",17,100,44201,"Ozone",16740,"Charlotte-Concord-Gastonia, NC-SC",37,"North Carolina",119,"Mecklenburg",35.2401000008895,-80.785683
"1587","06/08/2014","AQS",371190041,1,0.036,"ppm",33,"Garinger High School",17,100,44201,"Ozone",16740,"Charlotte-Concord-Gastonia, NC-SC",37,"North Carolina",119,"Mecklenburg",35.2401000008895,-80.785683
"1588","06/09/2014","AQS",371190041,1,0.056,"ppm",54,"Garinger High School",17,100,44201,"Ozone",16740,"Charlotte-Concord-Gastonia, NC-SC",37,"North Carolina",119,"Mecklenburg",35.2401000008895,-80.785683
"1589","06/10/2014","AQS",371190041,1,0.04,"ppm",37,"Garinger High School",17,100,44201,"Ozone",16740,"Charlotte-Concord-Gastonia, NC-SC",37,"North Carolina",119,"Mecklenburg",35.2401000008895,-80.785683
"1590","06/11/2014","AQS",371190041,1,0.041,"ppm",38,"Garinger High School",17,100,44201,"Ozone",16740,"Charlotte-Concord-Gastonia, NC-SC",37,"North Carolina",119,"Mecklenburg",35.2401000008895,-80.785683
"1591","06/12/2014","AQS",371190041,1,0.04,"ppm",37,"Garinger High School",17,100,44201,"Ozone",16740,"Charlotte-Concord-Gastonia, NC-SC",37,"North Carolina",119,"Mecklenburg",35.2401000008895,-80.785683
"1592","06/13/2014","AQS",371190041,1,0.055,"ppm",51,"Garinger High School",17,100,44201,"Ozone",16740,"Charlotte-Concord-Gastonia, NC-SC",37,"North Carolina",119,"Mecklenburg",35.2401000008895,-80.785683
"1593","06/14/2014","AQS",371190041,1,0.06,"ppm",67,"Garinger High School",17,100,44201,"Ozone",16740,"Charlotte-Concord-Gastonia, NC-SC",37,"North Carolina",119,"Mecklenburg",35.2401000008895,-80.785683
"1594","06/15/2014","AQS",371190041,1,0.06,"ppm",67,"Garinger High School",17,100,44201,"Ozone",16740,"Charlotte-Concord-Gastonia, NC-SC",37,"North Carolina",119,"Mecklenburg",35.2401000008895,-80.785683
"1595","06/16/2014","AQS",371190041,1,0.059,"ppm",64,"Garinger High School",17,100,44201,"Ozone",16740,"Charlotte-Concord-Gastonia, NC-SC",37,"North Carolina",119,"Mecklenburg",35.2401000008895,-80.785683
"1596","06/17/2014","AQS",371190041,1,0.057,"ppm",58,"Garinger High School",17,100,44201,"Ozone",16740,"Charlotte-Concord-Gastonia, NC-SC",37,"North Carolina",119,"Mecklenburg",35.2401000008895,-80.785683
"1597","06/18/2014","AQS",371190041,1,0.065,"ppm",84,"Garinger High School",17,100,44201,"Ozone",16740,"Charlotte-Concord-Gastonia, NC-SC",37,"North Carolina",119,"Mecklenburg",35.2401000008895,-80.785683
"1598","06/19/2014","AQS",371190041,1,0.058,"ppm",61,"Garinger High School",17,100,44201,"Ozone",16740,"Charlotte-Concord-Gastonia, NC-SC",37,"North Carolina",119,"Mecklenburg",35.2401000008895,-80.785683
"1599","06/20/2014","AQS",371190041,1,0.052,"ppm",48,"Garinger High School",17,100,44201,"Ozone",16740,"Charlotte-Concord-Gastonia, NC-SC",37,"North Carolina",119,"Mecklenburg",35.2401000008895,-80.785683
"1600","06/21/2014","AQS",371190041,1,0.048,"ppm",44,"Garinger High School",17,100,44201,"Ozone",16740,"Charlotte-Concord-Gastonia, NC-SC",37,"North Carolina",119,"Mecklenburg",35.2401000008895,-80.785683
"1601","06/22/2014","AQS",371190041,1,0.051,"ppm",47,"Garinger High School",17,100,44201,"Ozone",16740,"Charlotte-Concord-Gastonia, NC-SC",37,"North Carolina",119,"Mecklenburg",35.2401000008895,-80.785683
"1602","06/23/2014","AQS",371190041,1,0.043,"ppm",40,"Garinger High School",17,100,44201,"Ozone",16740,"Charlotte-Concord-Gastonia, NC-SC",37,"North Carolina",119,"Mecklenburg",35.2401000008895,-80.785683
"1603","06/24/2014","AQS",371190041,1,0.038,"ppm",35,"Garinger High School",17,100,44201,"Ozone",16740,"Charlotte-Concord-Gastonia, NC-SC",37,"North Carolina",119,"Mecklenburg",35.2401000008895,-80.785683
"1604","06/25/2014","AQS",371190041,1,0.036,"ppm",33,"Garinger High School",17,100,44201,"Ozone",16740,"Charlotte-Concord-Gastonia, NC-SC",37,"North Carolina",119,"Mecklenburg",35.2401000008895,-80.785683
"1605","06/26/2014","AQS",371190041,1,0.065,"ppm",84,"Garinger High School",17,100,44201,"Ozone",16740,"Charlotte-Concord-Gastonia, NC-SC",37,"North Carolina",119,"Mecklenburg",35.2401000008895,-80.785683
"1606","06/27/2014","AQS",371190041,1,0.058,"ppm",61,"Garinger High School",17,100,44201,"Ozone",16740,"Charlotte-Concord-Gastonia, NC-SC",37,"North Carolina",119,"Mecklenburg",35.2401000008895,-80.785683
"1607","06/28/2014","AQS",371190041,1,0.042,"ppm",39,"Garinger High School",17,100,44201,"Ozone",16740,"Charlotte-Concord-Gastonia, NC-SC",37,"North Carolina",119,"Mecklenburg",35.2401000008895,-80.785683
"1608","06/29/2014","AQS",371190041,1,0.042,"ppm",39,"Garinger High School",17,100,44201,"Ozone",16740,"Charlotte-Concord-Gastonia, NC-SC",37,"North Carolina",119,"Mecklenburg",35.2401000008895,-80.785683
"1609","06/30/2014","AQS",371190041,1,0.036,"ppm",33,"Garinger High School",17,100,44201,"Ozone",16740,"Charlotte-Concord-Gastonia, NC-SC",37,"North Carolina",119,"Mecklenburg",35.2401000008895,-80.785683
"1610","07/01/2014","AQS",371190041,1,0.042,"ppm",39,"Garinger High School",17,100,44201,"Ozone",16740,"Charlotte-Concord-Gastonia, NC-SC",37,"North Carolina",119,"Mecklenburg",35.2401000008895,-80.785683
"1611","07/02/2014","AQS",371190041,1,0.055,"ppm",51,"Garinger High School",17,100,44201,"Ozone",16740,"Charlotte-Concord-Gastonia, NC-SC",37,"North Carolina",119,"Mecklenburg",35.2401000008895,-80.785683
"1612","07/03/2014","AQS",371190041,1,0.036,"ppm",33,"Garinger High School",17,100,44201,"Ozone",16740,"Charlotte-Concord-Gastonia, NC-SC",37,"North Carolina",119,"Mecklenburg",35.2401000008895,-80.785683
"1613","07/04/2014","AQS",371190041,1,0.046,"ppm",43,"Garinger High School",17,100,44201,"Ozone",16740,"Charlotte-Concord-Gastonia, NC-SC",37,"North Carolina",119,"Mecklenburg",35.2401000008895,-80.785683
"1614","07/05/2014","AQS",371190041,1,0.048,"ppm",44,"Garinger High School",17,100,44201,"Ozone",16740,"Charlotte-Concord-Gastonia, NC-SC",37,"North Carolina",119,"Mecklenburg",35.2401000008895,-80.785683
"1615","07/06/2014","AQS",371190041,1,0.048,"ppm",44,"Garinger High School",17,100,44201,"Ozone",16740,"Charlotte-Concord-Gastonia, NC-SC",37,"North Carolina",119,"Mecklenburg",35.2401000008895,-80.785683
"1616","07/07/2014","AQS",371190041,1,0.045,"ppm",42,"Garinger High School",17,100,44201,"Ozone",16740,"Charlotte-Concord-Gastonia, NC-SC",37,"North Carolina",119,"Mecklenburg",35.2401000008895,-80.785683
"1617","07/08/2014","AQS",371190041,1,0.049,"ppm",45,"Garinger High School",17,100,44201,"Ozone",16740,"Charlotte-Concord-Gastonia, NC-SC",37,"North Carolina",119,"Mecklenburg",35.2401000008895,-80.785683
"1618","07/09/2014","AQS",371190041,1,0.043,"ppm",40,"Garinger High School",17,100,44201,"Ozone",16740,"Charlotte-Concord-Gastonia, NC-SC",37,"North Carolina",119,"Mecklenburg",35.2401000008895,-80.785683
"1619","07/10/2014","AQS",371190041,1,0.045,"ppm",42,"Garinger High School",17,100,44201,"Ozone",16740,"Charlotte-Concord-Gastonia, NC-SC",37,"North Carolina",119,"Mecklenburg",35.2401000008895,-80.785683
"1620","07/11/2014","AQS",371190041,1,0.048,"ppm",44,"Garinger High School",17,100,44201,"Ozone",16740,"Charlotte-Concord-Gastonia, NC-SC",37,"North Carolina",119,"Mecklenburg",35.2401000008895,-80.785683
"1621","07/12/2014","AQS",371190041,1,0.053,"ppm",49,"Garinger High School",17,100,44201,"Ozone",16740,"Charlotte-Concord-Gastonia, NC-SC",37,"North Carolina",119,"Mecklenburg",35.2401000008895,-80.785683
"1622","07/13/2014","AQS",371190041,1,0.049,"ppm",45,"Garinger High School",17,100,44201,"Ozone",16740,"Charlotte-Concord-Gastonia, NC-SC",37,"North Carolina",119,"Mecklenburg",35.2401000008895,-80.785683
"1623","07/14/2014","AQS",371190041,1,0.05,"ppm",46,"Garinger High School",17,100,44201,"Ozone",16740,"Charlotte-Concord-Gastonia, NC-SC",37,"North Carolina",119,"Mecklenburg",35.2401000008895,-80.785683
"1624","07/15/2014","AQS",371190041,1,0.046,"ppm",43,"Garinger High School",17,100,44201,"Ozone",16740,"Charlotte-Concord-Gastonia, NC-SC",37,"North Carolina",119,"Mecklenburg",35.2401000008895,-80.785683
"1625","07/16/2014","AQS",371190041,1,0.051,"ppm",47,"Garinger High School",17,100,44201,"Ozone",16740,"Charlotte-Concord-Gastonia, NC-SC",37,"North Carolina",119,"Mecklenburg",35.2401000008895,-80.785683
"1626","07/17/2014","AQS",371190041,1,0.053,"ppm",49,"Garinger High School",17,100,44201,"Ozone",16740,"Charlotte-Concord-Gastonia, NC-SC",37,"North Carolina",119,"Mecklenburg",35.2401000008895,-80.785683
"1627","07/18/2014","AQS",371190041,1,0.047,"ppm",44,"Garinger High School",17,100,44201,"Ozone",16740,"Charlotte-Concord-Gastonia, NC-SC",37,"North Carolina",119,"Mecklenburg",35.2401000008895,-80.785683
"1628","07/19/2014","AQS",371190041,1,0.038,"ppm",35,"Garinger High School",17,100,44201,"Ozone",16740,"Charlotte-Concord-Gastonia, NC-SC",37,"North Carolina",119,"Mecklenburg",35.2401000008895,-80.785683
"1629","07/20/2014","AQS",371190041,1,0.032,"ppm",30,"Garinger High School",17,100,44201,"Ozone",16740,"Charlotte-Concord-Gastonia, NC-SC",37,"North Carolina",119,"Mecklenburg",35.2401000008895,-80.785683
"1630","07/21/2014","AQS",371190041,1,0.025,"ppm",23,"Garinger High School",17,100,44201,"Ozone",16740,"Charlotte-Concord-Gastonia, NC-SC",37,"North Carolina",119,"Mecklenburg",35.2401000008895,-80.785683
"1631","07/22/2014","AQS",371190041,1,0.025,"ppm",23,"Garinger High School",17,100,44201,"Ozone",16740,"Charlotte-Concord-Gastonia, NC-SC",37,"North Carolina",119,"Mecklenburg",35.2401000008895,-80.785683
"1632","07/23/2014","AQS",371190041,1,0.039,"ppm",36,"Garinger High School",17,100,44201,"Ozone",16740,"Charlotte-Concord-Gastonia, NC-SC",37,"North Carolina",119,"Mecklenburg",35.2401000008895,-80.785683
"1633","07/24/2014","AQS",371190041,1,0.041,"ppm",38,"Garinger High School",17,100,44201,"Ozone",16740,"Charlotte-Concord-Gastonia, NC-SC",37,"North Carolina",119,"Mecklenburg",35.2401000008895,-80.785683
"1634","07/25/2014","AQS",371190041,1,0.044,"ppm",41,"Garinger High School",17,100,44201,"Ozone",16740,"Charlotte-Concord-Gastonia, NC-SC",37,"North Carolina",119,"Mecklenburg",35.2401000008895,-80.785683
"1635","07/26/2014","AQS",371190041,1,0.053,"ppm",49,"Garinger High School",17,100,44201,"Ozone",16740,"Charlotte-Concord-Gastonia, NC-SC",37,"North Carolina",119,"Mecklenburg",35.2401000008895,-80.785683
"1636","07/27/2014","AQS",371190041,1,0.036,"ppm",33,"Garinger High School",17,100,44201,"Ozone",16740,"Charlotte-Concord-Gastonia, NC-SC",37,"North Carolina",119,"Mecklenburg",35.2401000008895,-80.785683
"1637","07/28/2014","AQS",371190041,1,0.042,"ppm",39,"Garinger High School",17,100,44201,"Ozone",16740,"Charlotte-Concord-Gastonia, NC-SC",37,"North Carolina",119,"Mecklenburg",35.2401000008895,-80.785683
"1638","07/29/2014","AQS",371190041,1,0.053,"ppm",49,"Garinger High School",17,100,44201,"Ozone",16740,"Charlotte-Concord-Gastonia, NC-SC",37,"North Carolina",119,"Mecklenburg",35.2401000008895,-80.785683
"1639","07/30/2014","AQS",371190041,1,0.057,"ppm",58,"Garinger High School",17,100,44201,"Ozone",16740,"Charlotte-Concord-Gastonia, NC-SC",37,"North Carolina",119,"Mecklenburg",35.2401000008895,-80.785683
"1640","07/31/2014","AQS",371190041,1,0.041,"ppm",38,"Garinger High School",17,100,44201,"Ozone",16740,"Charlotte-Concord-Gastonia, NC-SC",37,"North Carolina",119,"Mecklenburg",35.2401000008895,-80.785683
"1641","08/01/2014","AQS",371190041,1,0.042,"ppm",39,"Garinger High School",17,100,44201,"Ozone",16740,"Charlotte-Concord-Gastonia, NC-SC",37,"North Carolina",119,"Mecklenburg",35.2401000008895,-80.785683
"1642","08/02/2014","AQS",371190041,1,0.03,"ppm",28,"Garinger High School",17,100,44201,"Ozone",16740,"Charlotte-Concord-Gastonia, NC-SC",37,"North Carolina",119,"Mecklenburg",35.2401000008895,-80.785683
"1643","08/03/2014","AQS",371190041,1,0.042,"ppm",39,"Garinger High School",17,100,44201,"Ozone",16740,"Charlotte-Concord-Gastonia, NC-SC",37,"North Carolina",119,"Mecklenburg",35.2401000008895,-80.785683
"1644","08/04/2014","AQS",371190041,1,0.047,"ppm",44,"Garinger High School",17,100,44201,"Ozone",16740,"Charlotte-Concord-Gastonia, NC-SC",37,"North Carolina",119,"Mecklenburg",35.2401000008895,-80.785683
"1645","08/05/2014","AQS",371190041,1,0.063,"ppm",77,"Garinger High School",17,100,44201,"Ozone",16740,"Charlotte-Concord-Gastonia, NC-SC",37,"North Carolina",119,"Mecklenburg",35.2401000008895,-80.785683
"1646","08/06/2014","AQS",371190041,1,0.062,"ppm",74,"Garinger High School",17,100,44201,"Ozone",16740,"Charlotte-Concord-Gastonia, NC-SC",37,"North Carolina",119,"Mecklenburg",35.2401000008895,-80.785683
"1647","08/07/2014","AQS",371190041,1,0.063,"ppm",77,"Garinger High School",17,100,44201,"Ozone",16740,"Charlotte-Concord-Gastonia, NC-SC",37,"North Carolina",119,"Mecklenburg",35.2401000008895,-80.785683
"1648","08/08/2014","AQS",371190041,1,0.044,"ppm",41,"Garinger High School",17,100,44201,"Ozone",16740,"Charlotte-Concord-Gastonia, NC-SC",37,"North Carolina",119,"Mecklenburg",35.2401000008895,-80.785683
"1649","08/09/2014","AQS",371190041,1,0.038,"ppm",35,"Garinger High School",17,100,44201,"Ozone",16740,"Charlotte-Concord-Gastonia, NC-SC",37,"North Carolina",119,"Mecklenburg",35.2401000008895,-80.785683
"1650","08/10/2014","AQS",371190041,1,0.024,"ppm",22,"Garinger High School",17,100,44201,"Ozone",16740,"Charlotte-Concord-Gastonia, NC-SC",37,"North Carolina",119,"Mecklenburg",35.2401000008895,-80.785683
"1651","08/11/2014","AQS",371190041,1,0.034,"ppm",31,"Garinger High School",17,100,44201,"Ozone",16740,"Charlotte-Concord-Gastonia, NC-SC",37,"North Carolina",119,"Mecklenburg",35.2401000008895,-80.785683
"1652","08/12/2014","AQS",371190041,1,0.038,"ppm",35,"Garinger High School",17,100,44201,"Ozone",16740,"Charlotte-Concord-Gastonia, NC-SC",37,"North Carolina",119,"Mecklenburg",35.2401000008895,-80.785683
"1653","08/13/2014","AQS",371190041,1,0.046,"ppm",43,"Garinger High School",17,100,44201,"Ozone",16740,"Charlotte-Concord-Gastonia, NC-SC",37,"North Carolina",119,"Mecklenburg",35.2401000008895,-80.785683
"1654","08/14/2014","AQS",371190041,1,0.059,"ppm",64,"Garinger High School",17,100,44201,"Ozone",16740,"Charlotte-Concord-Gastonia, NC-SC",37,"North Carolina",119,"Mecklenburg",35.2401000008895,-80.785683
"1655","08/15/2014","AQS",371190041,1,0.052,"ppm",48,"Garinger High School",17,100,44201,"Ozone",16740,"Charlotte-Concord-Gastonia, NC-SC",37,"North Carolina",119,"Mecklenburg",35.2401000008895,-80.785683
"1656","08/16/2014","AQS",371190041,1,0.057,"ppm",58,"Garinger High School",17,100,44201,"Ozone",16740,"Charlotte-Concord-Gastonia, NC-SC",37,"North Carolina",119,"Mecklenburg",35.2401000008895,-80.785683
"1657","08/17/2014","AQS",371190041,1,0.055,"ppm",51,"Garinger High School",17,100,44201,"Ozone",16740,"Charlotte-Concord-Gastonia, NC-SC",37,"North Carolina",119,"Mecklenburg",35.2401000008895,-80.785683
"1658","08/18/2014","AQS",371190041,1,0.042,"ppm",39,"Garinger High School",17,100,44201,"Ozone",16740,"Charlotte-Concord-Gastonia, NC-SC",37,"North Carolina",119,"Mecklenburg",35.2401000008895,-80.785683
"1659","08/19/2014","AQS",371190041,1,0.037,"ppm",34,"Garinger High School",17,100,44201,"Ozone",16740,"Charlotte-Concord-Gastonia, NC-SC",37,"North Carolina",119,"Mecklenburg",35.2401000008895,-80.785683
"1660","08/20/2014","AQS",371190041,1,0.058,"ppm",61,"Garinger High School",17,100,44201,"Ozone",16740,"Charlotte-Concord-Gastonia, NC-SC",37,"North Carolina",119,"Mecklenburg",35.2401000008895,-80.785683
"1661","08/21/2014","AQS",371190041,1,0.065,"ppm",84,"Garinger High School",17,100,44201,"Ozone",16740,"Charlotte-Concord-Gastonia, NC-SC",37,"North Carolina",119,"Mecklenburg",35.2401000008895,-80.785683
"1662","08/22/2014","AQS",371190041,1,0.045,"ppm",42,"Garinger High School",17,100,44201,"Ozone",16740,"Charlotte-Concord-Gastonia, NC-SC",37,"North Carolina",119,"Mecklenburg",35.2401000008895,-80.785683
"1663","08/23/2014","AQS",371190041,1,0.041,"ppm",38,"Garinger High School",17,100,44201,"Ozone",16740,"Charlotte-Concord-Gastonia, NC-SC",37,"North Carolina",119,"Mecklenburg",35.2401000008895,-80.785683
"1664","08/24/2014","AQS",371190041,1,0.031,"ppm",29,"Garinger High School",17,100,44201,"Ozone",16740,"Charlotte-Concord-Gastonia, NC-SC",37,"North Carolina",119,"Mecklenburg",35.2401000008895,-80.785683
"1665","08/25/2014","AQS",371190041,1,0.05,"ppm",46,"Garinger High School",17,100,44201,"Ozone",16740,"Charlotte-Concord-Gastonia, NC-SC",37,"North Carolina",119,"Mecklenburg",35.2401000008895,-80.785683
"1666","08/26/2014","AQS",371190041,1,0.055,"ppm",51,"Garinger High School",17,100,44201,"Ozone",16740,"Charlotte-Concord-Gastonia, NC-SC",37,"North Carolina",119,"Mecklenburg",35.2401000008895,-80.785683
"1667","08/27/2014","AQS",371190041,1,0.053,"ppm",49,"Garinger High School",17,100,44201,"Ozone",16740,"Charlotte-Concord-Gastonia, NC-SC",37,"North Carolina",119,"Mecklenburg",35.2401000008895,-80.785683
"1668","08/28/2014","AQS",371190041,1,0.072,"ppm",105,"Garinger High School",17,100,44201,"Ozone",16740,"Charlotte-Concord-Gastonia, NC-SC",37,"North Carolina",119,"Mecklenburg",35.2401000008895,-80.785683
"1669","08/29/2014","AQS",371190041,1,0.05,"ppm",46,"Garinger High School",17,100,44201,"Ozone",16740,"Charlotte-Concord-Gastonia, NC-SC",37,"North Carolina",119,"Mecklenburg",35.2401000008895,-80.785683
"1670","08/30/2014","AQS",371190041,1,0.04,"ppm",37,"Garinger High School",17,100,44201,"Ozone",16740,"Charlotte-Concord-Gastonia, NC-SC",37,"North Carolina",119,"Mecklenburg",35.2401000008895,-80.785683
"1671","08/31/2014","AQS",371190041,1,0.037,"ppm",34,"Garinger High School",17,100,44201,"Ozone",16740,"Charlotte-Concord-Gastonia, NC-SC",37,"North Carolina",119,"Mecklenburg",35.2401000008895,-80.785683
"1672","09/01/2014","AQS",371190041,1,0.037,"ppm",34,"Garinger High School",17,100,44201,"Ozone",16740,"Charlotte-Concord-Gastonia, NC-SC",37,"North Carolina",119,"Mecklenburg",35.2401000008895,-80.785683
"1673","09/02/2014","AQS",371190041,1,0.044,"ppm",41,"Garinger High School",17,100,44201,"Ozone",16740,"Charlotte-Concord-Gastonia, NC-SC",37,"North Carolina",119,"Mecklenburg",35.2401000008895,-80.785683
"1674","09/03/2014","AQS",371190041,1,0.053,"ppm",49,"Garinger High School",17,100,44201,"Ozone",16740,"Charlotte-Concord-Gastonia, NC-SC",37,"North Carolina",119,"Mecklenburg",35.2401000008895,-80.785683
"1675","09/04/2014","AQS",371190041,1,0.022,"ppm",20,"Garinger High School",17,100,44201,"Ozone",16740,"Charlotte-Concord-Gastonia, NC-SC",37,"North Carolina",119,"Mecklenburg",35.2401000008895,-80.785683
"1676","09/05/2014","AQS",371190041,1,0.036,"ppm",33,"Garinger High School",17,100,44201,"Ozone",16740,"Charlotte-Concord-Gastonia, NC-SC",37,"North Carolina",119,"Mecklenburg",35.2401000008895,-80.785683
"1677","09/06/2014","AQS",371190041,1,0.038,"ppm",35,"Garinger High School",17,100,44201,"Ozone",16740,"Charlotte-Concord-Gastonia, NC-SC",37,"North Carolina",119,"Mecklenburg",35.2401000008895,-80.785683
"1678","09/07/2014","AQS",371190041,1,0.042,"ppm",39,"Garinger High School",17,100,44201,"Ozone",16740,"Charlotte-Concord-Gastonia, NC-SC",37,"North Carolina",119,"Mecklenburg",35.2401000008895,-80.785683
"1679","09/08/2014","AQS",371190041,1,0.027,"ppm",25,"Garinger High School",17,100,44201,"Ozone",16740,"Charlotte-Concord-Gastonia, NC-SC",37,"North Carolina",119,"Mecklenburg",35.2401000008895,-80.785683
"1680","09/09/2014","AQS",371190041,1,0.031,"ppm",29,"Garinger High School",17,100,44201,"Ozone",16740,"Charlotte-Concord-Gastonia, NC-SC",37,"North Carolina",119,"Mecklenburg",35.2401000008895,-80.785683
"1681","09/10/2014","AQS",371190041,1,0.032,"ppm",30,"Garinger High School",17,100,44201,"Ozone",16740,"Charlotte-Concord-Gastonia, NC-SC",37,"North Carolina",119,"Mecklenburg",35.2401000008895,-80.785683
"1682","09/11/2014","AQS",371190041,1,0.034,"ppm",31,"Garinger High School",17,100,44201,"Ozone",16740,"Charlotte-Concord-Gastonia, NC-SC",37,"North Carolina",119,"Mecklenburg",35.2401000008895,-80.785683
"1683","09/12/2014","AQS",371190041,1,0.049,"ppm",45,"Garinger High School",17,100,44201,"Ozone",16740,"Charlotte-Concord-Gastonia, NC-SC",37,"North Carolina",119,"Mecklenburg",35.2401000008895,-80.785683
"1684","09/13/2014","AQS",371190041,1,0.037,"ppm",34,"Garinger High School",17,100,44201,"Ozone",16740,"Charlotte-Concord-Gastonia, NC-SC",37,"North Carolina",119,"Mecklenburg",35.2401000008895,-80.785683
"1685","09/14/2014","AQS",371190041,1,0.03,"ppm",28,"Garinger High School",17,100,44201,"Ozone",16740,"Charlotte-Concord-Gastonia, NC-SC",37,"North Carolina",119,"Mecklenburg",35.2401000008895,-80.785683
"1686","09/15/2014","AQS",371190041,1,0.032,"ppm",30,"Garinger High School",17,100,44201,"Ozone",16740,"Charlotte-Concord-Gastonia, NC-SC",37,"North Carolina",119,"Mecklenburg",35.2401000008895,-80.785683
"1687","09/16/2014","AQS",371190041,1,0.042,"ppm",39,"Garinger High School",17,100,44201,"Ozone",16740,"Charlotte-Concord-Gastonia, NC-SC",37,"North Carolina",119,"Mecklenburg",35.2401000008895,-80.785683
"1688","09/17/2014","AQS",371190041,1,0.027,"ppm",25,"Garinger High School",17,100,44201,"Ozone",16740,"Charlotte-Concord-Gastonia, NC-SC",37,"North Carolina",119,"Mecklenburg",35.2401000008895,-80.785683
"1689","09/18/2014","AQS",371190041,1,0.042,"ppm",39,"Garinger High School",17,100,44201,"Ozone",16740,"Charlotte-Concord-Gastonia, NC-SC",37,"North Carolina",119,"Mecklenburg",35.2401000008895,-80.785683
"1690","09/19/2014","AQS",371190041,1,0.043,"ppm",40,"Garinger High School",17,100,44201,"Ozone",16740,"Charlotte-Concord-Gastonia, NC-SC",37,"North Carolina",119,"Mecklenburg",35.2401000008895,-80.785683
"1691","09/20/2014","AQS",371190041,1,0.049,"ppm",45,"Garinger High School",17,100,44201,"Ozone",16740,"Charlotte-Concord-Gastonia, NC-SC",37,"North Carolina",119,"Mecklenburg",35.2401000008895,-80.785683
"1692","09/21/2014","AQS",371190041,1,0.044,"ppm",41,"Garinger High School",17,100,44201,"Ozone",16740,"Charlotte-Concord-Gastonia, NC-SC",37,"North Carolina",119,"Mecklenburg",35.2401000008895,-80.785683
"1693","09/22/2014","AQS",371190041,1,0.04,"ppm",37,"Garinger High School",17,100,44201,"Ozone",16740,"Charlotte-Concord-Gastonia, NC-SC",37,"North Carolina",119,"Mecklenburg",35.2401000008895,-80.785683
"1694","09/23/2014","AQS",371190041,1,0.019,"ppm",18,"Garinger High School",17,100,44201,"Ozone",16740,"Charlotte-Concord-Gastonia, NC-SC",37,"North Carolina",119,"Mecklenburg",35.2401000008895,-80.785683
"1695","09/24/2014","AQS",371190041,1,0.023,"ppm",21,"Garinger High School",16,94,44201,"Ozone",16740,"Charlotte-Concord-Gastonia, NC-SC",37,"North Carolina",119,"Mecklenburg",35.2401000008895,-80.785683
"1696","09/25/2014","AQS",371190041,1,0.02,"ppm",19,"Garinger High School",17,100,44201,"Ozone",16740,"Charlotte-Concord-Gastonia, NC-SC",37,"North Carolina",119,"Mecklenburg",35.2401000008895,-80.785683
"1697","09/26/2014","AQS",371190041,1,0.022,"ppm",20,"Garinger High School",17,100,44201,"Ozone",16740,"Charlotte-Concord-Gastonia, NC-SC",37,"North Carolina",119,"Mecklenburg",35.2401000008895,-80.785683
"1698","09/27/2014","AQS",371190041,1,0.046,"ppm",43,"Garinger High School",17,100,44201,"Ozone",16740,"Charlotte-Concord-Gastonia, NC-SC",37,"North Carolina",119,"Mecklenburg",35.2401000008895,-80.785683
"1699","09/28/2014","AQS",371190041,1,0.045,"ppm",42,"Garinger High School",17,100,44201,"Ozone",16740,"Charlotte-Concord-Gastonia, NC-SC",37,"North Carolina",119,"Mecklenburg",35.2401000008895,-80.785683
"1700","09/29/2014","AQS",371190041,1,0.017,"ppm",16,"Garinger High School",17,100,44201,"Ozone",16740,"Charlotte-Concord-Gastonia, NC-SC",37,"North Carolina",119,"Mecklenburg",35.2401000008895,-80.785683
"1701","09/30/2014","AQS",371190041,1,0.042,"ppm",39,"Garinger High School",17,100,44201,"Ozone",16740,"Charlotte-Concord-Gastonia, NC-SC",37,"North Carolina",119,"Mecklenburg",35.2401000008895,-80.785683
"1702","10/01/2014","AQS",371190041,1,0.05,"ppm",46,"Garinger High School",17,100,44201,"Ozone",16740,"Charlotte-Concord-Gastonia, NC-SC",37,"North Carolina",119,"Mecklenburg",35.2401000008895,-80.785683
"1703","10/02/2014","AQS",371190041,1,0.044,"ppm",41,"Garinger High School",17,100,44201,"Ozone",16740,"Charlotte-Concord-Gastonia, NC-SC",37,"North Carolina",119,"Mecklenburg",35.2401000008895,-80.785683
"1704","10/03/2014","AQS",371190041,1,0.033,"ppm",31,"Garinger High School",17,100,44201,"Ozone",16740,"Charlotte-Concord-Gastonia, NC-SC",37,"North Carolina",119,"Mecklenburg",35.2401000008895,-80.785683
"1705","10/04/2014","AQS",371190041,1,0.033,"ppm",31,"Garinger High School",17,100,44201,"Ozone",16740,"Charlotte-Concord-Gastonia, NC-SC",37,"North Carolina",119,"Mecklenburg",35.2401000008895,-80.785683
"1706","10/05/2014","AQS",371190041,1,0.033,"ppm",31,"Garinger High School",17,100,44201,"Ozone",16740,"Charlotte-Concord-Gastonia, NC-SC",37,"North Carolina",119,"Mecklenburg",35.2401000008895,-80.785683
"1707","10/06/2014","AQS",371190041,1,0.043,"ppm",40,"Garinger High School",17,100,44201,"Ozone",16740,"Charlotte-Concord-Gastonia, NC-SC",37,"North Carolina",119,"Mecklenburg",35.2401000008895,-80.785683
"1708","10/07/2014","AQS",371190041,1,0.043,"ppm",40,"Garinger High School",17,100,44201,"Ozone",16740,"Charlotte-Concord-Gastonia, NC-SC",37,"North Carolina",119,"Mecklenburg",35.2401000008895,-80.785683
"1709","10/08/2014","AQS",371190041,1,0.043,"ppm",40,"Garinger High School",17,100,44201,"Ozone",16740,"Charlotte-Concord-Gastonia, NC-SC",37,"North Carolina",119,"Mecklenburg",35.2401000008895,-80.785683
"1710","10/09/2014","AQS",371190041,1,0.048,"ppm",44,"Garinger High School",17,100,44201,"Ozone",16740,"Charlotte-Concord-Gastonia, NC-SC",37,"North Carolina",119,"Mecklenburg",35.2401000008895,-80.785683
"1711","10/10/2014","AQS",371190041,1,0.042,"ppm",39,"Garinger High School",17,100,44201,"Ozone",16740,"Charlotte-Concord-Gastonia, NC-SC",37,"North Carolina",119,"Mecklenburg",35.2401000008895,-80.785683
"1712","10/11/2014","AQS",371190041,1,0.029,"ppm",27,"Garinger High School",17,100,44201,"Ozone",16740,"Charlotte-Concord-Gastonia, NC-SC",37,"North Carolina",119,"Mecklenburg",35.2401000008895,-80.785683
"1713","10/12/2014","AQS",371190041,1,0.019,"ppm",18,"Garinger High School",17,100,44201,"Ozone",16740,"Charlotte-Concord-Gastonia, NC-SC",37,"North Carolina",119,"Mecklenburg",35.2401000008895,-80.785683
"1714","10/13/2014","AQS",371190041,1,0.019,"ppm",18,"Garinger High School",17,100,44201,"Ozone",16740,"Charlotte-Concord-Gastonia, NC-SC",37,"North Carolina",119,"Mecklenburg",35.2401000008895,-80.785683
"1715","10/14/2014","AQS",371190041,1,0.029,"ppm",27,"Garinger High School",17,100,44201,"Ozone",16740,"Charlotte-Concord-Gastonia, NC-SC",37,"North Carolina",119,"Mecklenburg",35.2401000008895,-80.785683
"1716","10/15/2014","AQS",371190041,1,0.034,"ppm",31,"Garinger High School",17,100,44201,"Ozone",16740,"Charlotte-Concord-Gastonia, NC-SC",37,"North Carolina",119,"Mecklenburg",35.2401000008895,-80.785683
"1717","10/16/2014","AQS",371190041,1,0.023,"ppm",21,"Garinger High School",17,100,44201,"Ozone",16740,"Charlotte-Concord-Gastonia, NC-SC",37,"North Carolina",119,"Mecklenburg",35.2401000008895,-80.785683
"1718","10/17/2014","AQS",371190041,1,0.033,"ppm",31,"Garinger High School",17,100,44201,"Ozone",16740,"Charlotte-Concord-Gastonia, NC-SC",37,"North Carolina",119,"Mecklenburg",35.2401000008895,-80.785683
"1719","10/18/2014","AQS",371190041,1,0.042,"ppm",39,"Garinger High School",17,100,44201,"Ozone",16740,"Charlotte-Concord-Gastonia, NC-SC",37,"North Carolina",119,"Mecklenburg",35.2401000008895,-80.785683
"1720","10/19/2014","AQS",371190041,1,0.033,"ppm",31,"Garinger High School",17,100,44201,"Ozone",16740,"Charlotte-Concord-Gastonia, NC-SC",37,"North Carolina",119,"Mecklenburg",35.2401000008895,-80.785683
"1721","10/20/2014","AQS",371190041,1,0.037,"ppm",34,"Garinger High School",17,100,44201,"Ozone",16740,"Charlotte-Concord-Gastonia, NC-SC",37,"North Carolina",119,"Mecklenburg",35.2401000008895,-80.785683
"1722","10/21/2014","AQS",371190041,1,0.039,"ppm",36,"Garinger High School",17,100,44201,"Ozone",16740,"Charlotte-Concord-Gastonia, NC-SC",37,"North Carolina",119,"Mecklenburg",35.2401000008895,-80.785683
"1723","10/22/2014","AQS",371190041,1,0.028,"ppm",26,"Garinger High School",17,100,44201,"Ozone",16740,"Charlotte-Concord-Gastonia, NC-SC",37,"North Carolina",119,"Mecklenburg",35.2401000008895,-80.785683
"1724","10/23/2014","AQS",371190041,1,0.036,"ppm",33,"Garinger High School",17,100,44201,"Ozone",16740,"Charlotte-Concord-Gastonia, NC-SC",37,"North Carolina",119,"Mecklenburg",35.2401000008895,-80.785683
"1725","10/24/2014","AQS",371190041,1,0.032,"ppm",30,"Garinger High School",17,100,44201,"Ozone",16740,"Charlotte-Concord-Gastonia, NC-SC",37,"North Carolina",119,"Mecklenburg",35.2401000008895,-80.785683
"1726","10/25/2014","AQS",371190041,1,0.045,"ppm",42,"Garinger High School",17,100,44201,"Ozone",16740,"Charlotte-Concord-Gastonia, NC-SC",37,"North Carolina",119,"Mecklenburg",35.2401000008895,-80.785683
"1727","10/26/2014","AQS",371190041,1,0.043,"ppm",40,"Garinger High School",17,100,44201,"Ozone",16740,"Charlotte-Concord-Gastonia, NC-SC",37,"North Carolina",119,"Mecklenburg",35.2401000008895,-80.785683
"1728","10/27/2014","AQS",371190041,1,0.049,"ppm",45,"Garinger High School",17,100,44201,"Ozone",16740,"Charlotte-Concord-Gastonia, NC-SC",37,"North Carolina",119,"Mecklenburg",35.2401000008895,-80.785683
"1729","10/28/2014","AQS",371190041,1,0.045,"ppm",42,"Garinger High School",17,100,44201,"Ozone",16740,"Charlotte-Concord-Gastonia, NC-SC",37,"North Carolina",119,"Mecklenburg",35.2401000008895,-80.785683
"1730","10/29/2014","AQS",371190041,1,0.042,"ppm",39,"Garinger High School",17,100,44201,"Ozone",16740,"Charlotte-Concord-Gastonia, NC-SC",37,"North Carolina",119,"Mecklenburg",35.2401000008895,-80.785683
"1731","10/30/2014","AQS",371190041,1,0.041,"ppm",38,"Garinger High School",17,100,44201,"Ozone",16740,"Charlotte-Concord-Gastonia, NC-SC",37,"North Carolina",119,"Mecklenburg",35.2401000008895,-80.785683
"1732","10/31/2014","AQS",371190041,1,0.029,"ppm",27,"Garinger High School",17,100,44201,"Ozone",16740,"Charlotte-Concord-Gastonia, NC-SC",37,"North Carolina",119,"Mecklenburg",35.2401000008895,-80.785683
"1733","11/01/2014","AQS",371190041,1,0.018,"ppm",17,"Garinger High School",17,100,44201,"Ozone",16740,"Charlotte-Concord-Gastonia, NC-SC",37,"North Carolina",119,"Mecklenburg",35.2401000008895,-80.785683
"1734","11/02/2014","AQS",371190041,1,0.038,"ppm",35,"Garinger High School",17,100,44201,"Ozone",16740,"Charlotte-Concord-Gastonia, NC-SC",37,"North Carolina",119,"Mecklenburg",35.2401000008895,-80.785683
"1735","11/03/2014","AQS",371190041,1,0.037,"ppm",34,"Garinger High School",17,100,44201,"Ozone",16740,"Charlotte-Concord-Gastonia, NC-SC",37,"North Carolina",119,"Mecklenburg",35.2401000008895,-80.785683
"1736","11/04/2014","AQS",371190041,1,0.038,"ppm",35,"Garinger High School",17,100,44201,"Ozone",16740,"Charlotte-Concord-Gastonia, NC-SC",37,"North Carolina",119,"Mecklenburg",35.2401000008895,-80.785683
"1737","11/05/2014","AQS",371190041,1,0.037,"ppm",34,"Garinger High School",17,100,44201,"Ozone",16740,"Charlotte-Concord-Gastonia, NC-SC",37,"North Carolina",119,"Mecklenburg",35.2401000008895,-80.785683
"1738","11/06/2014","AQS",371190041,1,0.033,"ppm",31,"Garinger High School",17,100,44201,"Ozone",16740,"Charlotte-Concord-Gastonia, NC-SC",37,"North Carolina",119,"Mecklenburg",35.2401000008895,-80.785683
"1739","11/07/2014","AQS",371190041,1,0.026,"ppm",24,"Garinger High School",17,100,44201,"Ozone",16740,"Charlotte-Concord-Gastonia, NC-SC",37,"North Carolina",119,"Mecklenburg",35.2401000008895,-80.785683
"1740","11/08/2014","AQS",371190041,1,0.03,"ppm",28,"Garinger High School",17,100,44201,"Ozone",16740,"Charlotte-Concord-Gastonia, NC-SC",37,"North Carolina",119,"Mecklenburg",35.2401000008895,-80.785683
"1741","11/09/2014","AQS",371190041,1,0.035,"ppm",32,"Garinger High School",17,100,44201,"Ozone",16740,"Charlotte-Concord-Gastonia, NC-SC",37,"North Carolina",119,"Mecklenburg",35.2401000008895,-80.785683
"1742","11/10/2014","AQS",371190041,1,0.042,"ppm",39,"Garinger High School",17,100,44201,"Ozone",16740,"Charlotte-Concord-Gastonia, NC-SC",37,"North Carolina",119,"Mecklenburg",35.2401000008895,-80.785683
"1743","11/11/2014","AQS",371190041,1,0.041,"ppm",38,"Garinger High School",17,100,44201,"Ozone",16740,"Charlotte-Concord-Gastonia, NC-SC",37,"North Carolina",119,"Mecklenburg",35.2401000008895,-80.785683
"1744","11/12/2014","AQS",371190041,1,0.04,"ppm",37,"Garinger High School",17,100,44201,"Ozone",16740,"Charlotte-Concord-Gastonia, NC-SC",37,"North Carolina",119,"Mecklenburg",35.2401000008895,-80.785683
"1745","11/13/2014","AQS",371190041,1,0.017,"ppm",16,"Garinger High School",17,100,44201,"Ozone",16740,"Charlotte-Concord-Gastonia, NC-SC",37,"North Carolina",119,"Mecklenburg",35.2401000008895,-80.785683
"1746","11/14/2014","AQS",371190041,1,0.023,"ppm",21,"Garinger High School",17,100,44201,"Ozone",16740,"Charlotte-Concord-Gastonia, NC-SC",37,"North Carolina",119,"Mecklenburg",35.2401000008895,-80.785683
"1747","11/15/2014","AQS",371190041,1,0.031,"ppm",29,"Garinger High School",17,100,44201,"Ozone",16740,"Charlotte-Concord-Gastonia, NC-SC",37,"North Carolina",119,"Mecklenburg",35.2401000008895,-80.785683
"1748","11/16/2014","AQS",371190041,1,0.036,"ppm",33,"Garinger High School",17,100,44201,"Ozone",16740,"Charlotte-Concord-Gastonia, NC-SC",37,"North Carolina",119,"Mecklenburg",35.2401000008895,-80.785683
"1749","11/17/2014","AQS",371190041,1,0.024,"ppm",22,"Garinger High School",17,100,44201,"Ozone",16740,"Charlotte-Concord-Gastonia, NC-SC",37,"North Carolina",119,"Mecklenburg",35.2401000008895,-80.785683
"1750","11/18/2014","AQS",371190041,1,0.033,"ppm",31,"Garinger High School",17,100,44201,"Ozone",16740,"Charlotte-Concord-Gastonia, NC-SC",37,"North Carolina",119,"Mecklenburg",35.2401000008895,-80.785683
"1751","11/19/2014","AQS",371190041,1,0.034,"ppm",31,"Garinger High School",17,100,44201,"Ozone",16740,"Charlotte-Concord-Gastonia, NC-SC",37,"North Carolina",119,"Mecklenburg",35.2401000008895,-80.785683
"1752","11/20/2014","AQS",371190041,1,0.041,"ppm",38,"Garinger High School",17,100,44201,"Ozone",16740,"Charlotte-Concord-Gastonia, NC-SC",37,"North Carolina",119,"Mecklenburg",35.2401000008895,-80.785683
"1753","11/21/2014","AQS",371190041,1,0.039,"ppm",36,"Garinger High School",17,100,44201,"Ozone",16740,"Charlotte-Concord-Gastonia, NC-SC",37,"North Carolina",119,"Mecklenburg",35.2401000008895,-80.785683
"1754","11/22/2014","AQS",371190041,1,0.04,"ppm",37,"Garinger High School",17,100,44201,"Ozone",16740,"Charlotte-Concord-Gastonia, NC-SC",37,"North Carolina",119,"Mecklenburg",35.2401000008895,-80.785683
"1755","11/23/2014","AQS",371190041,1,0.031,"ppm",29,"Garinger High School",17,100,44201,"Ozone",16740,"Charlotte-Concord-Gastonia, NC-SC",37,"North Carolina",119,"Mecklenburg",35.2401000008895,-80.785683
"1756","11/24/2014","AQS",371190041,1,0.031,"ppm",29,"Garinger High School",17,100,44201,"Ozone",16740,"Charlotte-Concord-Gastonia, NC-SC",37,"North Carolina",119,"Mecklenburg",35.2401000008895,-80.785683
"1757","11/25/2014","AQS",371190041,1,0.024,"ppm",22,"Garinger High School",17,100,44201,"Ozone",16740,"Charlotte-Concord-Gastonia, NC-SC",37,"North Carolina",119,"Mecklenburg",35.2401000008895,-80.785683
"1758","11/26/2014","AQS",371190041,1,0.031,"ppm",29,"Garinger High School",17,100,44201,"Ozone",16740,"Charlotte-Concord-Gastonia, NC-SC",37,"North Carolina",119,"Mecklenburg",35.2401000008895,-80.785683
"1759","11/27/2014","AQS",371190041,1,0.028,"ppm",26,"Garinger High School",17,100,44201,"Ozone",16740,"Charlotte-Concord-Gastonia, NC-SC",37,"North Carolina",119,"Mecklenburg",35.2401000008895,-80.785683
"1760","11/28/2014","AQS",371190041,1,0.03,"ppm",28,"Garinger High School",17,100,44201,"Ozone",16740,"Charlotte-Concord-Gastonia, NC-SC",37,"North Carolina",119,"Mecklenburg",35.2401000008895,-80.785683
"1761","11/29/2014","AQS",371190041,1,0.034,"ppm",31,"Garinger High School",17,100,44201,"Ozone",16740,"Charlotte-Concord-Gastonia, NC-SC",37,"North Carolina",119,"Mecklenburg",35.2401000008895,-80.785683
"1762","11/30/2014","AQS",371190041,1,0.034,"ppm",31,"Garinger High School",17,100,44201,"Ozone",16740,"Charlotte-Concord-Gastonia, NC-SC",37,"North Carolina",119,"Mecklenburg",35.2401000008895,-80.785683
"1763","12/01/2014","AQS",371190041,1,0.036,"ppm",33,"Garinger High School",17,100,44201,"Ozone",16740,"Charlotte-Concord-Gastonia, NC-SC",37,"North Carolina",119,"Mecklenburg",35.2401000008895,-80.785683
"1764","12/02/2014","AQS",371190041,1,0.015,"ppm",14,"Garinger High School",17,100,44201,"Ozone",16740,"Charlotte-Concord-Gastonia, NC-SC",37,"North Carolina",119,"Mecklenburg",35.2401000008895,-80.785683
"1765","12/03/2014","AQS",371190041,1,0.014,"ppm",13,"Garinger High School",17,100,44201,"Ozone",16740,"Charlotte-Concord-Gastonia, NC-SC",37,"North Carolina",119,"Mecklenburg",35.2401000008895,-80.785683
"1766","12/04/2014","AQS",371190041,1,0.025,"ppm",23,"Garinger High School",17,100,44201,"Ozone",16740,"Charlotte-Concord-Gastonia, NC-SC",37,"North Carolina",119,"Mecklenburg",35.2401000008895,-80.785683
"1767","12/05/2014","AQS",371190041,1,0.01,"ppm",9,"Garinger High School",17,100,44201,"Ozone",16740,"Charlotte-Concord-Gastonia, NC-SC",37,"North Carolina",119,"Mecklenburg",35.2401000008895,-80.785683
"1768","12/06/2014","AQS",371190041,1,0.013,"ppm",12,"Garinger High School",17,100,44201,"Ozone",16740,"Charlotte-Concord-Gastonia, NC-SC",37,"North Carolina",119,"Mecklenburg",35.2401000008895,-80.785683
"1769","12/07/2014","AQS",371190041,1,0.037,"ppm",34,"Garinger High School",17,100,44201,"Ozone",16740,"Charlotte-Concord-Gastonia, NC-SC",37,"North Carolina",119,"Mecklenburg",35.2401000008895,-80.785683
"1770","12/08/2014","AQS",371190041,1,0.027,"ppm",25,"Garinger High School",17,100,44201,"Ozone",16740,"Charlotte-Concord-Gastonia, NC-SC",37,"North Carolina",119,"Mecklenburg",35.2401000008895,-80.785683
"1771","12/09/2014","AQS",371190041,1,0.025,"ppm",23,"Garinger High School",17,100,44201,"Ozone",16740,"Charlotte-Concord-Gastonia, NC-SC",37,"North Carolina",119,"Mecklenburg",35.2401000008895,-80.785683
"1772","12/10/2014","AQS",371190041,1,0.022,"ppm",20,"Garinger High School",17,100,44201,"Ozone",16740,"Charlotte-Concord-Gastonia, NC-SC",37,"North Carolina",119,"Mecklenburg",35.2401000008895,-80.785683
"1773","12/11/2014","AQS",371190041,1,0.026,"ppm",24,"Garinger High School",17,100,44201,"Ozone",16740,"Charlotte-Concord-Gastonia, NC-SC",37,"North Carolina",119,"Mecklenburg",35.2401000008895,-80.785683
"1774","12/12/2014","AQS",371190041,1,0.032,"ppm",30,"Garinger High School",17,100,44201,"Ozone",16740,"Charlotte-Concord-Gastonia, NC-SC",37,"North Carolina",119,"Mecklenburg",35.2401000008895,-80.785683
"1775","12/13/2014","AQS",371190041,1,0.033,"ppm",31,"Garinger High School",17,100,44201,"Ozone",16740,"Charlotte-Concord-Gastonia, NC-SC",37,"North Carolina",119,"Mecklenburg",35.2401000008895,-80.785683
"1776","12/14/2014","AQS",371190041,1,0.028,"ppm",26,"Garinger High School",17,100,44201,"Ozone",16740,"Charlotte-Concord-Gastonia, NC-SC",37,"North Carolina",119,"Mecklenburg",35.2401000008895,-80.785683
"1777","12/15/2014","AQS",371190041,1,0.031,"ppm",29,"Garinger High School",17,100,44201,"Ozone",16740,"Charlotte-Concord-Gastonia, NC-SC",37,"North Carolina",119,"Mecklenburg",35.2401000008895,-80.785683
"1778","12/16/2014","AQS",371190041,1,0.017,"ppm",16,"Garinger High School",17,100,44201,"Ozone",16740,"Charlotte-Concord-Gastonia, NC-SC",37,"North Carolina",119,"Mecklenburg",35.2401000008895,-80.785683
"1779","12/17/2014","AQS",371190041,1,0.026,"ppm",24,"Garinger High School",17,100,44201,"Ozone",16740,"Charlotte-Concord-Gastonia, NC-SC",37,"North Carolina",119,"Mecklenburg",35.2401000008895,-80.785683
"1780","12/18/2014","AQS",371190041,1,0.02,"ppm",19,"Garinger High School",17,100,44201,"Ozone",16740,"Charlotte-Concord-Gastonia, NC-SC",37,"North Carolina",119,"Mecklenburg",35.2401000008895,-80.785683
"1781","12/19/2014","AQS",371190041,1,0.026,"ppm",24,"Garinger High School",17,100,44201,"Ozone",16740,"Charlotte-Concord-Gastonia, NC-SC",37,"North Carolina",119,"Mecklenburg",35.2401000008895,-80.785683
"1782","12/20/2014","AQS",371190041,1,0.018,"ppm",17,"Garinger High School",17,100,44201,"Ozone",16740,"Charlotte-Concord-Gastonia, NC-SC",37,"North Carolina",119,"Mecklenburg",35.2401000008895,-80.785683
"1783","12/21/2014","AQS",371190041,1,0.028,"ppm",26,"Garinger High School",17,100,44201,"Ozone",16740,"Charlotte-Concord-Gastonia, NC-SC",37,"North Carolina",119,"Mecklenburg",35.2401000008895,-80.785683
"1784","12/23/2014","AQS",371190041,1,0.006,"ppm",6,"Garinger High School",17,100,44201,"Ozone",16740,"Charlotte-Concord-Gastonia, NC-SC",37,"North Carolina",119,"Mecklenburg",35.2401000008895,-80.785683
"1785","12/24/2014","AQS",371190041,1,0.019,"ppm",18,"Garinger High School",17,100,44201,"Ozone",16740,"Charlotte-Concord-Gastonia, NC-SC",37,"North Carolina",119,"Mecklenburg",35.2401000008895,-80.785683
"1786","12/25/2014","AQS",371190041,1,0.028,"ppm",26,"Garinger High School",17,100,44201,"Ozone",16740,"Charlotte-Concord-Gastonia, NC-SC",37,"North Carolina",119,"Mecklenburg",35.2401000008895,-80.785683
"1787","12/26/2014","AQS",371190041,1,0.027,"ppm",25,"Garinger High School",17,100,44201,"Ozone",16740,"Charlotte-Concord-Gastonia, NC-SC",37,"North Carolina",119,"Mecklenburg",35.2401000008895,-80.785683
"1788","12/27/2014","AQS",371190041,1,0.032,"ppm",30,"Garinger High School",17,100,44201,"Ozone",16740,"Charlotte-Concord-Gastonia, NC-SC",37,"North Carolina",119,"Mecklenburg",35.2401000008895,-80.785683
"1789","12/28/2014","AQS",371190041,1,0.026,"ppm",24,"Garinger High School",17,100,44201,"Ozone",16740,"Charlotte-Concord-Gastonia, NC-SC",37,"North Carolina",119,"Mecklenburg",35.2401000008895,-80.785683
"1790","12/29/2014","AQS",371190041,1,0.024,"ppm",22,"Garinger High School",17,100,44201,"Ozone",16740,"Charlotte-Concord-Gastonia, NC-SC",37,"North Carolina",119,"Mecklenburg",35.2401000008895,-80.785683
"1791","12/30/2014","AQS",371190041,1,0.016,"ppm",15,"Garinger High School",17,100,44201,"Ozone",16740,"Charlotte-Concord-Gastonia, NC-SC",37,"North Carolina",119,"Mecklenburg",35.2401000008895,-80.785683
"1792","01/01/2015","AQS",371190041,1,0.028,"ppm",26,"Garinger High School",17,100,44201,"Ozone",16740,"Charlotte-Concord-Gastonia, NC-SC",37,"North Carolina",119,"Mecklenburg",35.2401000008895,-80.785683
"1793","01/02/2015","AQS",371190041,1,0.011,"ppm",10,"Garinger High School",17,100,44201,"Ozone",16740,"Charlotte-Concord-Gastonia, NC-SC",37,"North Carolina",119,"Mecklenburg",35.2401000008895,-80.785683
"1794","01/03/2015","AQS",371190041,1,0.014,"ppm",13,"Garinger High School",17,100,44201,"Ozone",16740,"Charlotte-Concord-Gastonia, NC-SC",37,"North Carolina",119,"Mecklenburg",35.2401000008895,-80.785683
"1795","01/04/2015","AQS",371190041,1,0.027,"ppm",25,"Garinger High School",17,100,44201,"Ozone",16740,"Charlotte-Concord-Gastonia, NC-SC",37,"North Carolina",119,"Mecklenburg",35.2401000008895,-80.785683
"1796","01/05/2015","AQS",371190041,1,0.031,"ppm",29,"Garinger High School",17,100,44201,"Ozone",16740,"Charlotte-Concord-Gastonia, NC-SC",37,"North Carolina",119,"Mecklenburg",35.2401000008895,-80.785683
"1797","01/06/2015","AQS",371190041,1,0.028,"ppm",26,"Garinger High School",17,100,44201,"Ozone",16740,"Charlotte-Concord-Gastonia, NC-SC",37,"North Carolina",119,"Mecklenburg",35.2401000008895,-80.785683
"1798","01/07/2015","AQS",371190041,1,0.03,"ppm",28,"Garinger High School",17,100,44201,"Ozone",16740,"Charlotte-Concord-Gastonia, NC-SC",37,"North Carolina",119,"Mecklenburg",35.2401000008895,-80.785683
"1799","01/08/2015","AQS",371190041,1,0.028,"ppm",26,"Garinger High School",17,100,44201,"Ozone",16740,"Charlotte-Concord-Gastonia, NC-SC",37,"North Carolina",119,"Mecklenburg",35.2401000008895,-80.785683
"1800","01/09/2015","AQS",371190041,1,0.029,"ppm",27,"Garinger High School",17,100,44201,"Ozone",16740,"Charlotte-Concord-Gastonia, NC-SC",37,"North Carolina",119,"Mecklenburg",35.2401000008895,-80.785683
"1801","01/10/2015","AQS",371190041,1,0.034,"ppm",31,"Garinger High School",17,100,44201,"Ozone",16740,"Charlotte-Concord-Gastonia, NC-SC",37,"North Carolina",119,"Mecklenburg",35.2401000008895,-80.785683
"1802","01/11/2015","AQS",371190041,1,0.036,"ppm",33,"Garinger High School",17,100,44201,"Ozone",16740,"Charlotte-Concord-Gastonia, NC-SC",37,"North Carolina",119,"Mecklenburg",35.2401000008895,-80.785683
"1803","01/12/2015","AQS",371190041,1,0.012,"ppm",11,"Garinger High School",17,100,44201,"Ozone",16740,"Charlotte-Concord-Gastonia, NC-SC",37,"North Carolina",119,"Mecklenburg",35.2401000008895,-80.785683
"1804","01/13/2015","AQS",371190041,1,0.02,"ppm",19,"Garinger High School",17,100,44201,"Ozone",16740,"Charlotte-Concord-Gastonia, NC-SC",37,"North Carolina",119,"Mecklenburg",35.2401000008895,-80.785683
"1805","01/14/2015","AQS",371190041,1,0.022,"ppm",20,"Garinger High School",17,100,44201,"Ozone",16740,"Charlotte-Concord-Gastonia, NC-SC",37,"North Carolina",119,"Mecklenburg",35.2401000008895,-80.785683
"1806","01/15/2015","AQS",371190041,1,0.01,"ppm",9,"Garinger High School",17,100,44201,"Ozone",16740,"Charlotte-Concord-Gastonia, NC-SC",37,"North Carolina",119,"Mecklenburg",35.2401000008895,-80.785683
"1807","01/16/2015","AQS",371190041,1,0.031,"ppm",29,"Garinger High School",17,100,44201,"Ozone",16740,"Charlotte-Concord-Gastonia, NC-SC",37,"North Carolina",119,"Mecklenburg",35.2401000008895,-80.785683
"1808","01/17/2015","AQS",371190041,1,0.035,"ppm",32,"Garinger High School",17,100,44201,"Ozone",16740,"Charlotte-Concord-Gastonia, NC-SC",37,"North Carolina",119,"Mecklenburg",35.2401000008895,-80.785683
"1809","01/18/2015","AQS",371190041,1,0.038,"ppm",35,"Garinger High School",17,100,44201,"Ozone",16740,"Charlotte-Concord-Gastonia, NC-SC",37,"North Carolina",119,"Mecklenburg",35.2401000008895,-80.785683
"1810","01/19/2015","AQS",371190041,1,0.039,"ppm",36,"Garinger High School",17,100,44201,"Ozone",16740,"Charlotte-Concord-Gastonia, NC-SC",37,"North Carolina",119,"Mecklenburg",35.2401000008895,-80.785683
"1811","01/20/2015","AQS",371190041,1,0.041,"ppm",38,"Garinger High School",17,100,44201,"Ozone",16740,"Charlotte-Concord-Gastonia, NC-SC",37,"North Carolina",119,"Mecklenburg",35.2401000008895,-80.785683
"1812","01/21/2015","AQS",371190041,1,0.034,"ppm",31,"Garinger High School",17,100,44201,"Ozone",16740,"Charlotte-Concord-Gastonia, NC-SC",37,"North Carolina",119,"Mecklenburg",35.2401000008895,-80.785683
"1813","01/22/2015","AQS",371190041,1,0.035,"ppm",32,"Garinger High School",14,82,44201,"Ozone",16740,"Charlotte-Concord-Gastonia, NC-SC",37,"North Carolina",119,"Mecklenburg",35.2401000008895,-80.785683
"1814","01/23/2015","AQS",371190041,1,0.019,"ppm",18,"Garinger High School",17,100,44201,"Ozone",16740,"Charlotte-Concord-Gastonia, NC-SC",37,"North Carolina",119,"Mecklenburg",35.2401000008895,-80.785683
"1815","01/24/2015","AQS",371190041,1,0.028,"ppm",26,"Garinger High School",17,100,44201,"Ozone",16740,"Charlotte-Concord-Gastonia, NC-SC",37,"North Carolina",119,"Mecklenburg",35.2401000008895,-80.785683
"1816","01/25/2015","AQS",371190041,1,0.037,"ppm",34,"Garinger High School",17,100,44201,"Ozone",16740,"Charlotte-Concord-Gastonia, NC-SC",37,"North Carolina",119,"Mecklenburg",35.2401000008895,-80.785683
"1817","01/26/2015","AQS",371190041,1,0.022,"ppm",20,"Garinger High School",17,100,44201,"Ozone",16740,"Charlotte-Concord-Gastonia, NC-SC",37,"North Carolina",119,"Mecklenburg",35.2401000008895,-80.785683
"1818","01/27/2015","AQS",371190041,1,0.036,"ppm",33,"Garinger High School",17,100,44201,"Ozone",16740,"Charlotte-Concord-Gastonia, NC-SC",37,"North Carolina",119,"Mecklenburg",35.2401000008895,-80.785683
"1819","01/28/2015","AQS",371190041,1,0.033,"ppm",31,"Garinger High School",17,100,44201,"Ozone",16740,"Charlotte-Concord-Gastonia, NC-SC",37,"North Carolina",119,"Mecklenburg",35.2401000008895,-80.785683
"1820","01/29/2015","AQS",371190041,1,0.036,"ppm",33,"Garinger High School",17,100,44201,"Ozone",16740,"Charlotte-Concord-Gastonia, NC-SC",37,"North Carolina",119,"Mecklenburg",35.2401000008895,-80.785683
"1821","01/30/2015","AQS",371190041,1,0.03,"ppm",28,"Garinger High School",17,100,44201,"Ozone",16740,"Charlotte-Concord-Gastonia, NC-SC",37,"North Carolina",119,"Mecklenburg",35.2401000008895,-80.785683
"1822","01/31/2015","AQS",371190041,1,0.034,"ppm",31,"Garinger High School",17,100,44201,"Ozone",16740,"Charlotte-Concord-Gastonia, NC-SC",37,"North Carolina",119,"Mecklenburg",35.2401000008895,-80.785683
"1823","02/01/2015","AQS",371190041,1,0.038,"ppm",35,"Garinger High School",17,100,44201,"Ozone",16740,"Charlotte-Concord-Gastonia, NC-SC",37,"North Carolina",119,"Mecklenburg",35.2401000008895,-80.785683
"1824","02/02/2015","AQS",371190041,1,0.03,"ppm",28,"Garinger High School",17,100,44201,"Ozone",16740,"Charlotte-Concord-Gastonia, NC-SC",37,"North Carolina",119,"Mecklenburg",35.2401000008895,-80.785683
"1825","02/03/2015","AQS",371190041,1,0.028,"ppm",26,"Garinger High School",17,100,44201,"Ozone",16740,"Charlotte-Concord-Gastonia, NC-SC",37,"North Carolina",119,"Mecklenburg",35.2401000008895,-80.785683
"1826","02/04/2015","AQS",371190041,1,0.033,"ppm",31,"Garinger High School",17,100,44201,"Ozone",16740,"Charlotte-Concord-Gastonia, NC-SC",37,"North Carolina",119,"Mecklenburg",35.2401000008895,-80.785683
"1827","02/05/2015","AQS",371190041,1,0.039,"ppm",36,"Garinger High School",17,100,44201,"Ozone",16740,"Charlotte-Concord-Gastonia, NC-SC",37,"North Carolina",119,"Mecklenburg",35.2401000008895,-80.785683
"1828","02/06/2015","AQS",371190041,1,0.031,"ppm",29,"Garinger High School",17,100,44201,"Ozone",16740,"Charlotte-Concord-Gastonia, NC-SC",37,"North Carolina",119,"Mecklenburg",35.2401000008895,-80.785683
"1829","02/07/2015","AQS",371190041,1,0.046,"ppm",43,"Garinger High School",17,100,44201,"Ozone",16740,"Charlotte-Concord-Gastonia, NC-SC",37,"North Carolina",119,"Mecklenburg",35.2401000008895,-80.785683
"1830","02/08/2015","AQS",371190041,1,0.047,"ppm",44,"Garinger High School",17,100,44201,"Ozone",16740,"Charlotte-Concord-Gastonia, NC-SC",37,"North Carolina",119,"Mecklenburg",35.2401000008895,-80.785683
"1831","02/09/2015","AQS",371190041,1,0.022,"ppm",20,"Garinger High School",17,100,44201,"Ozone",16740,"Charlotte-Concord-Gastonia, NC-SC",37,"North Carolina",119,"Mecklenburg",35.2401000008895,-80.785683
"1832","02/10/2015","AQS",371190041,1,0.023,"ppm",21,"Garinger High School",17,100,44201,"Ozone",16740,"Charlotte-Concord-Gastonia, NC-SC",37,"North Carolina",119,"Mecklenburg",35.2401000008895,-80.785683
"1833","02/11/2015","AQS",371190041,1,0.031,"ppm",29,"Garinger High School",17,100,44201,"Ozone",16740,"Charlotte-Concord-Gastonia, NC-SC",37,"North Carolina",119,"Mecklenburg",35.2401000008895,-80.785683
"1834","02/12/2015","AQS",371190041,1,0.036,"ppm",33,"Garinger High School",17,100,44201,"Ozone",16740,"Charlotte-Concord-Gastonia, NC-SC",37,"North Carolina",119,"Mecklenburg",35.2401000008895,-80.785683
"1835","02/13/2015","AQS",371190041,1,0.034,"ppm",31,"Garinger High School",17,100,44201,"Ozone",16740,"Charlotte-Concord-Gastonia, NC-SC",37,"North Carolina",119,"Mecklenburg",35.2401000008895,-80.785683
"1836","02/14/2015","AQS",371190041,1,0.042,"ppm",39,"Garinger High School",17,100,44201,"Ozone",16740,"Charlotte-Concord-Gastonia, NC-SC",37,"North Carolina",119,"Mecklenburg",35.2401000008895,-80.785683
"1837","02/15/2015","AQS",371190041,1,0.039,"ppm",36,"Garinger High School",17,100,44201,"Ozone",16740,"Charlotte-Concord-Gastonia, NC-SC",37,"North Carolina",119,"Mecklenburg",35.2401000008895,-80.785683
"1838","02/16/2015","AQS",371190041,1,0.035,"ppm",32,"Garinger High School",17,100,44201,"Ozone",16740,"Charlotte-Concord-Gastonia, NC-SC",37,"North Carolina",119,"Mecklenburg",35.2401000008895,-80.785683
"1839","02/17/2015","AQS",371190041,1,0.03,"ppm",28,"Garinger High School",17,100,44201,"Ozone",16740,"Charlotte-Concord-Gastonia, NC-SC",37,"North Carolina",119,"Mecklenburg",35.2401000008895,-80.785683
"1840","02/18/2015","AQS",371190041,1,0.039,"ppm",36,"Garinger High School",17,100,44201,"Ozone",16740,"Charlotte-Concord-Gastonia, NC-SC",37,"North Carolina",119,"Mecklenburg",35.2401000008895,-80.785683
"1841","02/19/2015","AQS",371190041,1,0.038,"ppm",35,"Garinger High School",17,100,44201,"Ozone",16740,"Charlotte-Concord-Gastonia, NC-SC",37,"North Carolina",119,"Mecklenburg",35.2401000008895,-80.785683
"1842","02/20/2015","AQS",371190041,1,0.034,"ppm",31,"Garinger High School",17,100,44201,"Ozone",16740,"Charlotte-Concord-Gastonia, NC-SC",37,"North Carolina",119,"Mecklenburg",35.2401000008895,-80.785683
"1843","02/21/2015","AQS",371190041,1,0.034,"ppm",31,"Garinger High School",17,100,44201,"Ozone",16740,"Charlotte-Concord-Gastonia, NC-SC",37,"North Carolina",119,"Mecklenburg",35.2401000008895,-80.785683
"1844","02/22/2015","AQS",371190041,1,0.028,"ppm",26,"Garinger High School",17,100,44201,"Ozone",16740,"Charlotte-Concord-Gastonia, NC-SC",37,"North Carolina",119,"Mecklenburg",35.2401000008895,-80.785683
"1845","02/23/2015","AQS",371190041,1,0.036,"ppm",33,"Garinger High School",17,100,44201,"Ozone",16740,"Charlotte-Concord-Gastonia, NC-SC",37,"North Carolina",119,"Mecklenburg",35.2401000008895,-80.785683
"1846","02/24/2015","AQS",371190041,1,0.034,"ppm",31,"Garinger High School",17,100,44201,"Ozone",16740,"Charlotte-Concord-Gastonia, NC-SC",37,"North Carolina",119,"Mecklenburg",35.2401000008895,-80.785683
"1847","02/25/2015","AQS",371190041,1,0.03,"ppm",28,"Garinger High School",17,100,44201,"Ozone",16740,"Charlotte-Concord-Gastonia, NC-SC",37,"North Carolina",119,"Mecklenburg",35.2401000008895,-80.785683
"1848","02/26/2015","AQS",371190041,1,0.04,"ppm",37,"Garinger High School",17,100,44201,"Ozone",16740,"Charlotte-Concord-Gastonia, NC-SC",37,"North Carolina",119,"Mecklenburg",35.2401000008895,-80.785683
"1849","02/27/2015","AQS",371190041,1,0.043,"ppm",40,"Garinger High School",17,100,44201,"Ozone",16740,"Charlotte-Concord-Gastonia, NC-SC",37,"North Carolina",119,"Mecklenburg",35.2401000008895,-80.785683
"1850","02/28/2015","AQS",371190041,1,0.04,"ppm",37,"Garinger High School",17,100,44201,"Ozone",16740,"Charlotte-Concord-Gastonia, NC-SC",37,"North Carolina",119,"Mecklenburg",35.2401000008895,-80.785683
"1851","03/01/2015","AQS",371190041,1,0.03,"ppm",28,"Garinger High School",17,100,44201,"Ozone",16740,"Charlotte-Concord-Gastonia, NC-SC",37,"North Carolina",119,"Mecklenburg",35.2401000008895,-80.785683
"1852","03/02/2015","AQS",371190041,1,0.04,"ppm",37,"Garinger High School",17,100,44201,"Ozone",16740,"Charlotte-Concord-Gastonia, NC-SC",37,"North Carolina",119,"Mecklenburg",35.2401000008895,-80.785683
"1853","03/03/2015","AQS",371190041,1,0.035,"ppm",32,"Garinger High School",17,100,44201,"Ozone",16740,"Charlotte-Concord-Gastonia, NC-SC",37,"North Carolina",119,"Mecklenburg",35.2401000008895,-80.785683
"1854","03/04/2015","AQS",371190041,1,0.025,"ppm",23,"Garinger High School",17,100,44201,"Ozone",16740,"Charlotte-Concord-Gastonia, NC-SC",37,"North Carolina",119,"Mecklenburg",35.2401000008895,-80.785683
"1855","03/05/2015","AQS",371190041,1,0.034,"ppm",31,"Garinger High School",17,100,44201,"Ozone",16740,"Charlotte-Concord-Gastonia, NC-SC",37,"North Carolina",119,"Mecklenburg",35.2401000008895,-80.785683
"1856","03/06/2015","AQS",371190041,1,0.038,"ppm",35,"Garinger High School",17,100,44201,"Ozone",16740,"Charlotte-Concord-Gastonia, NC-SC",37,"North Carolina",119,"Mecklenburg",35.2401000008895,-80.785683
"1857","03/07/2015","AQS",371190041,1,0.046,"ppm",43,"Garinger High School",17,100,44201,"Ozone",16740,"Charlotte-Concord-Gastonia, NC-SC",37,"North Carolina",119,"Mecklenburg",35.2401000008895,-80.785683
"1858","03/08/2015","AQS",371190041,1,0.053,"ppm",49,"Garinger High School",17,100,44201,"Ozone",16740,"Charlotte-Concord-Gastonia, NC-SC",37,"North Carolina",119,"Mecklenburg",35.2401000008895,-80.785683
"1859","03/09/2015","AQS",371190041,1,0.047,"ppm",44,"Garinger High School",17,100,44201,"Ozone",16740,"Charlotte-Concord-Gastonia, NC-SC",37,"North Carolina",119,"Mecklenburg",35.2401000008895,-80.785683
"1860","03/10/2015","AQS",371190041,1,0.044,"ppm",41,"Garinger High School",17,100,44201,"Ozone",16740,"Charlotte-Concord-Gastonia, NC-SC",37,"North Carolina",119,"Mecklenburg",35.2401000008895,-80.785683
"1861","03/11/2015","AQS",371190041,1,0.032,"ppm",30,"Garinger High School",17,100,44201,"Ozone",16740,"Charlotte-Concord-Gastonia, NC-SC",37,"North Carolina",119,"Mecklenburg",35.2401000008895,-80.785683
"1862","03/12/2015","AQS",371190041,1,0.051,"ppm",47,"Garinger High School",17,100,44201,"Ozone",16740,"Charlotte-Concord-Gastonia, NC-SC",37,"North Carolina",119,"Mecklenburg",35.2401000008895,-80.785683
"1863","03/13/2015","AQS",371190041,1,0.041,"ppm",38,"Garinger High School",16,94,44201,"Ozone",16740,"Charlotte-Concord-Gastonia, NC-SC",37,"North Carolina",119,"Mecklenburg",35.2401000008895,-80.785683
"1864","03/14/2015","AQS",371190041,1,0.025,"ppm",23,"Garinger High School",17,100,44201,"Ozone",16740,"Charlotte-Concord-Gastonia, NC-SC",37,"North Carolina",119,"Mecklenburg",35.2401000008895,-80.785683
"1865","03/15/2015","AQS",371190041,1,0.045,"ppm",42,"Garinger High School",17,100,44201,"Ozone",16740,"Charlotte-Concord-Gastonia, NC-SC",37,"North Carolina",119,"Mecklenburg",35.2401000008895,-80.785683
"1866","03/16/2015","AQS",371190041,1,0.047,"ppm",44,"Garinger High School",17,100,44201,"Ozone",16740,"Charlotte-Concord-Gastonia, NC-SC",37,"North Carolina",119,"Mecklenburg",35.2401000008895,-80.785683
"1867","03/17/2015","AQS",371190041,1,0.05,"ppm",46,"Garinger High School",17,100,44201,"Ozone",16740,"Charlotte-Concord-Gastonia, NC-SC",37,"North Carolina",119,"Mecklenburg",35.2401000008895,-80.785683
"1868","03/18/2015","AQS",371190041,1,0.044,"ppm",41,"Garinger High School",17,100,44201,"Ozone",16740,"Charlotte-Concord-Gastonia, NC-SC",37,"North Carolina",119,"Mecklenburg",35.2401000008895,-80.785683
"1869","03/19/2015","AQS",371190041,1,0.033,"ppm",31,"Garinger High School",17,100,44201,"Ozone",16740,"Charlotte-Concord-Gastonia, NC-SC",37,"North Carolina",119,"Mecklenburg",35.2401000008895,-80.785683
"1870","03/20/2015","AQS",371190041,1,0.028,"ppm",26,"Garinger High School",17,100,44201,"Ozone",16740,"Charlotte-Concord-Gastonia, NC-SC",37,"North Carolina",119,"Mecklenburg",35.2401000008895,-80.785683
"1871","03/21/2015","AQS",371190041,1,0.047,"ppm",44,"Garinger High School",17,100,44201,"Ozone",16740,"Charlotte-Concord-Gastonia, NC-SC",37,"North Carolina",119,"Mecklenburg",35.2401000008895,-80.785683
"1872","03/22/2015","AQS",371190041,1,0.043,"ppm",40,"Garinger High School",17,100,44201,"Ozone",16740,"Charlotte-Concord-Gastonia, NC-SC",37,"North Carolina",119,"Mecklenburg",35.2401000008895,-80.785683
"1873","03/23/2015","AQS",371190041,1,0.047,"ppm",44,"Garinger High School",17,100,44201,"Ozone",16740,"Charlotte-Concord-Gastonia, NC-SC",37,"North Carolina",119,"Mecklenburg",35.2401000008895,-80.785683
"1874","03/24/2015","AQS",371190041,1,0.051,"ppm",47,"Garinger High School",14,82,44201,"Ozone",16740,"Charlotte-Concord-Gastonia, NC-SC",37,"North Carolina",119,"Mecklenburg",35.2401000008895,-80.785683
"1875","03/25/2015","AQS",371190041,1,0.039,"ppm",36,"Garinger High School",17,100,44201,"Ozone",16740,"Charlotte-Concord-Gastonia, NC-SC",37,"North Carolina",119,"Mecklenburg",35.2401000008895,-80.785683
"1876","03/26/2015","AQS",371190041,1,0.038,"ppm",35,"Garinger High School",17,100,44201,"Ozone",16740,"Charlotte-Concord-Gastonia, NC-SC",37,"North Carolina",119,"Mecklenburg",35.2401000008895,-80.785683
"1877","03/27/2015","AQS",371190041,1,0.031,"ppm",29,"Garinger High School",17,100,44201,"Ozone",16740,"Charlotte-Concord-Gastonia, NC-SC",37,"North Carolina",119,"Mecklenburg",35.2401000008895,-80.785683
"1878","03/28/2015","AQS",371190041,1,0.047,"ppm",44,"Garinger High School",17,100,44201,"Ozone",16740,"Charlotte-Concord-Gastonia, NC-SC",37,"North Carolina",119,"Mecklenburg",35.2401000008895,-80.785683
"1879","03/29/2015","AQS",371190041,1,0.05,"ppm",46,"Garinger High School",17,100,44201,"Ozone",16740,"Charlotte-Concord-Gastonia, NC-SC",37,"North Carolina",119,"Mecklenburg",35.2401000008895,-80.785683
"1880","03/30/2015","AQS",371190041,1,0.045,"ppm",42,"Garinger High School",17,100,44201,"Ozone",16740,"Charlotte-Concord-Gastonia, NC-SC",37,"North Carolina",119,"Mecklenburg",35.2401000008895,-80.785683
"1881","03/31/2015","AQS",371190041,1,0.053,"ppm",49,"Garinger High School",17,100,44201,"Ozone",16740,"Charlotte-Concord-Gastonia, NC-SC",37,"North Carolina",119,"Mecklenburg",35.2401000008895,-80.785683
"1882","04/01/2015","AQS",371190041,1,0.053,"ppm",49,"Garinger High School",17,100,44201,"Ozone",16740,"Charlotte-Concord-Gastonia, NC-SC",37,"North Carolina",119,"Mecklenburg",35.2401000008895,-80.785683
"1883","04/02/2015","AQS",371190041,1,0.051,"ppm",47,"Garinger High School",17,100,44201,"Ozone",16740,"Charlotte-Concord-Gastonia, NC-SC",37,"North Carolina",119,"Mecklenburg",35.2401000008895,-80.785683
"1884","04/03/2015","AQS",371190041,1,0.044,"ppm",41,"Garinger High School",17,100,44201,"Ozone",16740,"Charlotte-Concord-Gastonia, NC-SC",37,"North Carolina",119,"Mecklenburg",35.2401000008895,-80.785683
"1885","04/04/2015","AQS",371190041,1,0.045,"ppm",42,"Garinger High School",17,100,44201,"Ozone",16740,"Charlotte-Concord-Gastonia, NC-SC",37,"North Carolina",119,"Mecklenburg",35.2401000008895,-80.785683
"1886","04/05/2015","AQS",371190041,1,0.048,"ppm",44,"Garinger High School",17,100,44201,"Ozone",16740,"Charlotte-Concord-Gastonia, NC-SC",37,"North Carolina",119,"Mecklenburg",35.2401000008895,-80.785683
"1887","04/06/2015","AQS",371190041,1,0.052,"ppm",48,"Garinger High School",17,100,44201,"Ozone",16740,"Charlotte-Concord-Gastonia, NC-SC",37,"North Carolina",119,"Mecklenburg",35.2401000008895,-80.785683
"1888","04/07/2015","AQS",371190041,1,0.031,"ppm",29,"Garinger High School",17,100,44201,"Ozone",16740,"Charlotte-Concord-Gastonia, NC-SC",37,"North Carolina",119,"Mecklenburg",35.2401000008895,-80.785683
"1889","04/08/2015","AQS",371190041,1,0.04,"ppm",37,"Garinger High School",17,100,44201,"Ozone",16740,"Charlotte-Concord-Gastonia, NC-SC",37,"North Carolina",119,"Mecklenburg",35.2401000008895,-80.785683
"1890","04/09/2015","AQS",371190041,1,0.041,"ppm",38,"Garinger High School",17,100,44201,"Ozone",16740,"Charlotte-Concord-Gastonia, NC-SC",37,"North Carolina",119,"Mecklenburg",35.2401000008895,-80.785683
"1891","04/10/2015","AQS",371190041,1,0.038,"ppm",35,"Garinger High School",17,100,44201,"Ozone",16740,"Charlotte-Concord-Gastonia, NC-SC",37,"North Carolina",119,"Mecklenburg",35.2401000008895,-80.785683
"1892","04/11/2015","AQS",371190041,1,0.053,"ppm",49,"Garinger High School",17,100,44201,"Ozone",16740,"Charlotte-Concord-Gastonia, NC-SC",37,"North Carolina",119,"Mecklenburg",35.2401000008895,-80.785683
"1893","04/12/2015","AQS",371190041,1,0.05,"ppm",46,"Garinger High School",17,100,44201,"Ozone",16740,"Charlotte-Concord-Gastonia, NC-SC",37,"North Carolina",119,"Mecklenburg",35.2401000008895,-80.785683
"1894","04/13/2015","AQS",371190041,1,0.039,"ppm",36,"Garinger High School",17,100,44201,"Ozone",16740,"Charlotte-Concord-Gastonia, NC-SC",37,"North Carolina",119,"Mecklenburg",35.2401000008895,-80.785683
"1895","04/14/2015","AQS",371190041,1,0.031,"ppm",29,"Garinger High School",17,100,44201,"Ozone",16740,"Charlotte-Concord-Gastonia, NC-SC",37,"North Carolina",119,"Mecklenburg",35.2401000008895,-80.785683
"1896","04/15/2015","AQS",371190041,1,0.038,"ppm",35,"Garinger High School",17,100,44201,"Ozone",16740,"Charlotte-Concord-Gastonia, NC-SC",37,"North Carolina",119,"Mecklenburg",35.2401000008895,-80.785683
"1897","04/16/2015","AQS",371190041,1,0.038,"ppm",35,"Garinger High School",17,100,44201,"Ozone",16740,"Charlotte-Concord-Gastonia, NC-SC",37,"North Carolina",119,"Mecklenburg",35.2401000008895,-80.785683
"1898","04/17/2015","AQS",371190041,1,0.033,"ppm",31,"Garinger High School",17,100,44201,"Ozone",16740,"Charlotte-Concord-Gastonia, NC-SC",37,"North Carolina",119,"Mecklenburg",35.2401000008895,-80.785683
"1899","04/18/2015","AQS",371190041,1,0.041,"ppm",38,"Garinger High School",17,100,44201,"Ozone",16740,"Charlotte-Concord-Gastonia, NC-SC",37,"North Carolina",119,"Mecklenburg",35.2401000008895,-80.785683
"1900","04/19/2015","AQS",371190041,1,0.029,"ppm",27,"Garinger High School",17,100,44201,"Ozone",16740,"Charlotte-Concord-Gastonia, NC-SC",37,"North Carolina",119,"Mecklenburg",35.2401000008895,-80.785683
"1901","04/20/2015","AQS",371190041,1,0.04,"ppm",37,"Garinger High School",17,100,44201,"Ozone",16740,"Charlotte-Concord-Gastonia, NC-SC",37,"North Carolina",119,"Mecklenburg",35.2401000008895,-80.785683
"1902","04/21/2015","AQS",371190041,1,0.049,"ppm",45,"Garinger High School",17,100,44201,"Ozone",16740,"Charlotte-Concord-Gastonia, NC-SC",37,"North Carolina",119,"Mecklenburg",35.2401000008895,-80.785683
"1903","04/22/2015","AQS",371190041,1,0.053,"ppm",49,"Garinger High School",17,100,44201,"Ozone",16740,"Charlotte-Concord-Gastonia, NC-SC",37,"North Carolina",119,"Mecklenburg",35.2401000008895,-80.785683
"1904","04/23/2015","AQS",371190041,1,0.054,"ppm",50,"Garinger High School",17,100,44201,"Ozone",16740,"Charlotte-Concord-Gastonia, NC-SC",37,"North Carolina",119,"Mecklenburg",35.2401000008895,-80.785683
"1905","04/24/2015","AQS",371190041,1,0.06,"ppm",67,"Garinger High School",17,100,44201,"Ozone",16740,"Charlotte-Concord-Gastonia, NC-SC",37,"North Carolina",119,"Mecklenburg",35.2401000008895,-80.785683
"1906","04/25/2015","AQS",371190041,1,0.037,"ppm",34,"Garinger High School",17,100,44201,"Ozone",16740,"Charlotte-Concord-Gastonia, NC-SC",37,"North Carolina",119,"Mecklenburg",35.2401000008895,-80.785683
"1907","04/26/2015","AQS",371190041,1,0.03,"ppm",28,"Garinger High School",17,100,44201,"Ozone",16740,"Charlotte-Concord-Gastonia, NC-SC",37,"North Carolina",119,"Mecklenburg",35.2401000008895,-80.785683
"1908","04/27/2015","AQS",371190041,1,0.054,"ppm",50,"Garinger High School",17,100,44201,"Ozone",16740,"Charlotte-Concord-Gastonia, NC-SC",37,"North Carolina",119,"Mecklenburg",35.2401000008895,-80.785683
"1909","04/28/2015","AQS",371190041,1,0.054,"ppm",50,"Garinger High School",17,100,44201,"Ozone",16740,"Charlotte-Concord-Gastonia, NC-SC",37,"North Carolina",119,"Mecklenburg",35.2401000008895,-80.785683
"1910","04/29/2015","AQS",371190041,1,0.038,"ppm",35,"Garinger High School",17,100,44201,"Ozone",16740,"Charlotte-Concord-Gastonia, NC-SC",37,"North Carolina",119,"Mecklenburg",35.2401000008895,-80.785683
"1911","04/30/2015","AQS",371190041,1,0.056,"ppm",54,"Garinger High School",17,100,44201,"Ozone",16740,"Charlotte-Concord-Gastonia, NC-SC",37,"North Carolina",119,"Mecklenburg",35.2401000008895,-80.785683
"1912","05/01/2015","AQS",371190041,1,0.045,"ppm",42,"Garinger High School",17,100,44201,"Ozone",16740,"Charlotte-Concord-Gastonia, NC-SC",37,"North Carolina",119,"Mecklenburg",35.2401000008895,-80.785683
"1913","05/02/2015","AQS",371190041,1,0.056,"ppm",54,"Garinger High School",17,100,44201,"Ozone",16740,"Charlotte-Concord-Gastonia, NC-SC",37,"North Carolina",119,"Mecklenburg",35.2401000008895,-80.785683
"1914","05/03/2015","AQS",371190041,1,0.058,"ppm",61,"Garinger High School",17,100,44201,"Ozone",16740,"Charlotte-Concord-Gastonia, NC-SC",37,"North Carolina",119,"Mecklenburg",35.2401000008895,-80.785683
"1915","05/04/2015","AQS",371190041,1,0.06,"ppm",67,"Garinger High School",17,100,44201,"Ozone",16740,"Charlotte-Concord-Gastonia, NC-SC",37,"North Carolina",119,"Mecklenburg",35.2401000008895,-80.785683
"1916","05/05/2015","AQS",371190041,1,0.061,"ppm",71,"Garinger High School",17,100,44201,"Ozone",16740,"Charlotte-Concord-Gastonia, NC-SC",37,"North Carolina",119,"Mecklenburg",35.2401000008895,-80.785683
"1917","05/06/2015","AQS",371190041,1,0.06,"ppm",67,"Garinger High School",17,100,44201,"Ozone",16740,"Charlotte-Concord-Gastonia, NC-SC",37,"North Carolina",119,"Mecklenburg",35.2401000008895,-80.785683
"1918","05/07/2015","AQS",371190041,1,0.053,"ppm",49,"Garinger High School",17,100,44201,"Ozone",16740,"Charlotte-Concord-Gastonia, NC-SC",37,"North Carolina",119,"Mecklenburg",35.2401000008895,-80.785683
"1919","05/08/2015","AQS",371190041,1,0.063,"ppm",77,"Garinger High School",17,100,44201,"Ozone",16740,"Charlotte-Concord-Gastonia, NC-SC",37,"North Carolina",119,"Mecklenburg",35.2401000008895,-80.785683
"1920","05/09/2015","AQS",371190041,1,0.045,"ppm",42,"Garinger High School",17,100,44201,"Ozone",16740,"Charlotte-Concord-Gastonia, NC-SC",37,"North Carolina",119,"Mecklenburg",35.2401000008895,-80.785683
"1921","05/10/2015","AQS",371190041,1,0.035,"ppm",32,"Garinger High School",17,100,44201,"Ozone",16740,"Charlotte-Concord-Gastonia, NC-SC",37,"North Carolina",119,"Mecklenburg",35.2401000008895,-80.785683
"1922","05/11/2015","AQS",371190041,1,0.052,"ppm",48,"Garinger High School",17,100,44201,"Ozone",16740,"Charlotte-Concord-Gastonia, NC-SC",37,"North Carolina",119,"Mecklenburg",35.2401000008895,-80.785683
"1923","05/12/2015","AQS",371190041,1,0.047,"ppm",44,"Garinger High School",17,100,44201,"Ozone",16740,"Charlotte-Concord-Gastonia, NC-SC",37,"North Carolina",119,"Mecklenburg",35.2401000008895,-80.785683
"1924","05/13/2015","AQS",371190041,1,0.072,"ppm",105,"Garinger High School",17,100,44201,"Ozone",16740,"Charlotte-Concord-Gastonia, NC-SC",37,"North Carolina",119,"Mecklenburg",35.2401000008895,-80.785683
"1925","05/14/2015","AQS",371190041,1,0.05,"ppm",46,"Garinger High School",17,100,44201,"Ozone",16740,"Charlotte-Concord-Gastonia, NC-SC",37,"North Carolina",119,"Mecklenburg",35.2401000008895,-80.785683
"1926","05/15/2015","AQS",371190041,1,0.053,"ppm",49,"Garinger High School",17,100,44201,"Ozone",16740,"Charlotte-Concord-Gastonia, NC-SC",37,"North Carolina",119,"Mecklenburg",35.2401000008895,-80.785683
"1927","05/16/2015","AQS",371190041,1,0.051,"ppm",47,"Garinger High School",17,100,44201,"Ozone",16740,"Charlotte-Concord-Gastonia, NC-SC",37,"North Carolina",119,"Mecklenburg",35.2401000008895,-80.785683
"1928","05/17/2015","AQS",371190041,1,0.053,"ppm",49,"Garinger High School",17,100,44201,"Ozone",16740,"Charlotte-Concord-Gastonia, NC-SC",37,"North Carolina",119,"Mecklenburg",35.2401000008895,-80.785683
"1929","05/18/2015","AQS",371190041,1,0.049,"ppm",45,"Garinger High School",17,100,44201,"Ozone",16740,"Charlotte-Concord-Gastonia, NC-SC",37,"North Carolina",119,"Mecklenburg",35.2401000008895,-80.785683
"1930","05/19/2015","AQS",371190041,1,0.043,"ppm",40,"Garinger High School",17,100,44201,"Ozone",16740,"Charlotte-Concord-Gastonia, NC-SC",37,"North Carolina",119,"Mecklenburg",35.2401000008895,-80.785683
"1931","05/20/2015","AQS",371190041,1,0.068,"ppm",93,"Garinger High School",17,100,44201,"Ozone",16740,"Charlotte-Concord-Gastonia, NC-SC",37,"North Carolina",119,"Mecklenburg",35.2401000008895,-80.785683
"1932","05/21/2015","AQS",371190041,1,0.054,"ppm",50,"Garinger High School",17,100,44201,"Ozone",16740,"Charlotte-Concord-Gastonia, NC-SC",37,"North Carolina",119,"Mecklenburg",35.2401000008895,-80.785683
"1933","05/22/2015","AQS",371190041,1,0.058,"ppm",61,"Garinger High School",17,100,44201,"Ozone",16740,"Charlotte-Concord-Gastonia, NC-SC",37,"North Carolina",119,"Mecklenburg",35.2401000008895,-80.785683
"1934","05/23/2015","AQS",371190041,1,0.06,"ppm",67,"Garinger High School",17,100,44201,"Ozone",16740,"Charlotte-Concord-Gastonia, NC-SC",37,"North Carolina",119,"Mecklenburg",35.2401000008895,-80.785683
"1935","05/24/2015","AQS",371190041,1,0.058,"ppm",61,"Garinger High School",17,100,44201,"Ozone",16740,"Charlotte-Concord-Gastonia, NC-SC",37,"North Carolina",119,"Mecklenburg",35.2401000008895,-80.785683
"1936","05/25/2015","AQS",371190041,1,0.056,"ppm",54,"Garinger High School",17,100,44201,"Ozone",16740,"Charlotte-Concord-Gastonia, NC-SC",37,"North Carolina",119,"Mecklenburg",35.2401000008895,-80.785683
"1937","05/26/2015","AQS",371190041,1,0.043,"ppm",40,"Garinger High School",17,100,44201,"Ozone",16740,"Charlotte-Concord-Gastonia, NC-SC",37,"North Carolina",119,"Mecklenburg",35.2401000008895,-80.785683
"1938","05/27/2015","AQS",371190041,1,0.043,"ppm",40,"Garinger High School",17,100,44201,"Ozone",16740,"Charlotte-Concord-Gastonia, NC-SC",37,"North Carolina",119,"Mecklenburg",35.2401000008895,-80.785683
"1939","05/28/2015","AQS",371190041,1,0.048,"ppm",44,"Garinger High School",17,100,44201,"Ozone",16740,"Charlotte-Concord-Gastonia, NC-SC",37,"North Carolina",119,"Mecklenburg",35.2401000008895,-80.785683
"1940","05/29/2015","AQS",371190041,1,0.05,"ppm",46,"Garinger High School",17,100,44201,"Ozone",16740,"Charlotte-Concord-Gastonia, NC-SC",37,"North Carolina",119,"Mecklenburg",35.2401000008895,-80.785683
"1941","05/30/2015","AQS",371190041,1,0.035,"ppm",32,"Garinger High School",17,100,44201,"Ozone",16740,"Charlotte-Concord-Gastonia, NC-SC",37,"North Carolina",119,"Mecklenburg",35.2401000008895,-80.785683
"1942","05/31/2015","AQS",371190041,1,0.034,"ppm",31,"Garinger High School",17,100,44201,"Ozone",16740,"Charlotte-Concord-Gastonia, NC-SC",37,"North Carolina",119,"Mecklenburg",35.2401000008895,-80.785683
"1943","06/01/2015","AQS",371190041,1,0.04,"ppm",37,"Garinger High School",17,100,44201,"Ozone",16740,"Charlotte-Concord-Gastonia, NC-SC",37,"North Carolina",119,"Mecklenburg",35.2401000008895,-80.785683
"1944","06/02/2015","AQS",371190041,1,0.042,"ppm",39,"Garinger High School",17,100,44201,"Ozone",16740,"Charlotte-Concord-Gastonia, NC-SC",37,"North Carolina",119,"Mecklenburg",35.2401000008895,-80.785683
"1945","06/03/2015","AQS",371190041,1,0.014,"ppm",13,"Garinger High School",17,100,44201,"Ozone",16740,"Charlotte-Concord-Gastonia, NC-SC",37,"North Carolina",119,"Mecklenburg",35.2401000008895,-80.785683
"1946","06/04/2015","AQS",371190041,1,0.025,"ppm",23,"Garinger High School",17,100,44201,"Ozone",16740,"Charlotte-Concord-Gastonia, NC-SC",37,"North Carolina",119,"Mecklenburg",35.2401000008895,-80.785683
"1947","06/05/2015","AQS",371190041,1,0.05,"ppm",46,"Garinger High School",17,100,44201,"Ozone",16740,"Charlotte-Concord-Gastonia, NC-SC",37,"North Carolina",119,"Mecklenburg",35.2401000008895,-80.785683
"1948","06/06/2015","AQS",371190041,1,0.067,"ppm",90,"Garinger High School",17,100,44201,"Ozone",16740,"Charlotte-Concord-Gastonia, NC-SC",37,"North Carolina",119,"Mecklenburg",35.2401000008895,-80.785683
"1949","06/07/2015","AQS",371190041,1,0.046,"ppm",43,"Garinger High School",17,100,44201,"Ozone",16740,"Charlotte-Concord-Gastonia, NC-SC",37,"North Carolina",119,"Mecklenburg",35.2401000008895,-80.785683
"1950","06/08/2015","AQS",371190041,1,0.044,"ppm",41,"Garinger High School",17,100,44201,"Ozone",16740,"Charlotte-Concord-Gastonia, NC-SC",37,"North Carolina",119,"Mecklenburg",35.2401000008895,-80.785683
"1951","06/09/2015","AQS",371190041,1,0.051,"ppm",47,"Garinger High School",17,100,44201,"Ozone",16740,"Charlotte-Concord-Gastonia, NC-SC",37,"North Carolina",119,"Mecklenburg",35.2401000008895,-80.785683
"1952","06/10/2015","AQS",371190041,1,0.058,"ppm",61,"Garinger High School",17,100,44201,"Ozone",16740,"Charlotte-Concord-Gastonia, NC-SC",37,"North Carolina",119,"Mecklenburg",35.2401000008895,-80.785683
"1953","06/11/2015","AQS",371190041,1,0.043,"ppm",40,"Garinger High School",17,100,44201,"Ozone",16740,"Charlotte-Concord-Gastonia, NC-SC",37,"North Carolina",119,"Mecklenburg",35.2401000008895,-80.785683
"1954","06/12/2015","AQS",371190041,1,0.041,"ppm",38,"Garinger High School",17,100,44201,"Ozone",16740,"Charlotte-Concord-Gastonia, NC-SC",37,"North Carolina",119,"Mecklenburg",35.2401000008895,-80.785683
"1955","06/13/2015","AQS",371190041,1,0.046,"ppm",43,"Garinger High School",17,100,44201,"Ozone",16740,"Charlotte-Concord-Gastonia, NC-SC",37,"North Carolina",119,"Mecklenburg",35.2401000008895,-80.785683
"1956","06/14/2015","AQS",371190041,1,0.047,"ppm",44,"Garinger High School",17,100,44201,"Ozone",16740,"Charlotte-Concord-Gastonia, NC-SC",37,"North Carolina",119,"Mecklenburg",35.2401000008895,-80.785683
"1957","06/15/2015","AQS",371190041,1,0.05,"ppm",46,"Garinger High School",17,100,44201,"Ozone",16740,"Charlotte-Concord-Gastonia, NC-SC",37,"North Carolina",119,"Mecklenburg",35.2401000008895,-80.785683
"1958","06/16/2015","AQS",371190041,1,0.048,"ppm",44,"Garinger High School",17,100,44201,"Ozone",16740,"Charlotte-Concord-Gastonia, NC-SC",37,"North Carolina",119,"Mecklenburg",35.2401000008895,-80.785683
"1959","06/17/2015","AQS",371190041,1,0.066,"ppm",87,"Garinger High School",17,100,44201,"Ozone",16740,"Charlotte-Concord-Gastonia, NC-SC",37,"North Carolina",119,"Mecklenburg",35.2401000008895,-80.785683
"1960","06/18/2015","AQS",371190041,1,0.073,"ppm",108,"Garinger High School",17,100,44201,"Ozone",16740,"Charlotte-Concord-Gastonia, NC-SC",37,"North Carolina",119,"Mecklenburg",35.2401000008895,-80.785683
"1961","06/19/2015","AQS",371190041,1,0.056,"ppm",54,"Garinger High School",17,100,44201,"Ozone",16740,"Charlotte-Concord-Gastonia, NC-SC",37,"North Carolina",119,"Mecklenburg",35.2401000008895,-80.785683
"1962","06/20/2015","AQS",371190041,1,0.031,"ppm",29,"Garinger High School",17,100,44201,"Ozone",16740,"Charlotte-Concord-Gastonia, NC-SC",37,"North Carolina",119,"Mecklenburg",35.2401000008895,-80.785683
"1963","06/21/2015","AQS",371190041,1,0.058,"ppm",61,"Garinger High School",17,100,44201,"Ozone",16740,"Charlotte-Concord-Gastonia, NC-SC",37,"North Carolina",119,"Mecklenburg",35.2401000008895,-80.785683
"1964","06/22/2015","AQS",371190041,1,0.072,"ppm",105,"Garinger High School",17,100,44201,"Ozone",16740,"Charlotte-Concord-Gastonia, NC-SC",37,"North Carolina",119,"Mecklenburg",35.2401000008895,-80.785683
"1965","06/23/2015","AQS",371190041,1,0.058,"ppm",61,"Garinger High School",17,100,44201,"Ozone",16740,"Charlotte-Concord-Gastonia, NC-SC",37,"North Carolina",119,"Mecklenburg",35.2401000008895,-80.785683
"1966","06/24/2015","AQS",371190041,1,0.073,"ppm",108,"Garinger High School",17,100,44201,"Ozone",16740,"Charlotte-Concord-Gastonia, NC-SC",37,"North Carolina",119,"Mecklenburg",35.2401000008895,-80.785683
"1967","06/25/2015","AQS",371190041,1,0.076,"ppm",119,"Garinger High School",17,100,44201,"Ozone",16740,"Charlotte-Concord-Gastonia, NC-SC",37,"North Carolina",119,"Mecklenburg",35.2401000008895,-80.785683
"1968","06/26/2015","AQS",371190041,1,0.054,"ppm",50,"Garinger High School",16,94,44201,"Ozone",16740,"Charlotte-Concord-Gastonia, NC-SC",37,"North Carolina",119,"Mecklenburg",35.2401000008895,-80.785683
"1969","06/27/2015","AQS",371190041,1,0.037,"ppm",34,"Garinger High School",17,100,44201,"Ozone",16740,"Charlotte-Concord-Gastonia, NC-SC",37,"North Carolina",119,"Mecklenburg",35.2401000008895,-80.785683
"1970","06/28/2015","AQS",371190041,1,0.058,"ppm",61,"Garinger High School",17,100,44201,"Ozone",16740,"Charlotte-Concord-Gastonia, NC-SC",37,"North Carolina",119,"Mecklenburg",35.2401000008895,-80.785683
"1971","06/29/2015","AQS",371190041,1,0.067,"ppm",90,"Garinger High School",17,100,44201,"Ozone",16740,"Charlotte-Concord-Gastonia, NC-SC",37,"North Carolina",119,"Mecklenburg",35.2401000008895,-80.785683
"1972","06/30/2015","AQS",371190041,1,0.056,"ppm",54,"Garinger High School",17,100,44201,"Ozone",16740,"Charlotte-Concord-Gastonia, NC-SC",37,"North Carolina",119,"Mecklenburg",35.2401000008895,-80.785683
"1973","07/01/2015","AQS",371190041,1,0.053,"ppm",49,"Garinger High School",17,100,44201,"Ozone",16740,"Charlotte-Concord-Gastonia, NC-SC",37,"North Carolina",119,"Mecklenburg",35.2401000008895,-80.785683
"1974","07/02/2015","AQS",371190041,1,0.046,"ppm",43,"Garinger High School",17,100,44201,"Ozone",16740,"Charlotte-Concord-Gastonia, NC-SC",37,"North Carolina",119,"Mecklenburg",35.2401000008895,-80.785683
"1975","07/03/2015","AQS",371190041,1,0.034,"ppm",31,"Garinger High School",17,100,44201,"Ozone",16740,"Charlotte-Concord-Gastonia, NC-SC",37,"North Carolina",119,"Mecklenburg",35.2401000008895,-80.785683
"1976","07/04/2015","AQS",371190041,1,0.036,"ppm",33,"Garinger High School",17,100,44201,"Ozone",16740,"Charlotte-Concord-Gastonia, NC-SC",37,"North Carolina",119,"Mecklenburg",35.2401000008895,-80.785683
"1977","07/05/2015","AQS",371190041,1,0.031,"ppm",29,"Garinger High School",17,100,44201,"Ozone",16740,"Charlotte-Concord-Gastonia, NC-SC",37,"North Carolina",119,"Mecklenburg",35.2401000008895,-80.785683
"1978","07/06/2015","AQS",371190041,1,0.048,"ppm",44,"Garinger High School",17,100,44201,"Ozone",16740,"Charlotte-Concord-Gastonia, NC-SC",37,"North Carolina",119,"Mecklenburg",35.2401000008895,-80.785683
"1979","07/07/2015","AQS",371190041,1,0.051,"ppm",47,"Garinger High School",17,100,44201,"Ozone",16740,"Charlotte-Concord-Gastonia, NC-SC",37,"North Carolina",119,"Mecklenburg",35.2401000008895,-80.785683
"1980","07/08/2015","AQS",371190041,1,0.04,"ppm",37,"Garinger High School",17,100,44201,"Ozone",16740,"Charlotte-Concord-Gastonia, NC-SC",37,"North Carolina",119,"Mecklenburg",35.2401000008895,-80.785683
"1981","07/09/2015","AQS",371190041,1,0.044,"ppm",41,"Garinger High School",17,100,44201,"Ozone",16740,"Charlotte-Concord-Gastonia, NC-SC",37,"North Carolina",119,"Mecklenburg",35.2401000008895,-80.785683
"1982","07/10/2015","AQS",371190041,1,0.034,"ppm",31,"Garinger High School",17,100,44201,"Ozone",16740,"Charlotte-Concord-Gastonia, NC-SC",37,"North Carolina",119,"Mecklenburg",35.2401000008895,-80.785683
"1983","07/11/2015","AQS",371190041,1,0.047,"ppm",44,"Garinger High School",17,100,44201,"Ozone",16740,"Charlotte-Concord-Gastonia, NC-SC",37,"North Carolina",119,"Mecklenburg",35.2401000008895,-80.785683
"1984","07/12/2015","AQS",371190041,1,0.051,"ppm",47,"Garinger High School",17,100,44201,"Ozone",16740,"Charlotte-Concord-Gastonia, NC-SC",37,"North Carolina",119,"Mecklenburg",35.2401000008895,-80.785683
"1985","07/13/2015","AQS",371190041,1,0.061,"ppm",71,"Garinger High School",17,100,44201,"Ozone",16740,"Charlotte-Concord-Gastonia, NC-SC",37,"North Carolina",119,"Mecklenburg",35.2401000008895,-80.785683
"1986","07/14/2015","AQS",371190041,1,0.043,"ppm",40,"Garinger High School",17,100,44201,"Ozone",16740,"Charlotte-Concord-Gastonia, NC-SC",37,"North Carolina",119,"Mecklenburg",35.2401000008895,-80.785683
"1987","07/15/2015","AQS",371190041,1,0.051,"ppm",47,"Garinger High School",17,100,44201,"Ozone",16740,"Charlotte-Concord-Gastonia, NC-SC",37,"North Carolina",119,"Mecklenburg",35.2401000008895,-80.785683
"1988","07/16/2015","AQS",371190041,1,0.048,"ppm",44,"Garinger High School",17,100,44201,"Ozone",16740,"Charlotte-Concord-Gastonia, NC-SC",37,"North Carolina",119,"Mecklenburg",35.2401000008895,-80.785683
"1989","07/17/2015","AQS",371190041,1,0.059,"ppm",64,"Garinger High School",17,100,44201,"Ozone",16740,"Charlotte-Concord-Gastonia, NC-SC",37,"North Carolina",119,"Mecklenburg",35.2401000008895,-80.785683
"1990","07/18/2015","AQS",371190041,1,0.043,"ppm",40,"Garinger High School",17,100,44201,"Ozone",16740,"Charlotte-Concord-Gastonia, NC-SC",37,"North Carolina",119,"Mecklenburg",35.2401000008895,-80.785683
"1991","07/19/2015","AQS",371190041,1,0.05,"ppm",46,"Garinger High School",17,100,44201,"Ozone",16740,"Charlotte-Concord-Gastonia, NC-SC",37,"North Carolina",119,"Mecklenburg",35.2401000008895,-80.785683
"1992","07/20/2015","AQS",371190041,1,0.071,"ppm",101,"Garinger High School",17,100,44201,"Ozone",16740,"Charlotte-Concord-Gastonia, NC-SC",37,"North Carolina",119,"Mecklenburg",35.2401000008895,-80.785683
"1993","07/21/2015","AQS",371190041,1,0.048,"ppm",44,"Garinger High School",17,100,44201,"Ozone",16740,"Charlotte-Concord-Gastonia, NC-SC",37,"North Carolina",119,"Mecklenburg",35.2401000008895,-80.785683
"1994","07/22/2015","AQS",371190041,1,0.065,"ppm",84,"Garinger High School",17,100,44201,"Ozone",16740,"Charlotte-Concord-Gastonia, NC-SC",37,"North Carolina",119,"Mecklenburg",35.2401000008895,-80.785683
"1995","07/23/2015","AQS",371190041,1,0.058,"ppm",61,"Garinger High School",17,100,44201,"Ozone",16740,"Charlotte-Concord-Gastonia, NC-SC",37,"North Carolina",119,"Mecklenburg",35.2401000008895,-80.785683
"1996","07/24/2015","AQS",371190041,1,0.05,"ppm",46,"Garinger High School",17,100,44201,"Ozone",16740,"Charlotte-Concord-Gastonia, NC-SC",37,"North Carolina",119,"Mecklenburg",35.2401000008895,-80.785683
"1997","07/25/2015","AQS",371190041,1,0.057,"ppm",58,"Garinger High School",17,100,44201,"Ozone",16740,"Charlotte-Concord-Gastonia, NC-SC",37,"North Carolina",119,"Mecklenburg",35.2401000008895,-80.785683
"1998","07/26/2015","AQS",371190041,1,0.061,"ppm",71,"Garinger High School",17,100,44201,"Ozone",16740,"Charlotte-Concord-Gastonia, NC-SC",37,"North Carolina",119,"Mecklenburg",35.2401000008895,-80.785683
"1999","07/27/2015","AQS",371190041,1,0.061,"ppm",71,"Garinger High School",17,100,44201,"Ozone",16740,"Charlotte-Concord-Gastonia, NC-SC",37,"North Carolina",119,"Mecklenburg",35.2401000008895,-80.785683
"2000","07/28/2015","AQS",371190041,1,0.04,"ppm",37,"Garinger High School",17,100,44201,"Ozone",16740,"Charlotte-Concord-Gastonia, NC-SC",37,"North Carolina",119,"Mecklenburg",35.2401000008895,-80.785683
"2001","07/29/2015","AQS",371190041,1,0.045,"ppm",42,"Garinger High School",17,100,44201,"Ozone",16740,"Charlotte-Concord-Gastonia, NC-SC",37,"North Carolina",119,"Mecklenburg",35.2401000008895,-80.785683
"2002","07/30/2015","AQS",371190041,1,0.068,"ppm",93,"Garinger High School",17,100,44201,"Ozone",16740,"Charlotte-Concord-Gastonia, NC-SC",37,"North Carolina",119,"Mecklenburg",35.2401000008895,-80.785683
"2003","07/31/2015","AQS",371190041,1,0.068,"ppm",93,"Garinger High School",17,100,44201,"Ozone",16740,"Charlotte-Concord-Gastonia, NC-SC",37,"North Carolina",119,"Mecklenburg",35.2401000008895,-80.785683
"2004","08/01/2015","AQS",371190041,1,0.06,"ppm",67,"Garinger High School",17,100,44201,"Ozone",16740,"Charlotte-Concord-Gastonia, NC-SC",37,"North Carolina",119,"Mecklenburg",35.2401000008895,-80.785683
"2005","08/02/2015","AQS",371190041,1,0.053,"ppm",49,"Garinger High School",17,100,44201,"Ozone",16740,"Charlotte-Concord-Gastonia, NC-SC",37,"North Carolina",119,"Mecklenburg",35.2401000008895,-80.785683
"2006","08/03/2015","AQS",371190041,1,0.065,"ppm",84,"Garinger High School",17,100,44201,"Ozone",16740,"Charlotte-Concord-Gastonia, NC-SC",37,"North Carolina",119,"Mecklenburg",35.2401000008895,-80.785683
"2007","08/04/2015","AQS",371190041,1,0.071,"ppm",101,"Garinger High School",17,100,44201,"Ozone",16740,"Charlotte-Concord-Gastonia, NC-SC",37,"North Carolina",119,"Mecklenburg",35.2401000008895,-80.785683
"2008","08/05/2015","AQS",371190041,1,0.074,"ppm",112,"Garinger High School",17,100,44201,"Ozone",16740,"Charlotte-Concord-Gastonia, NC-SC",37,"North Carolina",119,"Mecklenburg",35.2401000008895,-80.785683
"2009","08/06/2015","AQS",371190041,1,0.053,"ppm",49,"Garinger High School",17,100,44201,"Ozone",16740,"Charlotte-Concord-Gastonia, NC-SC",37,"North Carolina",119,"Mecklenburg",35.2401000008895,-80.785683
"2010","08/07/2015","AQS",371190041,1,0.053,"ppm",49,"Garinger High School",17,100,44201,"Ozone",16740,"Charlotte-Concord-Gastonia, NC-SC",37,"North Carolina",119,"Mecklenburg",35.2401000008895,-80.785683
"2011","08/08/2015","AQS",371190041,1,0.052,"ppm",48,"Garinger High School",17,100,44201,"Ozone",16740,"Charlotte-Concord-Gastonia, NC-SC",37,"North Carolina",119,"Mecklenburg",35.2401000008895,-80.785683
"2012","08/09/2015","AQS",371190041,1,0.054,"ppm",50,"Garinger High School",17,100,44201,"Ozone",16740,"Charlotte-Concord-Gastonia, NC-SC",37,"North Carolina",119,"Mecklenburg",35.2401000008895,-80.785683
"2013","08/10/2015","AQS",371190041,1,0.042,"ppm",39,"Garinger High School",17,100,44201,"Ozone",16740,"Charlotte-Concord-Gastonia, NC-SC",37,"North Carolina",119,"Mecklenburg",35.2401000008895,-80.785683
"2014","08/11/2015","AQS",371190041,1,0.043,"ppm",40,"Garinger High School",17,100,44201,"Ozone",16740,"Charlotte-Concord-Gastonia, NC-SC",37,"North Carolina",119,"Mecklenburg",35.2401000008895,-80.785683
"2015","08/12/2015","AQS",371190041,1,0.048,"ppm",44,"Garinger High School",13,76,44201,"Ozone",16740,"Charlotte-Concord-Gastonia, NC-SC",37,"North Carolina",119,"Mecklenburg",35.2401000008895,-80.785683
"2016","08/13/2015","AQS",371190041,1,0.06,"ppm",67,"Garinger High School",17,100,44201,"Ozone",16740,"Charlotte-Concord-Gastonia, NC-SC",37,"North Carolina",119,"Mecklenburg",35.2401000008895,-80.785683
"2017","08/14/2015","AQS",371190041,1,0.062,"ppm",74,"Garinger High School",17,100,44201,"Ozone",16740,"Charlotte-Concord-Gastonia, NC-SC",37,"North Carolina",119,"Mecklenburg",35.2401000008895,-80.785683
"2018","08/15/2015","AQS",371190041,1,0.065,"ppm",84,"Garinger High School",17,100,44201,"Ozone",16740,"Charlotte-Concord-Gastonia, NC-SC",37,"North Carolina",119,"Mecklenburg",35.2401000008895,-80.785683
"2019","08/16/2015","AQS",371190041,1,0.064,"ppm",80,"Garinger High School",17,100,44201,"Ozone",16740,"Charlotte-Concord-Gastonia, NC-SC",37,"North Carolina",119,"Mecklenburg",35.2401000008895,-80.785683
"2020","08/17/2015","AQS",371190041,1,0.056,"ppm",54,"Garinger High School",17,100,44201,"Ozone",16740,"Charlotte-Concord-Gastonia, NC-SC",37,"North Carolina",119,"Mecklenburg",35.2401000008895,-80.785683
"2021","08/18/2015","AQS",371190041,1,0.037,"ppm",34,"Garinger High School",17,100,44201,"Ozone",16740,"Charlotte-Concord-Gastonia, NC-SC",37,"North Carolina",119,"Mecklenburg",35.2401000008895,-80.785683
"2022","08/19/2015","AQS",371190041,1,0.036,"ppm",33,"Garinger High School",17,100,44201,"Ozone",16740,"Charlotte-Concord-Gastonia, NC-SC",37,"North Carolina",119,"Mecklenburg",35.2401000008895,-80.785683
"2023","08/20/2015","AQS",371190041,1,0.044,"ppm",41,"Garinger High School",17,100,44201,"Ozone",16740,"Charlotte-Concord-Gastonia, NC-SC",37,"North Carolina",119,"Mecklenburg",35.2401000008895,-80.785683
"2024","08/21/2015","AQS",371190041,1,0.057,"ppm",58,"Garinger High School",17,100,44201,"Ozone",16740,"Charlotte-Concord-Gastonia, NC-SC",37,"North Carolina",119,"Mecklenburg",35.2401000008895,-80.785683
"2025","08/22/2015","AQS",371190041,1,0.053,"ppm",49,"Garinger High School",17,100,44201,"Ozone",16740,"Charlotte-Concord-Gastonia, NC-SC",37,"North Carolina",119,"Mecklenburg",35.2401000008895,-80.785683
"2026","08/23/2015","AQS",371190041,1,0.043,"ppm",40,"Garinger High School",17,100,44201,"Ozone",16740,"Charlotte-Concord-Gastonia, NC-SC",37,"North Carolina",119,"Mecklenburg",35.2401000008895,-80.785683
"2027","08/24/2015","AQS",371190041,1,0.058,"ppm",61,"Garinger High School",17,100,44201,"Ozone",16740,"Charlotte-Concord-Gastonia, NC-SC",37,"North Carolina",119,"Mecklenburg",35.2401000008895,-80.785683
"2028","08/25/2015","AQS",371190041,1,0.061,"ppm",71,"Garinger High School",17,100,44201,"Ozone",16740,"Charlotte-Concord-Gastonia, NC-SC",37,"North Carolina",119,"Mecklenburg",35.2401000008895,-80.785683
"2029","08/26/2015","AQS",371190041,1,0.059,"ppm",64,"Garinger High School",17,100,44201,"Ozone",16740,"Charlotte-Concord-Gastonia, NC-SC",37,"North Carolina",119,"Mecklenburg",35.2401000008895,-80.785683
"2030","08/27/2015","AQS",371190041,1,0.057,"ppm",58,"Garinger High School",17,100,44201,"Ozone",16740,"Charlotte-Concord-Gastonia, NC-SC",37,"North Carolina",119,"Mecklenburg",35.2401000008895,-80.785683
"2031","08/28/2015","AQS",371190041,1,0.055,"ppm",51,"Garinger High School",17,100,44201,"Ozone",16740,"Charlotte-Concord-Gastonia, NC-SC",37,"North Carolina",119,"Mecklenburg",35.2401000008895,-80.785683
"2032","08/29/2015","AQS",371190041,1,0.053,"ppm",49,"Garinger High School",17,100,44201,"Ozone",16740,"Charlotte-Concord-Gastonia, NC-SC",37,"North Carolina",119,"Mecklenburg",35.2401000008895,-80.785683
"2033","08/30/2015","AQS",371190041,1,0.049,"ppm",45,"Garinger High School",17,100,44201,"Ozone",16740,"Charlotte-Concord-Gastonia, NC-SC",37,"North Carolina",119,"Mecklenburg",35.2401000008895,-80.785683
"2034","08/31/2015","AQS",371190041,1,0.048,"ppm",44,"Garinger High School",17,100,44201,"Ozone",16740,"Charlotte-Concord-Gastonia, NC-SC",37,"North Carolina",119,"Mecklenburg",35.2401000008895,-80.785683
"2035","09/01/2015","AQS",371190041,1,0.066,"ppm",87,"Garinger High School",17,100,44201,"Ozone",16740,"Charlotte-Concord-Gastonia, NC-SC",37,"North Carolina",119,"Mecklenburg",35.2401000008895,-80.785683
"2036","09/02/2015","AQS",371190041,1,0.071,"ppm",101,"Garinger High School",17,100,44201,"Ozone",16740,"Charlotte-Concord-Gastonia, NC-SC",37,"North Carolina",119,"Mecklenburg",35.2401000008895,-80.785683
"2037","09/03/2015","AQS",371190041,1,0.069,"ppm",97,"Garinger High School",17,100,44201,"Ozone",16740,"Charlotte-Concord-Gastonia, NC-SC",37,"North Carolina",119,"Mecklenburg",35.2401000008895,-80.785683
"2038","09/04/2015","AQS",371190041,1,0.062,"ppm",74,"Garinger High School",17,100,44201,"Ozone",16740,"Charlotte-Concord-Gastonia, NC-SC",37,"North Carolina",119,"Mecklenburg",35.2401000008895,-80.785683
"2039","09/05/2015","AQS",371190041,1,0.049,"ppm",45,"Garinger High School",17,100,44201,"Ozone",16740,"Charlotte-Concord-Gastonia, NC-SC",37,"North Carolina",119,"Mecklenburg",35.2401000008895,-80.785683
"2040","09/06/2015","AQS",371190041,1,0.046,"ppm",43,"Garinger High School",17,100,44201,"Ozone",16740,"Charlotte-Concord-Gastonia, NC-SC",37,"North Carolina",119,"Mecklenburg",35.2401000008895,-80.785683
"2041","09/07/2015","AQS",371190041,1,0.033,"ppm",31,"Garinger High School",17,100,44201,"Ozone",16740,"Charlotte-Concord-Gastonia, NC-SC",37,"North Carolina",119,"Mecklenburg",35.2401000008895,-80.785683
"2042","09/08/2015","AQS",371190041,1,0.036,"ppm",33,"Garinger High School",17,100,44201,"Ozone",16740,"Charlotte-Concord-Gastonia, NC-SC",37,"North Carolina",119,"Mecklenburg",35.2401000008895,-80.785683
"2043","09/09/2015","AQS",371190041,1,0.034,"ppm",31,"Garinger High School",17,100,44201,"Ozone",16740,"Charlotte-Concord-Gastonia, NC-SC",37,"North Carolina",119,"Mecklenburg",35.2401000008895,-80.785683
"2044","09/10/2015","AQS",371190041,1,0.043,"ppm",40,"Garinger High School",17,100,44201,"Ozone",16740,"Charlotte-Concord-Gastonia, NC-SC",37,"North Carolina",119,"Mecklenburg",35.2401000008895,-80.785683
"2045","09/11/2015","AQS",371190041,1,0.045,"ppm",42,"Garinger High School",17,100,44201,"Ozone",16740,"Charlotte-Concord-Gastonia, NC-SC",37,"North Carolina",119,"Mecklenburg",35.2401000008895,-80.785683
"2046","09/12/2015","AQS",371190041,1,0.029,"ppm",27,"Garinger High School",17,100,44201,"Ozone",16740,"Charlotte-Concord-Gastonia, NC-SC",37,"North Carolina",119,"Mecklenburg",35.2401000008895,-80.785683
"2047","09/13/2015","AQS",371190041,1,0.037,"ppm",34,"Garinger High School",17,100,44201,"Ozone",16740,"Charlotte-Concord-Gastonia, NC-SC",37,"North Carolina",119,"Mecklenburg",35.2401000008895,-80.785683
"2048","09/14/2015","AQS",371190041,1,0.052,"ppm",48,"Garinger High School",17,100,44201,"Ozone",16740,"Charlotte-Concord-Gastonia, NC-SC",37,"North Carolina",119,"Mecklenburg",35.2401000008895,-80.785683
"2049","09/15/2015","AQS",371190041,1,0.053,"ppm",49,"Garinger High School",17,100,44201,"Ozone",16740,"Charlotte-Concord-Gastonia, NC-SC",37,"North Carolina",119,"Mecklenburg",35.2401000008895,-80.785683
"2050","09/16/2015","AQS",371190041,1,0.05,"ppm",46,"Garinger High School",17,100,44201,"Ozone",16740,"Charlotte-Concord-Gastonia, NC-SC",37,"North Carolina",119,"Mecklenburg",35.2401000008895,-80.785683
"2051","09/17/2015","AQS",371190041,1,0.05,"ppm",46,"Garinger High School",17,100,44201,"Ozone",16740,"Charlotte-Concord-Gastonia, NC-SC",37,"North Carolina",119,"Mecklenburg",35.2401000008895,-80.785683
"2052","09/18/2015","AQS",371190041,1,0.059,"ppm",64,"Garinger High School",17,100,44201,"Ozone",16740,"Charlotte-Concord-Gastonia, NC-SC",37,"North Carolina",119,"Mecklenburg",35.2401000008895,-80.785683
"2053","09/19/2015","AQS",371190041,1,0.053,"ppm",49,"Garinger High School",17,100,44201,"Ozone",16740,"Charlotte-Concord-Gastonia, NC-SC",37,"North Carolina",119,"Mecklenburg",35.2401000008895,-80.785683
"2054","09/20/2015","AQS",371190041,1,0.056,"ppm",54,"Garinger High School",17,100,44201,"Ozone",16740,"Charlotte-Concord-Gastonia, NC-SC",37,"North Carolina",119,"Mecklenburg",35.2401000008895,-80.785683
"2055","09/21/2015","AQS",371190041,1,0.024,"ppm",22,"Garinger High School",17,100,44201,"Ozone",16740,"Charlotte-Concord-Gastonia, NC-SC",37,"North Carolina",119,"Mecklenburg",35.2401000008895,-80.785683
"2056","09/22/2015","AQS",371190041,1,0.023,"ppm",21,"Garinger High School",17,100,44201,"Ozone",16740,"Charlotte-Concord-Gastonia, NC-SC",37,"North Carolina",119,"Mecklenburg",35.2401000008895,-80.785683
"2057","09/23/2015","AQS",371190041,1,0.047,"ppm",44,"Garinger High School",17,100,44201,"Ozone",16740,"Charlotte-Concord-Gastonia, NC-SC",37,"North Carolina",119,"Mecklenburg",35.2401000008895,-80.785683
"2058","09/24/2015","AQS",371190041,1,0.039,"ppm",36,"Garinger High School",17,100,44201,"Ozone",16740,"Charlotte-Concord-Gastonia, NC-SC",37,"North Carolina",119,"Mecklenburg",35.2401000008895,-80.785683
"2059","09/25/2015","AQS",371190041,1,0.032,"ppm",30,"Garinger High School",17,100,44201,"Ozone",16740,"Charlotte-Concord-Gastonia, NC-SC",37,"North Carolina",119,"Mecklenburg",35.2401000008895,-80.785683
"2060","09/26/2015","AQS",371190041,1,0.032,"ppm",30,"Garinger High School",17,100,44201,"Ozone",16740,"Charlotte-Concord-Gastonia, NC-SC",37,"North Carolina",119,"Mecklenburg",35.2401000008895,-80.785683
"2061","09/27/2015","AQS",371190041,1,0.023,"ppm",21,"Garinger High School",17,100,44201,"Ozone",16740,"Charlotte-Concord-Gastonia, NC-SC",37,"North Carolina",119,"Mecklenburg",35.2401000008895,-80.785683
"2062","09/28/2015","AQS",371190041,1,0.021,"ppm",19,"Garinger High School",17,100,44201,"Ozone",16740,"Charlotte-Concord-Gastonia, NC-SC",37,"North Carolina",119,"Mecklenburg",35.2401000008895,-80.785683
"2063","09/29/2015","AQS",371190041,1,0.015,"ppm",14,"Garinger High School",17,100,44201,"Ozone",16740,"Charlotte-Concord-Gastonia, NC-SC",37,"North Carolina",119,"Mecklenburg",35.2401000008895,-80.785683
"2064","09/30/2015","AQS",371190041,1,0.034,"ppm",31,"Garinger High School",17,100,44201,"Ozone",16740,"Charlotte-Concord-Gastonia, NC-SC",37,"North Carolina",119,"Mecklenburg",35.2401000008895,-80.785683
"2065","10/01/2015","AQS",371190041,1,0.019,"ppm",18,"Garinger High School",17,100,44201,"Ozone",16740,"Charlotte-Concord-Gastonia, NC-SC",37,"North Carolina",119,"Mecklenburg",35.2401000008895,-80.785683
"2066","10/02/2015","AQS",371190041,1,0.014,"ppm",13,"Garinger High School",17,100,44201,"Ozone",16740,"Charlotte-Concord-Gastonia, NC-SC",37,"North Carolina",119,"Mecklenburg",35.2401000008895,-80.785683
"2067","10/03/2015","AQS",371190041,1,0.016,"ppm",15,"Garinger High School",17,100,44201,"Ozone",16740,"Charlotte-Concord-Gastonia, NC-SC",37,"North Carolina",119,"Mecklenburg",35.2401000008895,-80.785683
"2068","10/04/2015","AQS",371190041,1,0.019,"ppm",18,"Garinger High School",17,100,44201,"Ozone",16740,"Charlotte-Concord-Gastonia, NC-SC",37,"North Carolina",119,"Mecklenburg",35.2401000008895,-80.785683
"2069","10/05/2015","AQS",371190041,1,0.025,"ppm",23,"Garinger High School",17,100,44201,"Ozone",16740,"Charlotte-Concord-Gastonia, NC-SC",37,"North Carolina",119,"Mecklenburg",35.2401000008895,-80.785683
"2070","10/06/2015","AQS",371190041,1,0.045,"ppm",42,"Garinger High School",17,100,44201,"Ozone",16740,"Charlotte-Concord-Gastonia, NC-SC",37,"North Carolina",119,"Mecklenburg",35.2401000008895,-80.785683
"2071","10/07/2015","AQS",371190041,1,0.045,"ppm",42,"Garinger High School",17,100,44201,"Ozone",16740,"Charlotte-Concord-Gastonia, NC-SC",37,"North Carolina",119,"Mecklenburg",35.2401000008895,-80.785683
"2072","10/08/2015","AQS",371190041,1,0.048,"ppm",44,"Garinger High School",17,100,44201,"Ozone",16740,"Charlotte-Concord-Gastonia, NC-SC",37,"North Carolina",119,"Mecklenburg",35.2401000008895,-80.785683
"2073","10/09/2015","AQS",371190041,1,0.037,"ppm",34,"Garinger High School",17,100,44201,"Ozone",16740,"Charlotte-Concord-Gastonia, NC-SC",37,"North Carolina",119,"Mecklenburg",35.2401000008895,-80.785683
"2074","10/10/2015","AQS",371190041,1,0.025,"ppm",23,"Garinger High School",17,100,44201,"Ozone",16740,"Charlotte-Concord-Gastonia, NC-SC",37,"North Carolina",119,"Mecklenburg",35.2401000008895,-80.785683
"2075","10/11/2015","AQS",371190041,1,0.034,"ppm",31,"Garinger High School",17,100,44201,"Ozone",16740,"Charlotte-Concord-Gastonia, NC-SC",37,"North Carolina",119,"Mecklenburg",35.2401000008895,-80.785683
"2076","10/12/2015","AQS",371190041,1,0.035,"ppm",32,"Garinger High School",17,100,44201,"Ozone",16740,"Charlotte-Concord-Gastonia, NC-SC",37,"North Carolina",119,"Mecklenburg",35.2401000008895,-80.785683
"2077","10/13/2015","AQS",371190041,1,0.041,"ppm",38,"Garinger High School",17,100,44201,"Ozone",16740,"Charlotte-Concord-Gastonia, NC-SC",37,"North Carolina",119,"Mecklenburg",35.2401000008895,-80.785683
"2078","10/14/2015","AQS",371190041,1,0.04,"ppm",37,"Garinger High School",17,100,44201,"Ozone",16740,"Charlotte-Concord-Gastonia, NC-SC",37,"North Carolina",119,"Mecklenburg",35.2401000008895,-80.785683
"2079","10/15/2015","AQS",371190041,1,0.043,"ppm",40,"Garinger High School",17,100,44201,"Ozone",16740,"Charlotte-Concord-Gastonia, NC-SC",37,"North Carolina",119,"Mecklenburg",35.2401000008895,-80.785683
"2080","10/16/2015","AQS",371190041,1,0.038,"ppm",35,"Garinger High School",17,100,44201,"Ozone",16740,"Charlotte-Concord-Gastonia, NC-SC",37,"North Carolina",119,"Mecklenburg",35.2401000008895,-80.785683
"2081","10/17/2015","AQS",371190041,1,0.043,"ppm",40,"Garinger High School",17,100,44201,"Ozone",16740,"Charlotte-Concord-Gastonia, NC-SC",37,"North Carolina",119,"Mecklenburg",35.2401000008895,-80.785683
"2082","10/18/2015","AQS",371190041,1,0.037,"ppm",34,"Garinger High School",17,100,44201,"Ozone",16740,"Charlotte-Concord-Gastonia, NC-SC",37,"North Carolina",119,"Mecklenburg",35.2401000008895,-80.785683
"2083","10/19/2015","AQS",371190041,1,0.039,"ppm",36,"Garinger High School",17,100,44201,"Ozone",16740,"Charlotte-Concord-Gastonia, NC-SC",37,"North Carolina",119,"Mecklenburg",35.2401000008895,-80.785683
"2084","10/20/2015","AQS",371190041,1,0.041,"ppm",38,"Garinger High School",17,100,44201,"Ozone",16740,"Charlotte-Concord-Gastonia, NC-SC",37,"North Carolina",119,"Mecklenburg",35.2401000008895,-80.785683
"2085","10/21/2015","AQS",371190041,1,0.046,"ppm",43,"Garinger High School",17,100,44201,"Ozone",16740,"Charlotte-Concord-Gastonia, NC-SC",37,"North Carolina",119,"Mecklenburg",35.2401000008895,-80.785683
"2086","10/22/2015","AQS",371190041,1,0.046,"ppm",43,"Garinger High School",17,100,44201,"Ozone",16740,"Charlotte-Concord-Gastonia, NC-SC",37,"North Carolina",119,"Mecklenburg",35.2401000008895,-80.785683
"2087","10/23/2015","AQS",371190041,1,0.054,"ppm",50,"Garinger High School",17,100,44201,"Ozone",16740,"Charlotte-Concord-Gastonia, NC-SC",37,"North Carolina",119,"Mecklenburg",35.2401000008895,-80.785683
"2088","10/24/2015","AQS",371190041,1,0.042,"ppm",39,"Garinger High School",17,100,44201,"Ozone",16740,"Charlotte-Concord-Gastonia, NC-SC",37,"North Carolina",119,"Mecklenburg",35.2401000008895,-80.785683
"2089","10/25/2015","AQS",371190041,1,0.038,"ppm",35,"Garinger High School",17,100,44201,"Ozone",16740,"Charlotte-Concord-Gastonia, NC-SC",37,"North Carolina",119,"Mecklenburg",35.2401000008895,-80.785683
"2090","10/26/2015","AQS",371190041,1,0.023,"ppm",21,"Garinger High School",17,100,44201,"Ozone",16740,"Charlotte-Concord-Gastonia, NC-SC",37,"North Carolina",119,"Mecklenburg",35.2401000008895,-80.785683
"2091","10/27/2015","AQS",371190041,1,0.021,"ppm",19,"Garinger High School",17,100,44201,"Ozone",16740,"Charlotte-Concord-Gastonia, NC-SC",37,"North Carolina",119,"Mecklenburg",35.2401000008895,-80.785683
"2092","10/28/2015","AQS",371190041,1,0.025,"ppm",23,"Garinger High School",17,100,44201,"Ozone",16740,"Charlotte-Concord-Gastonia, NC-SC",37,"North Carolina",119,"Mecklenburg",35.2401000008895,-80.785683
"2093","10/29/2015","AQS",371190041,1,0.019,"ppm",18,"Garinger High School",17,100,44201,"Ozone",16740,"Charlotte-Concord-Gastonia, NC-SC",37,"North Carolina",119,"Mecklenburg",35.2401000008895,-80.785683
"2094","10/30/2015","AQS",371190041,1,0.036,"ppm",33,"Garinger High School",17,100,44201,"Ozone",16740,"Charlotte-Concord-Gastonia, NC-SC",37,"North Carolina",119,"Mecklenburg",35.2401000008895,-80.785683
"2095","10/31/2015","AQS",371190041,1,0.025,"ppm",23,"Garinger High School",17,100,44201,"Ozone",16740,"Charlotte-Concord-Gastonia, NC-SC",37,"North Carolina",119,"Mecklenburg",35.2401000008895,-80.785683
"2096","11/01/2015","AQS",371190041,1,0.009,"ppm",8,"Garinger High School",17,100,44201,"Ozone",16740,"Charlotte-Concord-Gastonia, NC-SC",37,"North Carolina",119,"Mecklenburg",35.2401000008895,-80.785683
"2097","11/02/2015","AQS",371190041,1,0.028,"ppm",26,"Garinger High School",17,100,44201,"Ozone",16740,"Charlotte-Concord-Gastonia, NC-SC",37,"North Carolina",119,"Mecklenburg",35.2401000008895,-80.785683
"2098","11/03/2015","AQS",371190041,1,0.019,"ppm",18,"Garinger High School",17,100,44201,"Ozone",16740,"Charlotte-Concord-Gastonia, NC-SC",37,"North Carolina",119,"Mecklenburg",35.2401000008895,-80.785683
"2099","11/04/2015","AQS",371190041,1,0.019,"ppm",18,"Garinger High School",17,100,44201,"Ozone",16740,"Charlotte-Concord-Gastonia, NC-SC",37,"North Carolina",119,"Mecklenburg",35.2401000008895,-80.785683
"2100","11/05/2015","AQS",371190041,1,0.023,"ppm",21,"Garinger High School",17,100,44201,"Ozone",16740,"Charlotte-Concord-Gastonia, NC-SC",37,"North Carolina",119,"Mecklenburg",35.2401000008895,-80.785683
"2101","11/06/2015","AQS",371190041,1,0.007,"ppm",6,"Garinger High School",17,100,44201,"Ozone",16740,"Charlotte-Concord-Gastonia, NC-SC",37,"North Carolina",119,"Mecklenburg",35.2401000008895,-80.785683
"2102","11/07/2015","AQS",371190041,1,0.027,"ppm",25,"Garinger High School",17,100,44201,"Ozone",16740,"Charlotte-Concord-Gastonia, NC-SC",37,"North Carolina",119,"Mecklenburg",35.2401000008895,-80.785683
"2103","11/08/2015","AQS",371190041,1,0.028,"ppm",26,"Garinger High School",17,100,44201,"Ozone",16740,"Charlotte-Concord-Gastonia, NC-SC",37,"North Carolina",119,"Mecklenburg",35.2401000008895,-80.785683
"2104","11/09/2015","AQS",371190041,1,0.02,"ppm",19,"Garinger High School",17,100,44201,"Ozone",16740,"Charlotte-Concord-Gastonia, NC-SC",37,"North Carolina",119,"Mecklenburg",35.2401000008895,-80.785683
"2105","11/10/2015","AQS",371190041,1,0.025,"ppm",23,"Garinger High School",17,100,44201,"Ozone",16740,"Charlotte-Concord-Gastonia, NC-SC",37,"North Carolina",119,"Mecklenburg",35.2401000008895,-80.785683
"2106","11/11/2015","AQS",371190041,1,0.039,"ppm",36,"Garinger High School",17,100,44201,"Ozone",16740,"Charlotte-Concord-Gastonia, NC-SC",37,"North Carolina",119,"Mecklenburg",35.2401000008895,-80.785683
"2107","11/12/2015","AQS",371190041,1,0.03,"ppm",28,"Garinger High School",17,100,44201,"Ozone",16740,"Charlotte-Concord-Gastonia, NC-SC",37,"North Carolina",119,"Mecklenburg",35.2401000008895,-80.785683
"2108","11/13/2015","AQS",371190041,1,0.036,"ppm",33,"Garinger High School",17,100,44201,"Ozone",16740,"Charlotte-Concord-Gastonia, NC-SC",37,"North Carolina",119,"Mecklenburg",35.2401000008895,-80.785683
"2109","11/14/2015","AQS",371190041,1,0.037,"ppm",34,"Garinger High School",17,100,44201,"Ozone",16740,"Charlotte-Concord-Gastonia, NC-SC",37,"North Carolina",119,"Mecklenburg",35.2401000008895,-80.785683
"2110","11/15/2015","AQS",371190041,1,0.035,"ppm",32,"Garinger High School",17,100,44201,"Ozone",16740,"Charlotte-Concord-Gastonia, NC-SC",37,"North Carolina",119,"Mecklenburg",35.2401000008895,-80.785683
"2111","11/16/2015","AQS",371190041,1,0.032,"ppm",30,"Garinger High School",17,100,44201,"Ozone",16740,"Charlotte-Concord-Gastonia, NC-SC",37,"North Carolina",119,"Mecklenburg",35.2401000008895,-80.785683
"2112","11/17/2015","AQS",371190041,1,0.042,"ppm",39,"Garinger High School",17,100,44201,"Ozone",16740,"Charlotte-Concord-Gastonia, NC-SC",37,"North Carolina",119,"Mecklenburg",35.2401000008895,-80.785683
"2113","11/18/2015","AQS",371190041,1,0.033,"ppm",31,"Garinger High School",17,100,44201,"Ozone",16740,"Charlotte-Concord-Gastonia, NC-SC",37,"North Carolina",119,"Mecklenburg",35.2401000008895,-80.785683
"2114","11/19/2015","AQS",371190041,1,0.023,"ppm",21,"Garinger High School",17,100,44201,"Ozone",16740,"Charlotte-Concord-Gastonia, NC-SC",37,"North Carolina",119,"Mecklenburg",35.2401000008895,-80.785683
"2115","11/20/2015","AQS",371190041,1,0.036,"ppm",33,"Garinger High School",17,100,44201,"Ozone",16740,"Charlotte-Concord-Gastonia, NC-SC",37,"North Carolina",119,"Mecklenburg",35.2401000008895,-80.785683
"2116","11/21/2015","AQS",371190041,1,0.038,"ppm",35,"Garinger High School",17,100,44201,"Ozone",16740,"Charlotte-Concord-Gastonia, NC-SC",37,"North Carolina",119,"Mecklenburg",35.2401000008895,-80.785683
"2117","11/22/2015","AQS",371190041,1,0.032,"ppm",30,"Garinger High School",17,100,44201,"Ozone",16740,"Charlotte-Concord-Gastonia, NC-SC",37,"North Carolina",119,"Mecklenburg",35.2401000008895,-80.785683
"2118","11/23/2015","AQS",371190041,1,0.032,"ppm",30,"Garinger High School",17,100,44201,"Ozone",16740,"Charlotte-Concord-Gastonia, NC-SC",37,"North Carolina",119,"Mecklenburg",35.2401000008895,-80.785683
"2119","11/24/2015","AQS",371190041,1,0.034,"ppm",31,"Garinger High School",17,100,44201,"Ozone",16740,"Charlotte-Concord-Gastonia, NC-SC",37,"North Carolina",119,"Mecklenburg",35.2401000008895,-80.785683
"2120","11/25/2015","AQS",371190041,1,0.036,"ppm",33,"Garinger High School",17,100,44201,"Ozone",16740,"Charlotte-Concord-Gastonia, NC-SC",37,"North Carolina",119,"Mecklenburg",35.2401000008895,-80.785683
"2121","11/26/2015","AQS",371190041,1,0.038,"ppm",35,"Garinger High School",17,100,44201,"Ozone",16740,"Charlotte-Concord-Gastonia, NC-SC",37,"North Carolina",119,"Mecklenburg",35.2401000008895,-80.785683
"2122","11/27/2015","AQS",371190041,1,0.035,"ppm",32,"Garinger High School",17,100,44201,"Ozone",16740,"Charlotte-Concord-Gastonia, NC-SC",37,"North Carolina",119,"Mecklenburg",35.2401000008895,-80.785683
"2123","11/28/2015","AQS",371190041,1,0.033,"ppm",31,"Garinger High School",17,100,44201,"Ozone",16740,"Charlotte-Concord-Gastonia, NC-SC",37,"North Carolina",119,"Mecklenburg",35.2401000008895,-80.785683
"2124","11/29/2015","AQS",371190041,1,0.027,"ppm",25,"Garinger High School",17,100,44201,"Ozone",16740,"Charlotte-Concord-Gastonia, NC-SC",37,"North Carolina",119,"Mecklenburg",35.2401000008895,-80.785683
"2125","11/30/2015","AQS",371190041,1,0.008,"ppm",7,"Garinger High School",17,100,44201,"Ozone",16740,"Charlotte-Concord-Gastonia, NC-SC",37,"North Carolina",119,"Mecklenburg",35.2401000008895,-80.785683
"2126","12/01/2015","AQS",371190041,1,0.002,"ppm",2,"Garinger High School",17,100,44201,"Ozone",16740,"Charlotte-Concord-Gastonia, NC-SC",37,"North Carolina",119,"Mecklenburg",35.2401000008895,-80.785683
"2127","12/02/2015","AQS",371190041,1,0.025,"ppm",23,"Garinger High School",17,100,44201,"Ozone",16740,"Charlotte-Concord-Gastonia, NC-SC",37,"North Carolina",119,"Mecklenburg",35.2401000008895,-80.785683
"2128","12/03/2015","AQS",371190041,1,0.026,"ppm",24,"Garinger High School",17,100,44201,"Ozone",16740,"Charlotte-Concord-Gastonia, NC-SC",37,"North Carolina",119,"Mecklenburg",35.2401000008895,-80.785683
"2129","12/04/2015","AQS",371190041,1,0.026,"ppm",24,"Garinger High School",17,100,44201,"Ozone",16740,"Charlotte-Concord-Gastonia, NC-SC",37,"North Carolina",119,"Mecklenburg",35.2401000008895,-80.785683
"2130","12/05/2015","AQS",371190041,1,0.029,"ppm",27,"Garinger High School",17,100,44201,"Ozone",16740,"Charlotte-Concord-Gastonia, NC-SC",37,"North Carolina",119,"Mecklenburg",35.2401000008895,-80.785683
"2131","12/06/2015","AQS",371190041,1,0.031,"ppm",29,"Garinger High School",17,100,44201,"Ozone",16740,"Charlotte-Concord-Gastonia, NC-SC",37,"North Carolina",119,"Mecklenburg",35.2401000008895,-80.785683
"2132","12/07/2015","AQS",371190041,1,0.029,"ppm",27,"Garinger High School",17,100,44201,"Ozone",16740,"Charlotte-Concord-Gastonia, NC-SC",37,"North Carolina",119,"Mecklenburg",35.2401000008895,-80.785683
"2133","12/08/2015","AQS",371190041,1,0.034,"ppm",31,"Garinger High School",17,100,44201,"Ozone",16740,"Charlotte-Concord-Gastonia, NC-SC",37,"North Carolina",119,"Mecklenburg",35.2401000008895,-80.785683
"2134","12/09/2015","AQS",371190041,1,0.038,"ppm",35,"Garinger High School",17,100,44201,"Ozone",16740,"Charlotte-Concord-Gastonia, NC-SC",37,"North Carolina",119,"Mecklenburg",35.2401000008895,-80.785683
"2135","12/10/2015","AQS",371190041,1,0.036,"ppm",33,"Garinger High School",17,100,44201,"Ozone",16740,"Charlotte-Concord-Gastonia, NC-SC",37,"North Carolina",119,"Mecklenburg",35.2401000008895,-80.785683
"2136","12/11/2015","AQS",371190041,1,0.028,"ppm",26,"Garinger High School",17,100,44201,"Ozone",16740,"Charlotte-Concord-Gastonia, NC-SC",37,"North Carolina",119,"Mecklenburg",35.2401000008895,-80.785683
"2137","12/12/2015","AQS",371190041,1,0.026,"ppm",24,"Garinger High School",17,100,44201,"Ozone",16740,"Charlotte-Concord-Gastonia, NC-SC",37,"North Carolina",119,"Mecklenburg",35.2401000008895,-80.785683
"2138","12/13/2015","AQS",371190041,1,0.037,"ppm",34,"Garinger High School",17,100,44201,"Ozone",16740,"Charlotte-Concord-Gastonia, NC-SC",37,"North Carolina",119,"Mecklenburg",35.2401000008895,-80.785683
"2139","12/14/2015","AQS",371190041,1,0.031,"ppm",29,"Garinger High School",17,100,44201,"Ozone",16740,"Charlotte-Concord-Gastonia, NC-SC",37,"North Carolina",119,"Mecklenburg",35.2401000008895,-80.785683
"2140","12/15/2015","AQS",371190041,1,0.027,"ppm",25,"Garinger High School",17,100,44201,"Ozone",16740,"Charlotte-Concord-Gastonia, NC-SC",37,"North Carolina",119,"Mecklenburg",35.2401000008895,-80.785683
"2141","12/16/2015","AQS",371190041,1,0.03,"ppm",28,"Garinger High School",17,100,44201,"Ozone",16740,"Charlotte-Concord-Gastonia, NC-SC",37,"North Carolina",119,"Mecklenburg",35.2401000008895,-80.785683
"2142","12/17/2015","AQS",371190041,1,0.011,"ppm",10,"Garinger High School",17,100,44201,"Ozone",16740,"Charlotte-Concord-Gastonia, NC-SC",37,"North Carolina",119,"Mecklenburg",35.2401000008895,-80.785683
"2143","12/18/2015","AQS",371190041,1,0.03,"ppm",28,"Garinger High School",17,100,44201,"Ozone",16740,"Charlotte-Concord-Gastonia, NC-SC",37,"North Carolina",119,"Mecklenburg",35.2401000008895,-80.785683
"2144","12/19/2015","AQS",371190041,1,0.033,"ppm",31,"Garinger High School",17,100,44201,"Ozone",16740,"Charlotte-Concord-Gastonia, NC-SC",37,"North Carolina",119,"Mecklenburg",35.2401000008895,-80.785683
"2145","12/20/2015","AQS",371190041,1,0.034,"ppm",31,"Garinger High School",17,100,44201,"Ozone",16740,"Charlotte-Concord-Gastonia, NC-SC",37,"North Carolina",119,"Mecklenburg",35.2401000008895,-80.785683
"2146","12/21/2015","AQS",371190041,1,0.008,"ppm",7,"Garinger High School",17,100,44201,"Ozone",16740,"Charlotte-Concord-Gastonia, NC-SC",37,"North Carolina",119,"Mecklenburg",35.2401000008895,-80.785683
"2147","12/22/2015","AQS",371190041,1,0.016,"ppm",15,"Garinger High School",17,100,44201,"Ozone",16740,"Charlotte-Concord-Gastonia, NC-SC",37,"North Carolina",119,"Mecklenburg",35.2401000008895,-80.785683
"2148","12/23/2015","AQS",371190041,1,0.025,"ppm",23,"Garinger High School",17,100,44201,"Ozone",16740,"Charlotte-Concord-Gastonia, NC-SC",37,"North Carolina",119,"Mecklenburg",35.2401000008895,-80.785683
"2149","12/24/2015","AQS",371190041,1,0.022,"ppm",20,"Garinger High School",17,100,44201,"Ozone",16740,"Charlotte-Concord-Gastonia, NC-SC",37,"North Carolina",119,"Mecklenburg",35.2401000008895,-80.785683
"2150","12/25/2015","AQS",371190041,1,0.021,"ppm",19,"Garinger High School",17,100,44201,"Ozone",16740,"Charlotte-Concord-Gastonia, NC-SC",37,"North Carolina",119,"Mecklenburg",35.2401000008895,-80.785683
"2151","12/26/2015","AQS",371190041,1,0.02,"ppm",19,"Garinger High School",17,100,44201,"Ozone",16740,"Charlotte-Concord-Gastonia, NC-SC",37,"North Carolina",119,"Mecklenburg",35.2401000008895,-80.785683
"2152","12/27/2015","AQS",371190041,1,0.022,"ppm",20,"Garinger High School",17,100,44201,"Ozone",16740,"Charlotte-Concord-Gastonia, NC-SC",37,"North Carolina",119,"Mecklenburg",35.2401000008895,-80.785683
"2153","12/28/2015","AQS",371190041,1,0.022,"ppm",20,"Garinger High School",17,100,44201,"Ozone",16740,"Charlotte-Concord-Gastonia, NC-SC",37,"North Carolina",119,"Mecklenburg",35.2401000008895,-80.785683
"2154","12/29/2015","AQS",371190041,1,0.024,"ppm",22,"Garinger High School",17,100,44201,"Ozone",16740,"Charlotte-Concord-Gastonia, NC-SC",37,"North Carolina",119,"Mecklenburg",35.2401000008895,-80.785683
"2155","12/30/2015","AQS",371190041,1,0.022,"ppm",20,"Garinger High School",17,100,44201,"Ozone",16740,"Charlotte-Concord-Gastonia, NC-SC",37,"North Carolina",119,"Mecklenburg",35.2401000008895,-80.785683
"2156","01/01/2016","AQS",371190041,1,0.025,"ppm",23,"Garinger High School",17,100,44201,"Ozone",16740,"Charlotte-Concord-Gastonia, NC-SC",37,"North Carolina",119,"Mecklenburg",35.2401000008895,-80.785683
"2157","01/02/2016","AQS",371190041,1,0.031,"ppm",29,"Garinger High School",17,100,44201,"Ozone",16740,"Charlotte-Concord-Gastonia, NC-SC",37,"North Carolina",119,"Mecklenburg",35.2401000008895,-80.785683
"2158","01/03/2016","AQS",371190041,1,0.027,"ppm",25,"Garinger High School",17,100,44201,"Ozone",16740,"Charlotte-Concord-Gastonia, NC-SC",37,"North Carolina",119,"Mecklenburg",35.2401000008895,-80.785683
"2159","01/04/2016","AQS",371190041,1,0.031,"ppm",29,"Garinger High School",17,100,44201,"Ozone",16740,"Charlotte-Concord-Gastonia, NC-SC",37,"North Carolina",119,"Mecklenburg",35.2401000008895,-80.785683
"2160","01/05/2016","AQS",371190041,1,0.032,"ppm",30,"Garinger High School",17,100,44201,"Ozone",16740,"Charlotte-Concord-Gastonia, NC-SC",37,"North Carolina",119,"Mecklenburg",35.2401000008895,-80.785683
"2161","01/06/2016","AQS",371190041,1,0.03,"ppm",28,"Garinger High School",17,100,44201,"Ozone",16740,"Charlotte-Concord-Gastonia, NC-SC",37,"North Carolina",119,"Mecklenburg",35.2401000008895,-80.785683
"2162","01/07/2016","AQS",371190041,1,0.021,"ppm",19,"Garinger High School",17,100,44201,"Ozone",16740,"Charlotte-Concord-Gastonia, NC-SC",37,"North Carolina",119,"Mecklenburg",35.2401000008895,-80.785683
"2163","01/08/2016","AQS",371190041,1,0.009,"ppm",8,"Garinger High School",17,100,44201,"Ozone",16740,"Charlotte-Concord-Gastonia, NC-SC",37,"North Carolina",119,"Mecklenburg",35.2401000008895,-80.785683
"2164","01/09/2016","AQS",371190041,1,0.013,"ppm",12,"Garinger High School",17,100,44201,"Ozone",16740,"Charlotte-Concord-Gastonia, NC-SC",37,"North Carolina",119,"Mecklenburg",35.2401000008895,-80.785683
"2165","01/10/2016","AQS",371190041,1,0.026,"ppm",24,"Garinger High School",17,100,44201,"Ozone",16740,"Charlotte-Concord-Gastonia, NC-SC",37,"North Carolina",119,"Mecklenburg",35.2401000008895,-80.785683
"2166","01/11/2016","AQS",371190041,1,0.028,"ppm",26,"Garinger High School",17,100,44201,"Ozone",16740,"Charlotte-Concord-Gastonia, NC-SC",37,"North Carolina",119,"Mecklenburg",35.2401000008895,-80.785683
"2167","01/12/2016","AQS",371190041,1,0.035,"ppm",32,"Garinger High School",17,100,44201,"Ozone",16740,"Charlotte-Concord-Gastonia, NC-SC",37,"North Carolina",119,"Mecklenburg",35.2401000008895,-80.785683
"2168","01/13/2016","AQS",371190041,1,0.034,"ppm",31,"Garinger High School",17,100,44201,"Ozone",16740,"Charlotte-Concord-Gastonia, NC-SC",37,"North Carolina",119,"Mecklenburg",35.2401000008895,-80.785683
"2169","01/14/2016","AQS",371190041,1,0.037,"ppm",34,"Garinger High School",17,100,44201,"Ozone",16740,"Charlotte-Concord-Gastonia, NC-SC",37,"North Carolina",119,"Mecklenburg",35.2401000008895,-80.785683
"2170","01/15/2016","AQS",371190041,1,0.024,"ppm",22,"Garinger High School",17,100,44201,"Ozone",16740,"Charlotte-Concord-Gastonia, NC-SC",37,"North Carolina",119,"Mecklenburg",35.2401000008895,-80.785683
"2171","01/16/2016","AQS",371190041,1,0.031,"ppm",29,"Garinger High School",17,100,44201,"Ozone",16740,"Charlotte-Concord-Gastonia, NC-SC",37,"North Carolina",119,"Mecklenburg",35.2401000008895,-80.785683
"2172","01/17/2016","AQS",371190041,1,0.029,"ppm",27,"Garinger High School",17,100,44201,"Ozone",16740,"Charlotte-Concord-Gastonia, NC-SC",37,"North Carolina",119,"Mecklenburg",35.2401000008895,-80.785683
"2173","01/18/2016","AQS",371190041,1,0.035,"ppm",32,"Garinger High School",17,100,44201,"Ozone",16740,"Charlotte-Concord-Gastonia, NC-SC",37,"North Carolina",119,"Mecklenburg",35.2401000008895,-80.785683
"2174","01/19/2016","AQS",371190041,1,0.031,"ppm",29,"Garinger High School",17,100,44201,"Ozone",16740,"Charlotte-Concord-Gastonia, NC-SC",37,"North Carolina",119,"Mecklenburg",35.2401000008895,-80.785683
"2175","01/20/2016","AQS",371190041,1,0.026,"ppm",24,"Garinger High School",17,100,44201,"Ozone",16740,"Charlotte-Concord-Gastonia, NC-SC",37,"North Carolina",119,"Mecklenburg",35.2401000008895,-80.785683
"2176","01/21/2016","AQS",371190041,1,0.03,"ppm",28,"Garinger High School",17,100,44201,"Ozone",16740,"Charlotte-Concord-Gastonia, NC-SC",37,"North Carolina",119,"Mecklenburg",35.2401000008895,-80.785683
"2177","01/22/2016","AQS",371190041,1,0.027,"ppm",25,"Garinger High School",17,100,44201,"Ozone",16740,"Charlotte-Concord-Gastonia, NC-SC",37,"North Carolina",119,"Mecklenburg",35.2401000008895,-80.785683
"2178","01/23/2016","AQS",371190041,1,0.036,"ppm",33,"Garinger High School",17,100,44201,"Ozone",16740,"Charlotte-Concord-Gastonia, NC-SC",37,"North Carolina",119,"Mecklenburg",35.2401000008895,-80.785683
"2179","01/24/2016","AQS",371190041,1,0.038,"ppm",35,"Garinger High School",17,100,44201,"Ozone",16740,"Charlotte-Concord-Gastonia, NC-SC",37,"North Carolina",119,"Mecklenburg",35.2401000008895,-80.785683
"2180","01/25/2016","AQS",371190041,1,0.037,"ppm",34,"Garinger High School",17,100,44201,"Ozone",16740,"Charlotte-Concord-Gastonia, NC-SC",37,"North Carolina",119,"Mecklenburg",35.2401000008895,-80.785683
"2181","01/26/2016","AQS",371190041,1,0.034,"ppm",31,"Garinger High School",17,100,44201,"Ozone",16740,"Charlotte-Concord-Gastonia, NC-SC",37,"North Carolina",119,"Mecklenburg",35.2401000008895,-80.785683
"2182","01/27/2016","AQS",371190041,1,0.026,"ppm",24,"Garinger High School",17,100,44201,"Ozone",16740,"Charlotte-Concord-Gastonia, NC-SC",37,"North Carolina",119,"Mecklenburg",35.2401000008895,-80.785683
"2183","01/28/2016","AQS",371190041,1,0.016,"ppm",15,"Garinger High School",17,100,44201,"Ozone",16740,"Charlotte-Concord-Gastonia, NC-SC",37,"North Carolina",119,"Mecklenburg",35.2401000008895,-80.785683
"2184","01/29/2016","AQS",371190041,1,0.037,"ppm",34,"Garinger High School",17,100,44201,"Ozone",16740,"Charlotte-Concord-Gastonia, NC-SC",37,"North Carolina",119,"Mecklenburg",35.2401000008895,-80.785683
"2185","01/30/2016","AQS",371190041,1,0.038,"ppm",35,"Garinger High School",17,100,44201,"Ozone",16740,"Charlotte-Concord-Gastonia, NC-SC",37,"North Carolina",119,"Mecklenburg",35.2401000008895,-80.785683
"2186","01/31/2016","AQS",371190041,1,0.046,"ppm",43,"Garinger High School",17,100,44201,"Ozone",16740,"Charlotte-Concord-Gastonia, NC-SC",37,"North Carolina",119,"Mecklenburg",35.2401000008895,-80.785683
"2187","02/01/2016","AQS",371190041,1,0.04,"ppm",37,"Garinger High School",17,100,44201,"Ozone",16740,"Charlotte-Concord-Gastonia, NC-SC",37,"North Carolina",119,"Mecklenburg",35.2401000008895,-80.785683
"2188","02/02/2016","AQS",371190041,1,0.033,"ppm",31,"Garinger High School",17,100,44201,"Ozone",16740,"Charlotte-Concord-Gastonia, NC-SC",37,"North Carolina",119,"Mecklenburg",35.2401000008895,-80.785683
"2189","02/03/2016","AQS",371190041,1,0.027,"ppm",25,"Garinger High School",17,100,44201,"Ozone",16740,"Charlotte-Concord-Gastonia, NC-SC",37,"North Carolina",119,"Mecklenburg",35.2401000008895,-80.785683
"2190","02/04/2016","AQS",371190041,1,0.03,"ppm",28,"Garinger High School",17,100,44201,"Ozone",16740,"Charlotte-Concord-Gastonia, NC-SC",37,"North Carolina",119,"Mecklenburg",35.2401000008895,-80.785683
"2191","02/05/2016","AQS",371190041,1,0.038,"ppm",35,"Garinger High School",17,100,44201,"Ozone",16740,"Charlotte-Concord-Gastonia, NC-SC",37,"North Carolina",119,"Mecklenburg",35.2401000008895,-80.785683
"2192","02/06/2016","AQS",371190041,1,0.038,"ppm",35,"Garinger High School",17,100,44201,"Ozone",16740,"Charlotte-Concord-Gastonia, NC-SC",37,"North Carolina",119,"Mecklenburg",35.2401000008895,-80.785683
"2193","02/07/2016","AQS",371190041,1,0.039,"ppm",36,"Garinger High School",17,100,44201,"Ozone",16740,"Charlotte-Concord-Gastonia, NC-SC",37,"North Carolina",119,"Mecklenburg",35.2401000008895,-80.785683
"2194","02/08/2016","AQS",371190041,1,0.034,"ppm",31,"Garinger High School",17,100,44201,"Ozone",16740,"Charlotte-Concord-Gastonia, NC-SC",37,"North Carolina",119,"Mecklenburg",35.2401000008895,-80.785683
"2195","02/09/2016","AQS",371190041,1,0.025,"ppm",23,"Garinger High School",17,100,44201,"Ozone",16740,"Charlotte-Concord-Gastonia, NC-SC",37,"North Carolina",119,"Mecklenburg",35.2401000008895,-80.785683
"2196","02/10/2016","AQS",371190041,1,0.032,"ppm",30,"Garinger High School",17,100,44201,"Ozone",16740,"Charlotte-Concord-Gastonia, NC-SC",37,"North Carolina",119,"Mecklenburg",35.2401000008895,-80.785683
"2197","02/11/2016","AQS",371190041,1,0.036,"ppm",33,"Garinger High School",17,100,44201,"Ozone",16740,"Charlotte-Concord-Gastonia, NC-SC",37,"North Carolina",119,"Mecklenburg",35.2401000008895,-80.785683
"2198","02/12/2016","AQS",371190041,1,0.031,"ppm",29,"Garinger High School",17,100,44201,"Ozone",16740,"Charlotte-Concord-Gastonia, NC-SC",37,"North Carolina",119,"Mecklenburg",35.2401000008895,-80.785683
"2199","02/13/2016","AQS",371190041,1,0.04,"ppm",37,"Garinger High School",17,100,44201,"Ozone",16740,"Charlotte-Concord-Gastonia, NC-SC",37,"North Carolina",119,"Mecklenburg",35.2401000008895,-80.785683
"2200","02/14/2016","AQS",371190041,1,0.037,"ppm",34,"Garinger High School",17,100,44201,"Ozone",16740,"Charlotte-Concord-Gastonia, NC-SC",37,"North Carolina",119,"Mecklenburg",35.2401000008895,-80.785683
"2201","02/16/2016","AQS",371190041,1,0.035,"ppm",32,"Garinger High School",17,100,44201,"Ozone",16740,"Charlotte-Concord-Gastonia, NC-SC",37,"North Carolina",119,"Mecklenburg",35.2401000008895,-80.785683
"2202","02/17/2016","AQS",371190041,1,0.037,"ppm",34,"Garinger High School",17,100,44201,"Ozone",16740,"Charlotte-Concord-Gastonia, NC-SC",37,"North Carolina",119,"Mecklenburg",35.2401000008895,-80.785683
"2203","02/18/2016","AQS",371190041,1,0.034,"ppm",31,"Garinger High School",17,100,44201,"Ozone",16740,"Charlotte-Concord-Gastonia, NC-SC",37,"North Carolina",119,"Mecklenburg",35.2401000008895,-80.785683
"2204","02/19/2016","AQS",371190041,1,0.043,"ppm",40,"Garinger High School",17,100,44201,"Ozone",16740,"Charlotte-Concord-Gastonia, NC-SC",37,"North Carolina",119,"Mecklenburg",35.2401000008895,-80.785683
"2205","02/20/2016","AQS",371190041,1,0.035,"ppm",32,"Garinger High School",17,100,44201,"Ozone",16740,"Charlotte-Concord-Gastonia, NC-SC",37,"North Carolina",119,"Mecklenburg",35.2401000008895,-80.785683
"2206","02/21/2016","AQS",371190041,1,0.036,"ppm",33,"Garinger High School",17,100,44201,"Ozone",16740,"Charlotte-Concord-Gastonia, NC-SC",37,"North Carolina",119,"Mecklenburg",35.2401000008895,-80.785683
"2207","02/22/2016","AQS",371190041,1,0.03,"ppm",28,"Garinger High School",17,100,44201,"Ozone",16740,"Charlotte-Concord-Gastonia, NC-SC",37,"North Carolina",119,"Mecklenburg",35.2401000008895,-80.785683
"2208","02/23/2016","AQS",371190041,1,0.024,"ppm",22,"Garinger High School",17,100,44201,"Ozone",16740,"Charlotte-Concord-Gastonia, NC-SC",37,"North Carolina",119,"Mecklenburg",35.2401000008895,-80.785683
"2209","02/24/2016","AQS",371190041,1,0.038,"ppm",35,"Garinger High School",17,100,44201,"Ozone",16740,"Charlotte-Concord-Gastonia, NC-SC",37,"North Carolina",119,"Mecklenburg",35.2401000008895,-80.785683
"2210","02/25/2016","AQS",371190041,1,0.04,"ppm",37,"Garinger High School",15,88,44201,"Ozone",16740,"Charlotte-Concord-Gastonia, NC-SC",37,"North Carolina",119,"Mecklenburg",35.2401000008895,-80.785683
"2211","02/26/2016","AQS",371190041,1,0.038,"ppm",35,"Garinger High School",17,100,44201,"Ozone",16740,"Charlotte-Concord-Gastonia, NC-SC",37,"North Carolina",119,"Mecklenburg",35.2401000008895,-80.785683
"2212","02/27/2016","AQS",371190041,1,0.04,"ppm",37,"Garinger High School",17,100,44201,"Ozone",16740,"Charlotte-Concord-Gastonia, NC-SC",37,"North Carolina",119,"Mecklenburg",35.2401000008895,-80.785683
"2213","02/28/2016","AQS",371190041,1,0.048,"ppm",44,"Garinger High School",17,100,44201,"Ozone",16740,"Charlotte-Concord-Gastonia, NC-SC",37,"North Carolina",119,"Mecklenburg",35.2401000008895,-80.785683
"2214","02/29/2016","AQS",371190041,1,0.052,"ppm",48,"Garinger High School",17,100,44201,"Ozone",16740,"Charlotte-Concord-Gastonia, NC-SC",37,"North Carolina",119,"Mecklenburg",35.2401000008895,-80.785683
"2215","03/01/2016","AQS",371190041,1,0.051,"ppm",47,"Garinger High School",13,76,44201,"Ozone",16740,"Charlotte-Concord-Gastonia, NC-SC",37,"North Carolina",119,"Mecklenburg",35.2401000008895,-80.785683
"2216","03/02/2016","AQS",371190041,1,0.036,"ppm",33,"Garinger High School",17,100,44201,"Ozone",16740,"Charlotte-Concord-Gastonia, NC-SC",37,"North Carolina",119,"Mecklenburg",35.2401000008895,-80.785683
"2217","03/03/2016","AQS",371190041,1,0.035,"ppm",32,"Garinger High School",17,100,44201,"Ozone",16740,"Charlotte-Concord-Gastonia, NC-SC",37,"North Carolina",119,"Mecklenburg",35.2401000008895,-80.785683
"2218","03/04/2016","AQS",371190041,1,0.037,"ppm",34,"Garinger High School",14,82,44201,"Ozone",16740,"Charlotte-Concord-Gastonia, NC-SC",37,"North Carolina",119,"Mecklenburg",35.2401000008895,-80.785683
"2219","03/05/2016","AQS",371190041,1,0.041,"ppm",38,"Garinger High School",17,100,44201,"Ozone",16740,"Charlotte-Concord-Gastonia, NC-SC",37,"North Carolina",119,"Mecklenburg",35.2401000008895,-80.785683
"2220","03/06/2016","AQS",371190041,1,0.04,"ppm",37,"Garinger High School",17,100,44201,"Ozone",16740,"Charlotte-Concord-Gastonia, NC-SC",37,"North Carolina",119,"Mecklenburg",35.2401000008895,-80.785683
"2221","03/07/2016","AQS",371190041,1,0.046,"ppm",43,"Garinger High School",17,100,44201,"Ozone",16740,"Charlotte-Concord-Gastonia, NC-SC",37,"North Carolina",119,"Mecklenburg",35.2401000008895,-80.785683
"2222","03/08/2016","AQS",371190041,1,0.052,"ppm",48,"Garinger High School",17,100,44201,"Ozone",16740,"Charlotte-Concord-Gastonia, NC-SC",37,"North Carolina",119,"Mecklenburg",35.2401000008895,-80.785683
"2223","03/10/2016","AQS",371190041,1,0.044,"ppm",41,"Garinger High School",17,100,44201,"Ozone",16740,"Charlotte-Concord-Gastonia, NC-SC",37,"North Carolina",119,"Mecklenburg",35.2401000008895,-80.785683
"2224","03/11/2016","AQS",371190041,1,0.043,"ppm",40,"Garinger High School",17,100,44201,"Ozone",16740,"Charlotte-Concord-Gastonia, NC-SC",37,"North Carolina",119,"Mecklenburg",35.2401000008895,-80.785683
"2225","03/12/2016","AQS",371190041,1,0.046,"ppm",43,"Garinger High School",17,100,44201,"Ozone",16740,"Charlotte-Concord-Gastonia, NC-SC",37,"North Carolina",119,"Mecklenburg",35.2401000008895,-80.785683
"2226","03/13/2016","AQS",371190041,1,0.035,"ppm",32,"Garinger High School",17,100,44201,"Ozone",16740,"Charlotte-Concord-Gastonia, NC-SC",37,"North Carolina",119,"Mecklenburg",35.2401000008895,-80.785683
"2227","03/15/2016","AQS",371190041,1,0.052,"ppm",48,"Garinger High School",14,82,44201,"Ozone",16740,"Charlotte-Concord-Gastonia, NC-SC",37,"North Carolina",119,"Mecklenburg",35.2401000008895,-80.785683
"2228","03/16/2016","AQS",371190041,1,0.051,"ppm",47,"Garinger High School",17,100,44201,"Ozone",16740,"Charlotte-Concord-Gastonia, NC-SC",37,"North Carolina",119,"Mecklenburg",35.2401000008895,-80.785683
"2229","03/17/2016","AQS",371190041,1,0.055,"ppm",51,"Garinger High School",17,100,44201,"Ozone",16740,"Charlotte-Concord-Gastonia, NC-SC",37,"North Carolina",119,"Mecklenburg",35.2401000008895,-80.785683
"2230","03/18/2016","AQS",371190041,1,0.055,"ppm",51,"Garinger High School",17,100,44201,"Ozone",16740,"Charlotte-Concord-Gastonia, NC-SC",37,"North Carolina",119,"Mecklenburg",35.2401000008895,-80.785683
"2231","03/19/2016","AQS",371190041,1,0.041,"ppm",38,"Garinger High School",17,100,44201,"Ozone",16740,"Charlotte-Concord-Gastonia, NC-SC",37,"North Carolina",119,"Mecklenburg",35.2401000008895,-80.785683
"2232","03/20/2016","AQS",371190041,1,0.029,"ppm",27,"Garinger High School",17,100,44201,"Ozone",16740,"Charlotte-Concord-Gastonia, NC-SC",37,"North Carolina",119,"Mecklenburg",35.2401000008895,-80.785683
"2233","03/21/2016","AQS",371190041,1,0.046,"ppm",43,"Garinger High School",17,100,44201,"Ozone",16740,"Charlotte-Concord-Gastonia, NC-SC",37,"North Carolina",119,"Mecklenburg",35.2401000008895,-80.785683
"2234","03/22/2016","AQS",371190041,1,0.048,"ppm",44,"Garinger High School",17,100,44201,"Ozone",16740,"Charlotte-Concord-Gastonia, NC-SC",37,"North Carolina",119,"Mecklenburg",35.2401000008895,-80.785683
"2235","03/23/2016","AQS",371190041,1,0.049,"ppm",45,"Garinger High School",17,100,44201,"Ozone",16740,"Charlotte-Concord-Gastonia, NC-SC",37,"North Carolina",119,"Mecklenburg",35.2401000008895,-80.785683
"2236","03/24/2016","AQS",371190041,1,0.054,"ppm",50,"Garinger High School",17,100,44201,"Ozone",16740,"Charlotte-Concord-Gastonia, NC-SC",37,"North Carolina",119,"Mecklenburg",35.2401000008895,-80.785683
"2237","03/25/2016","AQS",371190041,1,0.043,"ppm",40,"Garinger High School",17,100,44201,"Ozone",16740,"Charlotte-Concord-Gastonia, NC-SC",37,"North Carolina",119,"Mecklenburg",35.2401000008895,-80.785683
"2238","03/26/2016","AQS",371190041,1,0.034,"ppm",31,"Garinger High School",17,100,44201,"Ozone",16740,"Charlotte-Concord-Gastonia, NC-SC",37,"North Carolina",119,"Mecklenburg",35.2401000008895,-80.785683
"2239","03/27/2016","AQS",371190041,1,0.016,"ppm",15,"Garinger High School",17,100,44201,"Ozone",16740,"Charlotte-Concord-Gastonia, NC-SC",37,"North Carolina",119,"Mecklenburg",35.2401000008895,-80.785683
"2240","03/28/2016","AQS",371190041,1,0.046,"ppm",43,"Garinger High School",17,100,44201,"Ozone",16740,"Charlotte-Concord-Gastonia, NC-SC",37,"North Carolina",119,"Mecklenburg",35.2401000008895,-80.785683
"2241","03/29/2016","AQS",371190041,1,0.048,"ppm",44,"Garinger High School",17,100,44201,"Ozone",16740,"Charlotte-Concord-Gastonia, NC-SC",37,"North Carolina",119,"Mecklenburg",35.2401000008895,-80.785683
"2242","03/30/2016","AQS",371190041,1,0.052,"ppm",48,"Garinger High School",17,100,44201,"Ozone",16740,"Charlotte-Concord-Gastonia, NC-SC",37,"North Carolina",119,"Mecklenburg",35.2401000008895,-80.785683
"2243","03/31/2016","AQS",371190041,1,0.043,"ppm",40,"Garinger High School",17,100,44201,"Ozone",16740,"Charlotte-Concord-Gastonia, NC-SC",37,"North Carolina",119,"Mecklenburg",35.2401000008895,-80.785683
"2244","04/01/2016","AQS",371190041,1,0.033,"ppm",31,"Garinger High School",15,88,44201,"Ozone",16740,"Charlotte-Concord-Gastonia, NC-SC",37,"North Carolina",119,"Mecklenburg",35.2401000008895,-80.785683
"2245","04/02/2016","AQS",371190041,1,0.045,"ppm",42,"Garinger High School",17,100,44201,"Ozone",16740,"Charlotte-Concord-Gastonia, NC-SC",37,"North Carolina",119,"Mecklenburg",35.2401000008895,-80.785683
"2246","04/03/2016","AQS",371190041,1,0.049,"ppm",45,"Garinger High School",17,100,44201,"Ozone",16740,"Charlotte-Concord-Gastonia, NC-SC",37,"North Carolina",119,"Mecklenburg",35.2401000008895,-80.785683
"2247","04/04/2016","AQS",371190041,1,0.048,"ppm",44,"Garinger High School",17,100,44201,"Ozone",16740,"Charlotte-Concord-Gastonia, NC-SC",37,"North Carolina",119,"Mecklenburg",35.2401000008895,-80.785683
"2248","04/05/2016","AQS",371190041,1,0.047,"ppm",44,"Garinger High School",17,100,44201,"Ozone",16740,"Charlotte-Concord-Gastonia, NC-SC",37,"North Carolina",119,"Mecklenburg",35.2401000008895,-80.785683
"2249","04/06/2016","AQS",371190041,1,0.048,"ppm",44,"Garinger High School",17,100,44201,"Ozone",16740,"Charlotte-Concord-Gastonia, NC-SC",37,"North Carolina",119,"Mecklenburg",35.2401000008895,-80.785683
"2250","04/07/2016","AQS",371190041,1,0.041,"ppm",38,"Garinger High School",17,100,44201,"Ozone",16740,"Charlotte-Concord-Gastonia, NC-SC",37,"North Carolina",119,"Mecklenburg",35.2401000008895,-80.785683
"2251","04/08/2016","AQS",371190041,1,0.039,"ppm",36,"Garinger High School",17,100,44201,"Ozone",16740,"Charlotte-Concord-Gastonia, NC-SC",37,"North Carolina",119,"Mecklenburg",35.2401000008895,-80.785683
"2252","04/09/2016","AQS",371190041,1,0.046,"ppm",43,"Garinger High School",17,100,44201,"Ozone",16740,"Charlotte-Concord-Gastonia, NC-SC",37,"North Carolina",119,"Mecklenburg",35.2401000008895,-80.785683
"2253","04/10/2016","AQS",371190041,1,0.047,"ppm",44,"Garinger High School",17,100,44201,"Ozone",16740,"Charlotte-Concord-Gastonia, NC-SC",37,"North Carolina",119,"Mecklenburg",35.2401000008895,-80.785683
"2254","04/11/2016","AQS",371190041,1,0.048,"ppm",44,"Garinger High School",17,100,44201,"Ozone",16740,"Charlotte-Concord-Gastonia, NC-SC",37,"North Carolina",119,"Mecklenburg",35.2401000008895,-80.785683
"2255","04/12/2016","AQS",371190041,1,0.037,"ppm",34,"Garinger High School",17,100,44201,"Ozone",16740,"Charlotte-Concord-Gastonia, NC-SC",37,"North Carolina",119,"Mecklenburg",35.2401000008895,-80.785683
"2256","04/13/2016","AQS",371190041,1,0.05,"ppm",46,"Garinger High School",17,100,44201,"Ozone",16740,"Charlotte-Concord-Gastonia, NC-SC",37,"North Carolina",119,"Mecklenburg",35.2401000008895,-80.785683
"2257","04/14/2016","AQS",371190041,1,0.054,"ppm",50,"Garinger High School",17,100,44201,"Ozone",16740,"Charlotte-Concord-Gastonia, NC-SC",37,"North Carolina",119,"Mecklenburg",35.2401000008895,-80.785683
"2258","04/15/2016","AQS",371190041,1,0.051,"ppm",47,"Garinger High School",17,100,44201,"Ozone",16740,"Charlotte-Concord-Gastonia, NC-SC",37,"North Carolina",119,"Mecklenburg",35.2401000008895,-80.785683
"2259","04/16/2016","AQS",371190041,1,0.05,"ppm",46,"Garinger High School",17,100,44201,"Ozone",16740,"Charlotte-Concord-Gastonia, NC-SC",37,"North Carolina",119,"Mecklenburg",35.2401000008895,-80.785683
"2260","04/17/2016","AQS",371190041,1,0.061,"ppm",71,"Garinger High School",17,100,44201,"Ozone",16740,"Charlotte-Concord-Gastonia, NC-SC",37,"North Carolina",119,"Mecklenburg",35.2401000008895,-80.785683
"2261","04/18/2016","AQS",371190041,1,0.068,"ppm",93,"Garinger High School",17,100,44201,"Ozone",16740,"Charlotte-Concord-Gastonia, NC-SC",37,"North Carolina",119,"Mecklenburg",35.2401000008895,-80.785683
"2262","04/19/2016","AQS",371190041,1,0.07,"ppm",100,"Garinger High School",17,100,44201,"Ozone",16740,"Charlotte-Concord-Gastonia, NC-SC",37,"North Carolina",119,"Mecklenburg",35.2401000008895,-80.785683
"2263","04/20/2016","AQS",371190041,1,0.065,"ppm",84,"Garinger High School",17,100,44201,"Ozone",16740,"Charlotte-Concord-Gastonia, NC-SC",37,"North Carolina",119,"Mecklenburg",35.2401000008895,-80.785683
"2264","04/21/2016","AQS",371190041,1,0.058,"ppm",61,"Garinger High School",17,100,44201,"Ozone",16740,"Charlotte-Concord-Gastonia, NC-SC",37,"North Carolina",119,"Mecklenburg",35.2401000008895,-80.785683
"2265","04/22/2016","AQS",371190041,1,0.039,"ppm",36,"Garinger High School",17,100,44201,"Ozone",16740,"Charlotte-Concord-Gastonia, NC-SC",37,"North Carolina",119,"Mecklenburg",35.2401000008895,-80.785683
"2266","04/23/2016","AQS",371190041,1,0.051,"ppm",47,"Garinger High School",17,100,44201,"Ozone",16740,"Charlotte-Concord-Gastonia, NC-SC",37,"North Carolina",119,"Mecklenburg",35.2401000008895,-80.785683
"2267","04/24/2016","AQS",371190041,1,0.055,"ppm",51,"Garinger High School",17,100,44201,"Ozone",16740,"Charlotte-Concord-Gastonia, NC-SC",37,"North Carolina",119,"Mecklenburg",35.2401000008895,-80.785683
"2268","04/25/2016","AQS",371190041,1,0.052,"ppm",48,"Garinger High School",17,100,44201,"Ozone",16740,"Charlotte-Concord-Gastonia, NC-SC",37,"North Carolina",119,"Mecklenburg",35.2401000008895,-80.785683
"2269","04/26/2016","AQS",371190041,1,0.054,"ppm",50,"Garinger High School",17,100,44201,"Ozone",16740,"Charlotte-Concord-Gastonia, NC-SC",37,"North Carolina",119,"Mecklenburg",35.2401000008895,-80.785683
"2270","04/27/2016","AQS",371190041,1,0.049,"ppm",45,"Garinger High School",17,100,44201,"Ozone",16740,"Charlotte-Concord-Gastonia, NC-SC",37,"North Carolina",119,"Mecklenburg",35.2401000008895,-80.785683
"2271","04/28/2016","AQS",371190041,1,0.045,"ppm",42,"Garinger High School",17,100,44201,"Ozone",16740,"Charlotte-Concord-Gastonia, NC-SC",37,"North Carolina",119,"Mecklenburg",35.2401000008895,-80.785683
"2272","04/29/2016","AQS",371190041,1,0.06,"ppm",67,"Garinger High School",17,100,44201,"Ozone",16740,"Charlotte-Concord-Gastonia, NC-SC",37,"North Carolina",119,"Mecklenburg",35.2401000008895,-80.785683
"2273","04/30/2016","AQS",371190041,1,0.037,"ppm",34,"Garinger High School",17,100,44201,"Ozone",16740,"Charlotte-Concord-Gastonia, NC-SC",37,"North Carolina",119,"Mecklenburg",35.2401000008895,-80.785683
"2274","05/01/2016","AQS",371190041,1,0.04,"ppm",37,"Garinger High School",17,100,44201,"Ozone",16740,"Charlotte-Concord-Gastonia, NC-SC",37,"North Carolina",119,"Mecklenburg",35.2401000008895,-80.785683
"2275","05/02/2016","AQS",371190041,1,0.033,"ppm",31,"Garinger High School",17,100,44201,"Ozone",16740,"Charlotte-Concord-Gastonia, NC-SC",37,"North Carolina",119,"Mecklenburg",35.2401000008895,-80.785683
"2276","05/03/2016","AQS",371190041,1,0.036,"ppm",33,"Garinger High School",17,100,44201,"Ozone",16740,"Charlotte-Concord-Gastonia, NC-SC",37,"North Carolina",119,"Mecklenburg",35.2401000008895,-80.785683
"2277","05/04/2016","AQS",371190041,1,0.048,"ppm",44,"Garinger High School",17,100,44201,"Ozone",16740,"Charlotte-Concord-Gastonia, NC-SC",37,"North Carolina",119,"Mecklenburg",35.2401000008895,-80.785683
"2278","05/05/2016","AQS",371190041,1,0.038,"ppm",35,"Garinger High School",17,100,44201,"Ozone",16740,"Charlotte-Concord-Gastonia, NC-SC",37,"North Carolina",119,"Mecklenburg",35.2401000008895,-80.785683
"2279","05/06/2016","AQS",371190041,1,0.042,"ppm",39,"Garinger High School",17,100,44201,"Ozone",16740,"Charlotte-Concord-Gastonia, NC-SC",37,"North Carolina",119,"Mecklenburg",35.2401000008895,-80.785683
"2280","05/07/2016","AQS",371190041,1,0.055,"ppm",51,"Garinger High School",17,100,44201,"Ozone",16740,"Charlotte-Concord-Gastonia, NC-SC",37,"North Carolina",119,"Mecklenburg",35.2401000008895,-80.785683
"2281","05/08/2016","AQS",371190041,1,0.054,"ppm",50,"Garinger High School",17,100,44201,"Ozone",16740,"Charlotte-Concord-Gastonia, NC-SC",37,"North Carolina",119,"Mecklenburg",35.2401000008895,-80.785683
"2282","05/09/2016","AQS",371190041,1,0.055,"ppm",51,"Garinger High School",17,100,44201,"Ozone",16740,"Charlotte-Concord-Gastonia, NC-SC",37,"North Carolina",119,"Mecklenburg",35.2401000008895,-80.785683
"2283","05/10/2016","AQS",371190041,1,0.06,"ppm",67,"Garinger High School",17,100,44201,"Ozone",16740,"Charlotte-Concord-Gastonia, NC-SC",37,"North Carolina",119,"Mecklenburg",35.2401000008895,-80.785683
"2284","05/11/2016","AQS",371190041,1,0.046,"ppm",43,"Garinger High School",17,100,44201,"Ozone",16740,"Charlotte-Concord-Gastonia, NC-SC",37,"North Carolina",119,"Mecklenburg",35.2401000008895,-80.785683
"2285","05/12/2016","AQS",371190041,1,0.062,"ppm",74,"Garinger High School",17,100,44201,"Ozone",16740,"Charlotte-Concord-Gastonia, NC-SC",37,"North Carolina",119,"Mecklenburg",35.2401000008895,-80.785683
"2286","05/13/2016","AQS",371190041,1,0.049,"ppm",45,"Garinger High School",17,100,44201,"Ozone",16740,"Charlotte-Concord-Gastonia, NC-SC",37,"North Carolina",119,"Mecklenburg",35.2401000008895,-80.785683
"2287","05/14/2016","AQS",371190041,1,0.05,"ppm",46,"Garinger High School",17,100,44201,"Ozone",16740,"Charlotte-Concord-Gastonia, NC-SC",37,"North Carolina",119,"Mecklenburg",35.2401000008895,-80.785683
"2288","05/15/2016","AQS",371190041,1,0.045,"ppm",42,"Garinger High School",17,100,44201,"Ozone",16740,"Charlotte-Concord-Gastonia, NC-SC",37,"North Carolina",119,"Mecklenburg",35.2401000008895,-80.785683
"2289","05/16/2016","AQS",371190041,1,0.05,"ppm",46,"Garinger High School",17,100,44201,"Ozone",16740,"Charlotte-Concord-Gastonia, NC-SC",37,"North Carolina",119,"Mecklenburg",35.2401000008895,-80.785683
"2290","05/17/2016","AQS",371190041,1,0.038,"ppm",35,"Garinger High School",17,100,44201,"Ozone",16740,"Charlotte-Concord-Gastonia, NC-SC",37,"North Carolina",119,"Mecklenburg",35.2401000008895,-80.785683
"2291","05/18/2016","AQS",371190041,1,0.034,"ppm",31,"Garinger High School",17,100,44201,"Ozone",16740,"Charlotte-Concord-Gastonia, NC-SC",37,"North Carolina",119,"Mecklenburg",35.2401000008895,-80.785683
"2292","05/19/2016","AQS",371190041,1,0.025,"ppm",23,"Garinger High School",17,100,44201,"Ozone",16740,"Charlotte-Concord-Gastonia, NC-SC",37,"North Carolina",119,"Mecklenburg",35.2401000008895,-80.785683
"2293","05/20/2016","AQS",371190041,1,0.029,"ppm",27,"Garinger High School",17,100,44201,"Ozone",16740,"Charlotte-Concord-Gastonia, NC-SC",37,"North Carolina",119,"Mecklenburg",35.2401000008895,-80.785683
"2294","05/21/2016","AQS",371190041,1,0.036,"ppm",33,"Garinger High School",17,100,44201,"Ozone",16740,"Charlotte-Concord-Gastonia, NC-SC",37,"North Carolina",119,"Mecklenburg",35.2401000008895,-80.785683
"2295","05/22/2016","AQS",371190041,1,0.053,"ppm",49,"Garinger High School",17,100,44201,"Ozone",16740,"Charlotte-Concord-Gastonia, NC-SC",37,"North Carolina",119,"Mecklenburg",35.2401000008895,-80.785683
"2296","05/23/2016","AQS",371190041,1,0.047,"ppm",44,"Garinger High School",17,100,44201,"Ozone",16740,"Charlotte-Concord-Gastonia, NC-SC",37,"North Carolina",119,"Mecklenburg",35.2401000008895,-80.785683
"2297","05/24/2016","AQS",371190041,1,0.06,"ppm",67,"Garinger High School",17,100,44201,"Ozone",16740,"Charlotte-Concord-Gastonia, NC-SC",37,"North Carolina",119,"Mecklenburg",35.2401000008895,-80.785683
"2298","05/25/2016","AQS",371190041,1,0.07,"ppm",100,"Garinger High School",17,100,44201,"Ozone",16740,"Charlotte-Concord-Gastonia, NC-SC",37,"North Carolina",119,"Mecklenburg",35.2401000008895,-80.785683
"2299","05/26/2016","AQS",371190041,1,0.063,"ppm",77,"Garinger High School",17,100,44201,"Ozone",16740,"Charlotte-Concord-Gastonia, NC-SC",37,"North Carolina",119,"Mecklenburg",35.2401000008895,-80.785683
"2300","05/27/2016","AQS",371190041,1,0.058,"ppm",61,"Garinger High School",17,100,44201,"Ozone",16740,"Charlotte-Concord-Gastonia, NC-SC",37,"North Carolina",119,"Mecklenburg",35.2401000008895,-80.785683
"2301","05/28/2016","AQS",371190041,1,0.054,"ppm",50,"Garinger High School",17,100,44201,"Ozone",16740,"Charlotte-Concord-Gastonia, NC-SC",37,"North Carolina",119,"Mecklenburg",35.2401000008895,-80.785683
"2302","05/29/2016","AQS",371190041,1,0.039,"ppm",36,"Garinger High School",17,100,44201,"Ozone",16740,"Charlotte-Concord-Gastonia, NC-SC",37,"North Carolina",119,"Mecklenburg",35.2401000008895,-80.785683
"2303","05/30/2016","AQS",371190041,1,0.039,"ppm",36,"Garinger High School",17,100,44201,"Ozone",16740,"Charlotte-Concord-Gastonia, NC-SC",37,"North Carolina",119,"Mecklenburg",35.2401000008895,-80.785683
"2304","05/31/2016","AQS",371190041,1,0.046,"ppm",43,"Garinger High School",17,100,44201,"Ozone",16740,"Charlotte-Concord-Gastonia, NC-SC",37,"North Carolina",119,"Mecklenburg",35.2401000008895,-80.785683
"2305","06/01/2016","AQS",371190041,1,0.055,"ppm",51,"Garinger High School",17,100,44201,"Ozone",16740,"Charlotte-Concord-Gastonia, NC-SC",37,"North Carolina",119,"Mecklenburg",35.2401000008895,-80.785683
"2306","06/02/2016","AQS",371190041,1,0.045,"ppm",42,"Garinger High School",17,100,44201,"Ozone",16740,"Charlotte-Concord-Gastonia, NC-SC",37,"North Carolina",119,"Mecklenburg",35.2401000008895,-80.785683
"2307","06/03/2016","AQS",371190041,1,0.051,"ppm",47,"Garinger High School",17,100,44201,"Ozone",16740,"Charlotte-Concord-Gastonia, NC-SC",37,"North Carolina",119,"Mecklenburg",35.2401000008895,-80.785683
"2308","06/04/2016","AQS",371190041,1,0.047,"ppm",44,"Garinger High School",17,100,44201,"Ozone",16740,"Charlotte-Concord-Gastonia, NC-SC",37,"North Carolina",119,"Mecklenburg",35.2401000008895,-80.785683
"2309","06/05/2016","AQS",371190041,1,0.027,"ppm",25,"Garinger High School",17,100,44201,"Ozone",16740,"Charlotte-Concord-Gastonia, NC-SC",37,"North Carolina",119,"Mecklenburg",35.2401000008895,-80.785683
"2310","06/06/2016","AQS",371190041,1,0.027,"ppm",25,"Garinger High School",17,100,44201,"Ozone",16740,"Charlotte-Concord-Gastonia, NC-SC",37,"North Carolina",119,"Mecklenburg",35.2401000008895,-80.785683
"2311","06/07/2016","AQS",371190041,1,0.052,"ppm",48,"Garinger High School",17,100,44201,"Ozone",16740,"Charlotte-Concord-Gastonia, NC-SC",37,"North Carolina",119,"Mecklenburg",35.2401000008895,-80.785683
"2312","06/08/2016","AQS",371190041,1,0.056,"ppm",54,"Garinger High School",17,100,44201,"Ozone",16740,"Charlotte-Concord-Gastonia, NC-SC",37,"North Carolina",119,"Mecklenburg",35.2401000008895,-80.785683
"2313","06/09/2016","AQS",371190041,1,0.066,"ppm",87,"Garinger High School",17,100,44201,"Ozone",16740,"Charlotte-Concord-Gastonia, NC-SC",37,"North Carolina",119,"Mecklenburg",35.2401000008895,-80.785683
"2314","06/10/2016","AQS",371190041,1,0.076,"ppm",119,"Garinger High School",17,100,44201,"Ozone",16740,"Charlotte-Concord-Gastonia, NC-SC",37,"North Carolina",119,"Mecklenburg",35.2401000008895,-80.785683
"2315","06/11/2016","AQS",371190041,1,0.065,"ppm",84,"Garinger High School",17,100,44201,"Ozone",16740,"Charlotte-Concord-Gastonia, NC-SC",37,"North Carolina",119,"Mecklenburg",35.2401000008895,-80.785683
"2316","06/12/2016","AQS",371190041,1,0.054,"ppm",50,"Garinger High School",17,100,44201,"Ozone",16740,"Charlotte-Concord-Gastonia, NC-SC",37,"North Carolina",119,"Mecklenburg",35.2401000008895,-80.785683
"2317","06/13/2016","AQS",371190041,1,0.074,"ppm",112,"Garinger High School",17,100,44201,"Ozone",16740,"Charlotte-Concord-Gastonia, NC-SC",37,"North Carolina",119,"Mecklenburg",35.2401000008895,-80.785683
"2318","06/14/2016","AQS",371190041,1,0.078,"ppm",126,"Garinger High School",9,53,44201,"Ozone",16740,"Charlotte-Concord-Gastonia, NC-SC",37,"North Carolina",119,"Mecklenburg",35.2401000008895,-80.785683
"2319","06/15/2016","AQS",371190041,1,0.049,"ppm",45,"Garinger High School",17,100,44201,"Ozone",16740,"Charlotte-Concord-Gastonia, NC-SC",37,"North Carolina",119,"Mecklenburg",35.2401000008895,-80.785683
"2320","06/16/2016","AQS",371190041,1,0.058,"ppm",61,"Garinger High School",17,100,44201,"Ozone",16740,"Charlotte-Concord-Gastonia, NC-SC",37,"North Carolina",119,"Mecklenburg",35.2401000008895,-80.785683
"2321","06/17/2016","AQS",371190041,1,0.053,"ppm",49,"Garinger High School",17,100,44201,"Ozone",16740,"Charlotte-Concord-Gastonia, NC-SC",37,"North Carolina",119,"Mecklenburg",35.2401000008895,-80.785683
"2322","06/18/2016","AQS",371190041,1,0.046,"ppm",43,"Garinger High School",17,100,44201,"Ozone",16740,"Charlotte-Concord-Gastonia, NC-SC",37,"North Carolina",119,"Mecklenburg",35.2401000008895,-80.785683
"2323","06/19/2016","AQS",371190041,1,0.039,"ppm",36,"Garinger High School",17,100,44201,"Ozone",16740,"Charlotte-Concord-Gastonia, NC-SC",37,"North Carolina",119,"Mecklenburg",35.2401000008895,-80.785683
"2324","06/20/2016","AQS",371190041,1,0.063,"ppm",77,"Garinger High School",17,100,44201,"Ozone",16740,"Charlotte-Concord-Gastonia, NC-SC",37,"North Carolina",119,"Mecklenburg",35.2401000008895,-80.785683
"2325","06/21/2016","AQS",371190041,1,0.06,"ppm",67,"Garinger High School",17,100,44201,"Ozone",16740,"Charlotte-Concord-Gastonia, NC-SC",37,"North Carolina",119,"Mecklenburg",35.2401000008895,-80.785683
"2326","06/22/2016","AQS",371190041,1,0.064,"ppm",80,"Garinger High School",17,100,44201,"Ozone",16740,"Charlotte-Concord-Gastonia, NC-SC",37,"North Carolina",119,"Mecklenburg",35.2401000008895,-80.785683
"2327","06/23/2016","AQS",371190041,1,0.057,"ppm",58,"Garinger High School",17,100,44201,"Ozone",16740,"Charlotte-Concord-Gastonia, NC-SC",37,"North Carolina",119,"Mecklenburg",35.2401000008895,-80.785683
"2328","06/24/2016","AQS",371190041,1,0.063,"ppm",77,"Garinger High School",17,100,44201,"Ozone",16740,"Charlotte-Concord-Gastonia, NC-SC",37,"North Carolina",119,"Mecklenburg",35.2401000008895,-80.785683
"2329","06/25/2016","AQS",371190041,1,0.051,"ppm",47,"Garinger High School",17,100,44201,"Ozone",16740,"Charlotte-Concord-Gastonia, NC-SC",37,"North Carolina",119,"Mecklenburg",35.2401000008895,-80.785683
"2330","06/26/2016","AQS",371190041,1,0.052,"ppm",48,"Garinger High School",17,100,44201,"Ozone",16740,"Charlotte-Concord-Gastonia, NC-SC",37,"North Carolina",119,"Mecklenburg",35.2401000008895,-80.785683
"2331","06/27/2016","AQS",371190041,1,0.056,"ppm",54,"Garinger High School",17,100,44201,"Ozone",16740,"Charlotte-Concord-Gastonia, NC-SC",37,"North Carolina",119,"Mecklenburg",35.2401000008895,-80.785683
"2332","06/28/2016","AQS",371190041,1,0.047,"ppm",44,"Garinger High School",17,100,44201,"Ozone",16740,"Charlotte-Concord-Gastonia, NC-SC",37,"North Carolina",119,"Mecklenburg",35.2401000008895,-80.785683
"2333","06/29/2016","AQS",371190041,1,0.066,"ppm",87,"Garinger High School",17,100,44201,"Ozone",16740,"Charlotte-Concord-Gastonia, NC-SC",37,"North Carolina",119,"Mecklenburg",35.2401000008895,-80.785683
"2334","06/30/2016","AQS",371190041,1,0.047,"ppm",44,"Garinger High School",17,100,44201,"Ozone",16740,"Charlotte-Concord-Gastonia, NC-SC",37,"North Carolina",119,"Mecklenburg",35.2401000008895,-80.785683
"2335","07/01/2016","AQS",371190041,1,0.05,"ppm",46,"Garinger High School",17,100,44201,"Ozone",16740,"Charlotte-Concord-Gastonia, NC-SC",37,"North Carolina",119,"Mecklenburg",35.2401000008895,-80.785683
"2336","07/02/2016","AQS",371190041,1,0.063,"ppm",77,"Garinger High School",17,100,44201,"Ozone",16740,"Charlotte-Concord-Gastonia, NC-SC",37,"North Carolina",119,"Mecklenburg",35.2401000008895,-80.785683
"2337","07/03/2016","AQS",371190041,1,0.049,"ppm",45,"Garinger High School",17,100,44201,"Ozone",16740,"Charlotte-Concord-Gastonia, NC-SC",37,"North Carolina",119,"Mecklenburg",35.2401000008895,-80.785683
"2338","07/04/2016","AQS",371190041,1,0.041,"ppm",38,"Garinger High School",17,100,44201,"Ozone",16740,"Charlotte-Concord-Gastonia, NC-SC",37,"North Carolina",119,"Mecklenburg",35.2401000008895,-80.785683
"2339","07/05/2016","AQS",371190041,1,0.036,"ppm",33,"Garinger High School",17,100,44201,"Ozone",16740,"Charlotte-Concord-Gastonia, NC-SC",37,"North Carolina",119,"Mecklenburg",35.2401000008895,-80.785683
"2340","07/06/2016","AQS",371190041,1,0.048,"ppm",44,"Garinger High School",17,100,44201,"Ozone",16740,"Charlotte-Concord-Gastonia, NC-SC",37,"North Carolina",119,"Mecklenburg",35.2401000008895,-80.785683
"2341","07/07/2016","AQS",371190041,1,0.035,"ppm",32,"Garinger High School",17,100,44201,"Ozone",16740,"Charlotte-Concord-Gastonia, NC-SC",37,"North Carolina",119,"Mecklenburg",35.2401000008895,-80.785683
"2342","07/09/2016","AQS",371190041,1,0.049,"ppm",45,"Garinger High School",17,100,44201,"Ozone",16740,"Charlotte-Concord-Gastonia, NC-SC",37,"North Carolina",119,"Mecklenburg",35.2401000008895,-80.785683
"2343","07/10/2016","AQS",371190041,1,0.058,"ppm",61,"Garinger High School",17,100,44201,"Ozone",16740,"Charlotte-Concord-Gastonia, NC-SC",37,"North Carolina",119,"Mecklenburg",35.2401000008895,-80.785683
"2344","07/12/2016","AQS",371190041,1,0.059,"ppm",64,"Garinger High School",17,100,44201,"Ozone",16740,"Charlotte-Concord-Gastonia, NC-SC",37,"North Carolina",119,"Mecklenburg",35.2401000008895,-80.785683
"2345","07/13/2016","AQS",371190041,1,0.047,"ppm",44,"Garinger High School",17,100,44201,"Ozone",16740,"Charlotte-Concord-Gastonia, NC-SC",37,"North Carolina",119,"Mecklenburg",35.2401000008895,-80.785683
"2346","07/14/2016","AQS",371190041,1,0.049,"ppm",45,"Garinger High School",17,100,44201,"Ozone",16740,"Charlotte-Concord-Gastonia, NC-SC",37,"North Carolina",119,"Mecklenburg",35.2401000008895,-80.785683
"2347","07/15/2016","AQS",371190041,1,0.057,"ppm",58,"Garinger High School",17,100,44201,"Ozone",16740,"Charlotte-Concord-Gastonia, NC-SC",37,"North Carolina",119,"Mecklenburg",35.2401000008895,-80.785683
"2348","07/16/2016","AQS",371190041,1,0.039,"ppm",36,"Garinger High School",17,100,44201,"Ozone",16740,"Charlotte-Concord-Gastonia, NC-SC",37,"North Carolina",119,"Mecklenburg",35.2401000008895,-80.785683
"2349","07/17/2016","AQS",371190041,1,0.046,"ppm",43,"Garinger High School",17,100,44201,"Ozone",16740,"Charlotte-Concord-Gastonia, NC-SC",37,"North Carolina",119,"Mecklenburg",35.2401000008895,-80.785683
"2350","07/18/2016","AQS",371190041,1,0.049,"ppm",45,"Garinger High School",17,100,44201,"Ozone",16740,"Charlotte-Concord-Gastonia, NC-SC",37,"North Carolina",119,"Mecklenburg",35.2401000008895,-80.785683
"2351","07/19/2016","AQS",371190041,1,0.06,"ppm",67,"Garinger High School",14,82,44201,"Ozone",16740,"Charlotte-Concord-Gastonia, NC-SC",37,"North Carolina",119,"Mecklenburg",35.2401000008895,-80.785683
"2352","07/20/2016","AQS",371190041,1,0.057,"ppm",58,"Garinger High School",17,100,44201,"Ozone",16740,"Charlotte-Concord-Gastonia, NC-SC",37,"North Carolina",119,"Mecklenburg",35.2401000008895,-80.785683
"2353","07/21/2016","AQS",371190041,1,0.051,"ppm",47,"Garinger High School",17,100,44201,"Ozone",16740,"Charlotte-Concord-Gastonia, NC-SC",37,"North Carolina",119,"Mecklenburg",35.2401000008895,-80.785683
"2354","07/22/2016","AQS",371190041,1,0.054,"ppm",50,"Garinger High School",17,100,44201,"Ozone",16740,"Charlotte-Concord-Gastonia, NC-SC",37,"North Carolina",119,"Mecklenburg",35.2401000008895,-80.785683
"2355","07/24/2016","AQS",371190041,1,0.054,"ppm",50,"Garinger High School",17,100,44201,"Ozone",16740,"Charlotte-Concord-Gastonia, NC-SC",37,"North Carolina",119,"Mecklenburg",35.2401000008895,-80.785683
"2356","07/25/2016","AQS",371190041,1,0.053,"ppm",49,"Garinger High School",17,100,44201,"Ozone",16740,"Charlotte-Concord-Gastonia, NC-SC",37,"North Carolina",119,"Mecklenburg",35.2401000008895,-80.785683
"2357","07/26/2016","AQS",371190041,1,0.062,"ppm",74,"Garinger High School",17,100,44201,"Ozone",16740,"Charlotte-Concord-Gastonia, NC-SC",37,"North Carolina",119,"Mecklenburg",35.2401000008895,-80.785683
"2358","07/27/2016","AQS",371190041,1,0.067,"ppm",90,"Garinger High School",17,100,44201,"Ozone",16740,"Charlotte-Concord-Gastonia, NC-SC",37,"North Carolina",119,"Mecklenburg",35.2401000008895,-80.785683
"2359","07/28/2016","AQS",371190041,1,0.046,"ppm",43,"Garinger High School",17,100,44201,"Ozone",16740,"Charlotte-Concord-Gastonia, NC-SC",37,"North Carolina",119,"Mecklenburg",35.2401000008895,-80.785683
"2360","07/29/2016","AQS",371190041,1,0.056,"ppm",54,"Garinger High School",17,100,44201,"Ozone",16740,"Charlotte-Concord-Gastonia, NC-SC",37,"North Carolina",119,"Mecklenburg",35.2401000008895,-80.785683
"2361","07/30/2016","AQS",371190041,1,0.046,"ppm",43,"Garinger High School",17,100,44201,"Ozone",16740,"Charlotte-Concord-Gastonia, NC-SC",37,"North Carolina",119,"Mecklenburg",35.2401000008895,-80.785683
"2362","07/31/2016","AQS",371190041,1,0.05,"ppm",46,"Garinger High School",17,100,44201,"Ozone",16740,"Charlotte-Concord-Gastonia, NC-SC",37,"North Carolina",119,"Mecklenburg",35.2401000008895,-80.785683
"2363","08/01/2016","AQS",371190041,1,0.053,"ppm",49,"Garinger High School",17,100,44201,"Ozone",16740,"Charlotte-Concord-Gastonia, NC-SC",37,"North Carolina",119,"Mecklenburg",35.2401000008895,-80.785683
"2364","08/02/2016","AQS",371190041,1,0.044,"ppm",41,"Garinger High School",17,100,44201,"Ozone",16740,"Charlotte-Concord-Gastonia, NC-SC",37,"North Carolina",119,"Mecklenburg",35.2401000008895,-80.785683
"2365","08/03/2016","AQS",371190041,1,0.036,"ppm",33,"Garinger High School",17,100,44201,"Ozone",16740,"Charlotte-Concord-Gastonia, NC-SC",37,"North Carolina",119,"Mecklenburg",35.2401000008895,-80.785683
"2366","08/04/2016","AQS",371190041,1,0.033,"ppm",31,"Garinger High School",17,100,44201,"Ozone",16740,"Charlotte-Concord-Gastonia, NC-SC",37,"North Carolina",119,"Mecklenburg",35.2401000008895,-80.785683
"2367","08/05/2016","AQS",371190041,1,0.038,"ppm",35,"Garinger High School",17,100,44201,"Ozone",16740,"Charlotte-Concord-Gastonia, NC-SC",37,"North Carolina",119,"Mecklenburg",35.2401000008895,-80.785683
"2368","08/06/2016","AQS",371190041,1,0.064,"ppm",80,"Garinger High School",17,100,44201,"Ozone",16740,"Charlotte-Concord-Gastonia, NC-SC",37,"North Carolina",119,"Mecklenburg",35.2401000008895,-80.785683
"2369","08/07/2016","AQS",371190041,1,0.043,"ppm",40,"Garinger High School",17,100,44201,"Ozone",16740,"Charlotte-Concord-Gastonia, NC-SC",37,"North Carolina",119,"Mecklenburg",35.2401000008895,-80.785683
"2370","08/08/2016","AQS",371190041,1,0.041,"ppm",38,"Garinger High School",17,100,44201,"Ozone",16740,"Charlotte-Concord-Gastonia, NC-SC",37,"North Carolina",119,"Mecklenburg",35.2401000008895,-80.785683
"2371","08/09/2016","AQS",371190041,1,0.026,"ppm",24,"Garinger High School",17,100,44201,"Ozone",16740,"Charlotte-Concord-Gastonia, NC-SC",37,"North Carolina",119,"Mecklenburg",35.2401000008895,-80.785683
"2372","08/10/2016","AQS",371190041,1,0.018,"ppm",17,"Garinger High School",17,100,44201,"Ozone",16740,"Charlotte-Concord-Gastonia, NC-SC",37,"North Carolina",119,"Mecklenburg",35.2401000008895,-80.785683
"2373","08/11/2016","AQS",371190041,1,0.022,"ppm",20,"Garinger High School",17,100,44201,"Ozone",16740,"Charlotte-Concord-Gastonia, NC-SC",37,"North Carolina",119,"Mecklenburg",35.2401000008895,-80.785683
"2374","08/12/2016","AQS",371190041,1,0.027,"ppm",25,"Garinger High School",17,100,44201,"Ozone",16740,"Charlotte-Concord-Gastonia, NC-SC",37,"North Carolina",119,"Mecklenburg",35.2401000008895,-80.785683
"2375","08/13/2016","AQS",371190041,1,0.03,"ppm",28,"Garinger High School",17,100,44201,"Ozone",16740,"Charlotte-Concord-Gastonia, NC-SC",37,"North Carolina",119,"Mecklenburg",35.2401000008895,-80.785683
"2376","08/14/2016","AQS",371190041,1,0.032,"ppm",30,"Garinger High School",17,100,44201,"Ozone",16740,"Charlotte-Concord-Gastonia, NC-SC",37,"North Carolina",119,"Mecklenburg",35.2401000008895,-80.785683
"2377","08/15/2016","AQS",371190041,1,0.04,"ppm",37,"Garinger High School",17,100,44201,"Ozone",16740,"Charlotte-Concord-Gastonia, NC-SC",37,"North Carolina",119,"Mecklenburg",35.2401000008895,-80.785683
"2378","08/16/2016","AQS",371190041,1,0.03,"ppm",28,"Garinger High School",17,100,44201,"Ozone",16740,"Charlotte-Concord-Gastonia, NC-SC",37,"North Carolina",119,"Mecklenburg",35.2401000008895,-80.785683
"2379","08/17/2016","AQS",371190041,1,0.035,"ppm",32,"Garinger High School",17,100,44201,"Ozone",16740,"Charlotte-Concord-Gastonia, NC-SC",37,"North Carolina",119,"Mecklenburg",35.2401000008895,-80.785683
"2380","08/18/2016","AQS",371190041,1,0.052,"ppm",48,"Garinger High School",17,100,44201,"Ozone",16740,"Charlotte-Concord-Gastonia, NC-SC",37,"North Carolina",119,"Mecklenburg",35.2401000008895,-80.785683
"2381","08/19/2016","AQS",371190041,1,0.04,"ppm",37,"Garinger High School",17,100,44201,"Ozone",16740,"Charlotte-Concord-Gastonia, NC-SC",37,"North Carolina",119,"Mecklenburg",35.2401000008895,-80.785683
"2382","08/20/2016","AQS",371190041,1,0.042,"ppm",39,"Garinger High School",17,100,44201,"Ozone",16740,"Charlotte-Concord-Gastonia, NC-SC",37,"North Carolina",119,"Mecklenburg",35.2401000008895,-80.785683
"2383","08/21/2016","AQS",371190041,1,0.027,"ppm",25,"Garinger High School",17,100,44201,"Ozone",16740,"Charlotte-Concord-Gastonia, NC-SC",37,"North Carolina",119,"Mecklenburg",35.2401000008895,-80.785683
"2384","08/22/2016","AQS",371190041,1,0.049,"ppm",45,"Garinger High School",17,100,44201,"Ozone",16740,"Charlotte-Concord-Gastonia, NC-SC",37,"North Carolina",119,"Mecklenburg",35.2401000008895,-80.785683
"2385","08/23/2016","AQS",371190041,1,0.05,"ppm",46,"Garinger High School",17,100,44201,"Ozone",16740,"Charlotte-Concord-Gastonia, NC-SC",37,"North Carolina",119,"Mecklenburg",35.2401000008895,-80.785683
"2386","08/24/2016","AQS",371190041,1,0.064,"ppm",80,"Garinger High School",17,100,44201,"Ozone",16740,"Charlotte-Concord-Gastonia, NC-SC",37,"North Carolina",119,"Mecklenburg",35.2401000008895,-80.785683
"2387","08/25/2016","AQS",371190041,1,0.066,"ppm",87,"Garinger High School",17,100,44201,"Ozone",16740,"Charlotte-Concord-Gastonia, NC-SC",37,"North Carolina",119,"Mecklenburg",35.2401000008895,-80.785683
"2388","08/26/2016","AQS",371190041,1,0.048,"ppm",44,"Garinger High School",17,100,44201,"Ozone",16740,"Charlotte-Concord-Gastonia, NC-SC",37,"North Carolina",119,"Mecklenburg",35.2401000008895,-80.785683
"2389","08/27/2016","AQS",371190041,1,0.052,"ppm",48,"Garinger High School",17,100,44201,"Ozone",16740,"Charlotte-Concord-Gastonia, NC-SC",37,"North Carolina",119,"Mecklenburg",35.2401000008895,-80.785683
"2390","08/28/2016","AQS",371190041,1,0.052,"ppm",48,"Garinger High School",17,100,44201,"Ozone",16740,"Charlotte-Concord-Gastonia, NC-SC",37,"North Carolina",119,"Mecklenburg",35.2401000008895,-80.785683
"2391","08/29/2016","AQS",371190041,1,0.058,"ppm",61,"Garinger High School",17,100,44201,"Ozone",16740,"Charlotte-Concord-Gastonia, NC-SC",37,"North Carolina",119,"Mecklenburg",35.2401000008895,-80.785683
"2392","08/30/2016","AQS",371190041,1,0.055,"ppm",51,"Garinger High School",17,100,44201,"Ozone",16740,"Charlotte-Concord-Gastonia, NC-SC",37,"North Carolina",119,"Mecklenburg",35.2401000008895,-80.785683
"2393","08/31/2016","AQS",371190041,1,0.045,"ppm",42,"Garinger High School",17,100,44201,"Ozone",16740,"Charlotte-Concord-Gastonia, NC-SC",37,"North Carolina",119,"Mecklenburg",35.2401000008895,-80.785683
"2394","09/01/2016","AQS",371190041,1,0.048,"ppm",44,"Garinger High School",17,100,44201,"Ozone",16740,"Charlotte-Concord-Gastonia, NC-SC",37,"North Carolina",119,"Mecklenburg",35.2401000008895,-80.785683
"2395","09/02/2016","AQS",371190041,1,0.029,"ppm",27,"Garinger High School",17,100,44201,"Ozone",16740,"Charlotte-Concord-Gastonia, NC-SC",37,"North Carolina",119,"Mecklenburg",35.2401000008895,-80.785683
"2396","09/03/2016","AQS",371190041,1,0.046,"ppm",43,"Garinger High School",17,100,44201,"Ozone",16740,"Charlotte-Concord-Gastonia, NC-SC",37,"North Carolina",119,"Mecklenburg",35.2401000008895,-80.785683
"2397","09/04/2016","AQS",371190041,1,0.048,"ppm",44,"Garinger High School",17,100,44201,"Ozone",16740,"Charlotte-Concord-Gastonia, NC-SC",37,"North Carolina",119,"Mecklenburg",35.2401000008895,-80.785683
"2398","09/05/2016","AQS",371190041,1,0.051,"ppm",47,"Garinger High School",17,100,44201,"Ozone",16740,"Charlotte-Concord-Gastonia, NC-SC",37,"North Carolina",119,"Mecklenburg",35.2401000008895,-80.785683
"2399","09/06/2016","AQS",371190041,1,0.056,"ppm",54,"Garinger High School",17,100,44201,"Ozone",16740,"Charlotte-Concord-Gastonia, NC-SC",37,"North Carolina",119,"Mecklenburg",35.2401000008895,-80.785683
"2400","09/07/2016","AQS",371190041,1,0.053,"ppm",49,"Garinger High School",17,100,44201,"Ozone",16740,"Charlotte-Concord-Gastonia, NC-SC",37,"North Carolina",119,"Mecklenburg",35.2401000008895,-80.785683
"2401","09/08/2016","AQS",371190041,1,0.064,"ppm",80,"Garinger High School",17,100,44201,"Ozone",16740,"Charlotte-Concord-Gastonia, NC-SC",37,"North Carolina",119,"Mecklenburg",35.2401000008895,-80.785683
"2402","09/09/2016","AQS",371190041,1,0.067,"ppm",90,"Garinger High School",17,100,44201,"Ozone",16740,"Charlotte-Concord-Gastonia, NC-SC",37,"North Carolina",119,"Mecklenburg",35.2401000008895,-80.785683
"2403","09/10/2016","AQS",371190041,1,0.064,"ppm",80,"Garinger High School",17,100,44201,"Ozone",16740,"Charlotte-Concord-Gastonia, NC-SC",37,"North Carolina",119,"Mecklenburg",35.2401000008895,-80.785683
"2404","09/11/2016","AQS",371190041,1,0.045,"ppm",42,"Garinger High School",17,100,44201,"Ozone",16740,"Charlotte-Concord-Gastonia, NC-SC",37,"North Carolina",119,"Mecklenburg",35.2401000008895,-80.785683
"2405","09/12/2016","AQS",371190041,1,0.038,"ppm",35,"Garinger High School",17,100,44201,"Ozone",16740,"Charlotte-Concord-Gastonia, NC-SC",37,"North Carolina",119,"Mecklenburg",35.2401000008895,-80.785683
"2406","09/13/2016","AQS",371190041,1,0.043,"ppm",40,"Garinger High School",17,100,44201,"Ozone",16740,"Charlotte-Concord-Gastonia, NC-SC",37,"North Carolina",119,"Mecklenburg",35.2401000008895,-80.785683
"2407","09/14/2016","AQS",371190041,1,0.048,"ppm",44,"Garinger High School",17,100,44201,"Ozone",16740,"Charlotte-Concord-Gastonia, NC-SC",37,"North Carolina",119,"Mecklenburg",35.2401000008895,-80.785683
"2408","09/15/2016","AQS",371190041,1,0.056,"ppm",54,"Garinger High School",17,100,44201,"Ozone",16740,"Charlotte-Concord-Gastonia, NC-SC",37,"North Carolina",119,"Mecklenburg",35.2401000008895,-80.785683
"2409","09/16/2016","AQS",371190041,1,0.05,"ppm",46,"Garinger High School",17,100,44201,"Ozone",16740,"Charlotte-Concord-Gastonia, NC-SC",37,"North Carolina",119,"Mecklenburg",35.2401000008895,-80.785683
"2410","09/17/2016","AQS",371190041,1,0.035,"ppm",32,"Garinger High School",17,100,44201,"Ozone",16740,"Charlotte-Concord-Gastonia, NC-SC",37,"North Carolina",119,"Mecklenburg",35.2401000008895,-80.785683
"2411","09/18/2016","AQS",371190041,1,0.029,"ppm",27,"Garinger High School",17,100,44201,"Ozone",16740,"Charlotte-Concord-Gastonia, NC-SC",37,"North Carolina",119,"Mecklenburg",35.2401000008895,-80.785683
"2412","09/19/2016","AQS",371190041,1,0.038,"ppm",35,"Garinger High School",17,100,44201,"Ozone",16740,"Charlotte-Concord-Gastonia, NC-SC",37,"North Carolina",119,"Mecklenburg",35.2401000008895,-80.785683
"2413","09/20/2016","AQS",371190041,1,0.043,"ppm",40,"Garinger High School",17,100,44201,"Ozone",16740,"Charlotte-Concord-Gastonia, NC-SC",37,"North Carolina",119,"Mecklenburg",35.2401000008895,-80.785683
"2414","09/21/2016","AQS",371190041,1,0.032,"ppm",30,"Garinger High School",17,100,44201,"Ozone",16740,"Charlotte-Concord-Gastonia, NC-SC",37,"North Carolina",119,"Mecklenburg",35.2401000008895,-80.785683
"2415","09/22/2016","AQS",371190041,1,0.03,"ppm",28,"Garinger High School",17,100,44201,"Ozone",16740,"Charlotte-Concord-Gastonia, NC-SC",37,"North Carolina",119,"Mecklenburg",35.2401000008895,-80.785683
"2416","09/23/2016","AQS",371190041,1,0.033,"ppm",31,"Garinger High School",17,100,44201,"Ozone",16740,"Charlotte-Concord-Gastonia, NC-SC",37,"North Carolina",119,"Mecklenburg",35.2401000008895,-80.785683
"2417","09/24/2016","AQS",371190041,1,0.065,"ppm",84,"Garinger High School",17,100,44201,"Ozone",16740,"Charlotte-Concord-Gastonia, NC-SC",37,"North Carolina",119,"Mecklenburg",35.2401000008895,-80.785683
"2418","09/25/2016","AQS",371190041,1,0.043,"ppm",40,"Garinger High School",17,100,44201,"Ozone",16740,"Charlotte-Concord-Gastonia, NC-SC",37,"North Carolina",119,"Mecklenburg",35.2401000008895,-80.785683
"2419","09/26/2016","AQS",371190041,1,0.038,"ppm",35,"Garinger High School",17,100,44201,"Ozone",16740,"Charlotte-Concord-Gastonia, NC-SC",37,"North Carolina",119,"Mecklenburg",35.2401000008895,-80.785683
"2420","09/27/2016","AQS",371190041,1,0.038,"ppm",35,"Garinger High School",17,100,44201,"Ozone",16740,"Charlotte-Concord-Gastonia, NC-SC",37,"North Carolina",119,"Mecklenburg",35.2401000008895,-80.785683
"2421","09/28/2016","AQS",371190041,1,0.046,"ppm",43,"Garinger High School",17,100,44201,"Ozone",16740,"Charlotte-Concord-Gastonia, NC-SC",37,"North Carolina",119,"Mecklenburg",35.2401000008895,-80.785683
"2422","09/29/2016","AQS",371190041,1,0.036,"ppm",33,"Garinger High School",17,100,44201,"Ozone",16740,"Charlotte-Concord-Gastonia, NC-SC",37,"North Carolina",119,"Mecklenburg",35.2401000008895,-80.785683
"2423","09/30/2016","AQS",371190041,1,0.046,"ppm",43,"Garinger High School",17,100,44201,"Ozone",16740,"Charlotte-Concord-Gastonia, NC-SC",37,"North Carolina",119,"Mecklenburg",35.2401000008895,-80.785683
"2424","10/01/2016","AQS",371190041,1,0.05,"ppm",46,"Garinger High School",17,100,44201,"Ozone",16740,"Charlotte-Concord-Gastonia, NC-SC",37,"North Carolina",119,"Mecklenburg",35.2401000008895,-80.785683
"2425","10/02/2016","AQS",371190041,1,0.055,"ppm",51,"Garinger High School",17,100,44201,"Ozone",16740,"Charlotte-Concord-Gastonia, NC-SC",37,"North Carolina",119,"Mecklenburg",35.2401000008895,-80.785683
"2426","10/03/2016","AQS",371190041,1,0.048,"ppm",44,"Garinger High School",17,100,44201,"Ozone",16740,"Charlotte-Concord-Gastonia, NC-SC",37,"North Carolina",119,"Mecklenburg",35.2401000008895,-80.785683
"2427","10/04/2016","AQS",371190041,1,0.048,"ppm",44,"Garinger High School",17,100,44201,"Ozone",16740,"Charlotte-Concord-Gastonia, NC-SC",37,"North Carolina",119,"Mecklenburg",35.2401000008895,-80.785683
"2428","10/05/2016","AQS",371190041,1,0.037,"ppm",34,"Garinger High School",17,100,44201,"Ozone",16740,"Charlotte-Concord-Gastonia, NC-SC",37,"North Carolina",119,"Mecklenburg",35.2401000008895,-80.785683
"2429","10/06/2016","AQS",371190041,1,0.04,"ppm",37,"Garinger High School",17,100,44201,"Ozone",16740,"Charlotte-Concord-Gastonia, NC-SC",37,"North Carolina",119,"Mecklenburg",35.2401000008895,-80.785683
"2430","10/07/2016","AQS",371190041,1,0.025,"ppm",23,"Garinger High School",17,100,44201,"Ozone",16740,"Charlotte-Concord-Gastonia, NC-SC",37,"North Carolina",119,"Mecklenburg",35.2401000008895,-80.785683
"2431","10/08/2016","AQS",371190041,1,0.033,"ppm",31,"Garinger High School",17,100,44201,"Ozone",16740,"Charlotte-Concord-Gastonia, NC-SC",37,"North Carolina",119,"Mecklenburg",35.2401000008895,-80.785683
"2432","10/09/2016","AQS",371190041,1,0.037,"ppm",34,"Garinger High School",17,100,44201,"Ozone",16740,"Charlotte-Concord-Gastonia, NC-SC",37,"North Carolina",119,"Mecklenburg",35.2401000008895,-80.785683
"2433","10/10/2016","AQS",371190041,1,0.04,"ppm",37,"Garinger High School",17,100,44201,"Ozone",16740,"Charlotte-Concord-Gastonia, NC-SC",37,"North Carolina",119,"Mecklenburg",35.2401000008895,-80.785683
"2434","10/11/2016","AQS",371190041,1,0.044,"ppm",41,"Garinger High School",17,100,44201,"Ozone",16740,"Charlotte-Concord-Gastonia, NC-SC",37,"North Carolina",119,"Mecklenburg",35.2401000008895,-80.785683
"2435","10/12/2016","AQS",371190041,1,0.048,"ppm",44,"Garinger High School",17,100,44201,"Ozone",16740,"Charlotte-Concord-Gastonia, NC-SC",37,"North Carolina",119,"Mecklenburg",35.2401000008895,-80.785683
"2436","10/13/2016","AQS",371190041,1,0.054,"ppm",50,"Garinger High School",17,100,44201,"Ozone",16740,"Charlotte-Concord-Gastonia, NC-SC",37,"North Carolina",119,"Mecklenburg",35.2401000008895,-80.785683
"2437","10/14/2016","AQS",371190041,1,0.037,"ppm",34,"Garinger High School",17,100,44201,"Ozone",16740,"Charlotte-Concord-Gastonia, NC-SC",37,"North Carolina",119,"Mecklenburg",35.2401000008895,-80.785683
"2438","10/15/2016","AQS",371190041,1,0.036,"ppm",33,"Garinger High School",17,100,44201,"Ozone",16740,"Charlotte-Concord-Gastonia, NC-SC",37,"North Carolina",119,"Mecklenburg",35.2401000008895,-80.785683
"2439","10/16/2016","AQS",371190041,1,0.048,"ppm",44,"Garinger High School",17,100,44201,"Ozone",16740,"Charlotte-Concord-Gastonia, NC-SC",37,"North Carolina",119,"Mecklenburg",35.2401000008895,-80.785683
"2440","10/17/2016","AQS",371190041,1,0.044,"ppm",41,"Garinger High School",17,100,44201,"Ozone",16740,"Charlotte-Concord-Gastonia, NC-SC",37,"North Carolina",119,"Mecklenburg",35.2401000008895,-80.785683
"2441","10/18/2016","AQS",371190041,1,0.036,"ppm",33,"Garinger High School",17,100,44201,"Ozone",16740,"Charlotte-Concord-Gastonia, NC-SC",37,"North Carolina",119,"Mecklenburg",35.2401000008895,-80.785683
"2442","10/19/2016","AQS",371190041,1,0.045,"ppm",42,"Garinger High School",17,100,44201,"Ozone",16740,"Charlotte-Concord-Gastonia, NC-SC",37,"North Carolina",119,"Mecklenburg",35.2401000008895,-80.785683
"2443","10/20/2016","AQS",371190041,1,0.043,"ppm",40,"Garinger High School",17,100,44201,"Ozone",16740,"Charlotte-Concord-Gastonia, NC-SC",37,"North Carolina",119,"Mecklenburg",35.2401000008895,-80.785683
"2444","10/21/2016","AQS",371190041,1,0.032,"ppm",30,"Garinger High School",17,100,44201,"Ozone",16740,"Charlotte-Concord-Gastonia, NC-SC",37,"North Carolina",119,"Mecklenburg",35.2401000008895,-80.785683
"2445","10/22/2016","AQS",371190041,1,0.032,"ppm",30,"Garinger High School",17,100,44201,"Ozone",16740,"Charlotte-Concord-Gastonia, NC-SC",37,"North Carolina",119,"Mecklenburg",35.2401000008895,-80.785683
"2446","10/23/2016","AQS",371190041,1,0.038,"ppm",35,"Garinger High School",17,100,44201,"Ozone",16740,"Charlotte-Concord-Gastonia, NC-SC",37,"North Carolina",119,"Mecklenburg",35.2401000008895,-80.785683
"2447","10/24/2016","AQS",371190041,1,0.05,"ppm",46,"Garinger High School",15,88,44201,"Ozone",16740,"Charlotte-Concord-Gastonia, NC-SC",37,"North Carolina",119,"Mecklenburg",35.2401000008895,-80.785683
"2448","10/25/2016","AQS",371190041,1,0.041,"ppm",38,"Garinger High School",17,100,44201,"Ozone",16740,"Charlotte-Concord-Gastonia, NC-SC",37,"North Carolina",119,"Mecklenburg",35.2401000008895,-80.785683
"2449","10/26/2016","AQS",371190041,1,0.041,"ppm",38,"Garinger High School",17,100,44201,"Ozone",16740,"Charlotte-Concord-Gastonia, NC-SC",37,"North Carolina",119,"Mecklenburg",35.2401000008895,-80.785683
"2450","10/27/2016","AQS",371190041,1,0.04,"ppm",37,"Garinger High School",17,100,44201,"Ozone",16740,"Charlotte-Concord-Gastonia, NC-SC",37,"North Carolina",119,"Mecklenburg",35.2401000008895,-80.785683
"2451","10/28/2016","AQS",371190041,1,0.042,"ppm",39,"Garinger High School",17,100,44201,"Ozone",16740,"Charlotte-Concord-Gastonia, NC-SC",37,"North Carolina",119,"Mecklenburg",35.2401000008895,-80.785683
"2452","10/29/2016","AQS",371190041,1,0.048,"ppm",44,"Garinger High School",17,100,44201,"Ozone",16740,"Charlotte-Concord-Gastonia, NC-SC",37,"North Carolina",119,"Mecklenburg",35.2401000008895,-80.785683
"2453","10/30/2016","AQS",371190041,1,0.05,"ppm",46,"Garinger High School",17,100,44201,"Ozone",16740,"Charlotte-Concord-Gastonia, NC-SC",37,"North Carolina",119,"Mecklenburg",35.2401000008895,-80.785683
"2454","10/31/2016","AQS",371190041,1,0.044,"ppm",41,"Garinger High School",17,100,44201,"Ozone",16740,"Charlotte-Concord-Gastonia, NC-SC",37,"North Carolina",119,"Mecklenburg",35.2401000008895,-80.785683
"2455","11/01/2016","AQS",371190041,1,0.021,"ppm",19,"Garinger High School",17,100,44201,"Ozone",16740,"Charlotte-Concord-Gastonia, NC-SC",37,"North Carolina",119,"Mecklenburg",35.2401000008895,-80.785683
"2456","11/02/2016","AQS",371190041,1,0.035,"ppm",32,"Garinger High School",17,100,44201,"Ozone",16740,"Charlotte-Concord-Gastonia, NC-SC",37,"North Carolina",119,"Mecklenburg",35.2401000008895,-80.785683
"2457","11/03/2016","AQS",371190041,1,0.04,"ppm",37,"Garinger High School",17,100,44201,"Ozone",16740,"Charlotte-Concord-Gastonia, NC-SC",37,"North Carolina",119,"Mecklenburg",35.2401000008895,-80.785683
"2458","11/04/2016","AQS",371190041,1,0.038,"ppm",35,"Garinger High School",17,100,44201,"Ozone",16740,"Charlotte-Concord-Gastonia, NC-SC",37,"North Carolina",119,"Mecklenburg",35.2401000008895,-80.785683
"2459","11/05/2016","AQS",371190041,1,0.039,"ppm",36,"Garinger High School",17,100,44201,"Ozone",16740,"Charlotte-Concord-Gastonia, NC-SC",37,"North Carolina",119,"Mecklenburg",35.2401000008895,-80.785683
"2460","11/06/2016","AQS",371190041,1,0.043,"ppm",40,"Garinger High School",17,100,44201,"Ozone",16740,"Charlotte-Concord-Gastonia, NC-SC",37,"North Carolina",119,"Mecklenburg",35.2401000008895,-80.785683
"2461","11/07/2016","AQS",371190041,1,0.039,"ppm",36,"Garinger High School",16,94,44201,"Ozone",16740,"Charlotte-Concord-Gastonia, NC-SC",37,"North Carolina",119,"Mecklenburg",35.2401000008895,-80.785683
"2462","11/08/2016","AQS",371190041,1,0.025,"ppm",23,"Garinger High School",17,100,44201,"Ozone",16740,"Charlotte-Concord-Gastonia, NC-SC",37,"North Carolina",119,"Mecklenburg",35.2401000008895,-80.785683
"2463","11/09/2016","AQS",371190041,1,0.037,"ppm",34,"Garinger High School",17,100,44201,"Ozone",16740,"Charlotte-Concord-Gastonia, NC-SC",37,"North Carolina",119,"Mecklenburg",35.2401000008895,-80.785683
"2464","11/10/2016","AQS",371190041,1,0.035,"ppm",32,"Garinger High School",17,100,44201,"Ozone",16740,"Charlotte-Concord-Gastonia, NC-SC",37,"North Carolina",119,"Mecklenburg",35.2401000008895,-80.785683
"2465","11/11/2016","AQS",371190041,1,0.036,"ppm",33,"Garinger High School",17,100,44201,"Ozone",16740,"Charlotte-Concord-Gastonia, NC-SC",37,"North Carolina",119,"Mecklenburg",35.2401000008895,-80.785683
"2466","11/12/2016","AQS",371190041,1,0.033,"ppm",31,"Garinger High School",17,100,44201,"Ozone",16740,"Charlotte-Concord-Gastonia, NC-SC",37,"North Carolina",119,"Mecklenburg",35.2401000008895,-80.785683
"2467","11/13/2016","AQS",371190041,1,0.02,"ppm",19,"Garinger High School",17,100,44201,"Ozone",16740,"Charlotte-Concord-Gastonia, NC-SC",37,"North Carolina",119,"Mecklenburg",35.2401000008895,-80.785683
"2468","11/14/2016","AQS",371190041,1,0.043,"ppm",40,"Garinger High School",17,100,44201,"Ozone",16740,"Charlotte-Concord-Gastonia, NC-SC",37,"North Carolina",119,"Mecklenburg",35.2401000008895,-80.785683
"2469","11/15/2016","AQS",371190041,1,0.033,"ppm",31,"Garinger High School",17,100,44201,"Ozone",16740,"Charlotte-Concord-Gastonia, NC-SC",37,"North Carolina",119,"Mecklenburg",35.2401000008895,-80.785683
"2470","11/16/2016","AQS",371190041,1,0.044,"ppm",41,"Garinger High School",17,100,44201,"Ozone",16740,"Charlotte-Concord-Gastonia, NC-SC",37,"North Carolina",119,"Mecklenburg",35.2401000008895,-80.785683
"2471","11/17/2016","AQS",371190041,1,0.043,"ppm",40,"Garinger High School",17,100,44201,"Ozone",16740,"Charlotte-Concord-Gastonia, NC-SC",37,"North Carolina",119,"Mecklenburg",35.2401000008895,-80.785683
"2472","11/18/2016","AQS",371190041,1,0.049,"ppm",45,"Garinger High School",17,100,44201,"Ozone",16740,"Charlotte-Concord-Gastonia, NC-SC",37,"North Carolina",119,"Mecklenburg",35.2401000008895,-80.785683
"2473","11/19/2016","AQS",371190041,1,0.039,"ppm",36,"Garinger High School",17,100,44201,"Ozone",16740,"Charlotte-Concord-Gastonia, NC-SC",37,"North Carolina",119,"Mecklenburg",35.2401000008895,-80.785683
"2474","11/20/2016","AQS",371190041,1,0.037,"ppm",34,"Garinger High School",17,100,44201,"Ozone",16740,"Charlotte-Concord-Gastonia, NC-SC",37,"North Carolina",119,"Mecklenburg",35.2401000008895,-80.785683
"2475","11/21/2016","AQS",371190041,1,0.038,"ppm",35,"Garinger High School",15,88,44201,"Ozone",16740,"Charlotte-Concord-Gastonia, NC-SC",37,"North Carolina",119,"Mecklenburg",35.2401000008895,-80.785683
"2476","11/22/2016","AQS",371190041,1,0.029,"ppm",27,"Garinger High School",17,100,44201,"Ozone",16740,"Charlotte-Concord-Gastonia, NC-SC",37,"North Carolina",119,"Mecklenburg",35.2401000008895,-80.785683
"2477","11/23/2016","AQS",371190041,1,0.035,"ppm",32,"Garinger High School",17,100,44201,"Ozone",16740,"Charlotte-Concord-Gastonia, NC-SC",37,"North Carolina",119,"Mecklenburg",35.2401000008895,-80.785683
"2478","11/24/2016","AQS",371190041,1,0.041,"ppm",38,"Garinger High School",17,100,44201,"Ozone",16740,"Charlotte-Concord-Gastonia, NC-SC",37,"North Carolina",119,"Mecklenburg",35.2401000008895,-80.785683
"2479","11/25/2016","AQS",371190041,1,0.038,"ppm",35,"Garinger High School",17,100,44201,"Ozone",16740,"Charlotte-Concord-Gastonia, NC-SC",37,"North Carolina",119,"Mecklenburg",35.2401000008895,-80.785683
"2480","11/26/2016","AQS",371190041,1,0.033,"ppm",31,"Garinger High School",17,100,44201,"Ozone",16740,"Charlotte-Concord-Gastonia, NC-SC",37,"North Carolina",119,"Mecklenburg",35.2401000008895,-80.785683
"2481","11/27/2016","AQS",371190041,1,0.031,"ppm",29,"Garinger High School",17,100,44201,"Ozone",16740,"Charlotte-Concord-Gastonia, NC-SC",37,"North Carolina",119,"Mecklenburg",35.2401000008895,-80.785683
"2482","11/28/2016","AQS",371190041,1,0.032,"ppm",30,"Garinger High School",17,100,44201,"Ozone",16740,"Charlotte-Concord-Gastonia, NC-SC",37,"North Carolina",119,"Mecklenburg",35.2401000008895,-80.785683
"2483","11/29/2016","AQS",371190041,1,0.029,"ppm",27,"Garinger High School",17,100,44201,"Ozone",16740,"Charlotte-Concord-Gastonia, NC-SC",37,"North Carolina",119,"Mecklenburg",35.2401000008895,-80.785683
"2484","11/30/2016","AQS",371190041,1,0.026,"ppm",24,"Garinger High School",17,100,44201,"Ozone",16740,"Charlotte-Concord-Gastonia, NC-SC",37,"North Carolina",119,"Mecklenburg",35.2401000008895,-80.785683
"2485","12/01/2016","AQS",371190041,1,0.031,"ppm",29,"Garinger High School",17,100,44201,"Ozone",16740,"Charlotte-Concord-Gastonia, NC-SC",37,"North Carolina",119,"Mecklenburg",35.2401000008895,-80.785683
"2486","12/02/2016","AQS",371190041,1,0.026,"ppm",24,"Garinger High School",17,100,44201,"Ozone",16740,"Charlotte-Concord-Gastonia, NC-SC",37,"North Carolina",119,"Mecklenburg",35.2401000008895,-80.785683
"2487","12/03/2016","AQS",371190041,1,0.024,"ppm",22,"Garinger High School",17,100,44201,"Ozone",16740,"Charlotte-Concord-Gastonia, NC-SC",37,"North Carolina",119,"Mecklenburg",35.2401000008895,-80.785683
"2488","12/04/2016","AQS",371190041,1,0.017,"ppm",16,"Garinger High School",17,100,44201,"Ozone",16740,"Charlotte-Concord-Gastonia, NC-SC",37,"North Carolina",119,"Mecklenburg",35.2401000008895,-80.785683
"2489","12/05/2016","AQS",371190041,1,0.024,"ppm",22,"Garinger High School",17,100,44201,"Ozone",16740,"Charlotte-Concord-Gastonia, NC-SC",37,"North Carolina",119,"Mecklenburg",35.2401000008895,-80.785683
"2490","12/06/2016","AQS",371190041,1,0.02,"ppm",19,"Garinger High School",17,100,44201,"Ozone",16740,"Charlotte-Concord-Gastonia, NC-SC",37,"North Carolina",119,"Mecklenburg",35.2401000008895,-80.785683
"2491","12/07/2016","AQS",371190041,1,0.022,"ppm",20,"Garinger High School",17,100,44201,"Ozone",16740,"Charlotte-Concord-Gastonia, NC-SC",37,"North Carolina",119,"Mecklenburg",35.2401000008895,-80.785683
"2492","12/08/2016","AQS",371190041,1,0.028,"ppm",26,"Garinger High School",17,100,44201,"Ozone",16740,"Charlotte-Concord-Gastonia, NC-SC",37,"North Carolina",119,"Mecklenburg",35.2401000008895,-80.785683
"2493","12/09/2016","AQS",371190041,1,0.027,"ppm",25,"Garinger High School",17,100,44201,"Ozone",16740,"Charlotte-Concord-Gastonia, NC-SC",37,"North Carolina",119,"Mecklenburg",35.2401000008895,-80.785683
"2494","12/10/2016","AQS",371190041,1,0.023,"ppm",21,"Garinger High School",17,100,44201,"Ozone",16740,"Charlotte-Concord-Gastonia, NC-SC",37,"North Carolina",119,"Mecklenburg",35.2401000008895,-80.785683
"2495","12/11/2016","AQS",371190041,1,0.026,"ppm",24,"Garinger High School",17,100,44201,"Ozone",16740,"Charlotte-Concord-Gastonia, NC-SC",37,"North Carolina",119,"Mecklenburg",35.2401000008895,-80.785683
"2496","12/12/2016","AQS",371190041,1,0.016,"ppm",15,"Garinger High School",17,100,44201,"Ozone",16740,"Charlotte-Concord-Gastonia, NC-SC",37,"North Carolina",119,"Mecklenburg",35.2401000008895,-80.785683
"2497","12/13/2016","AQS",371190041,1,0.018,"ppm",17,"Garinger High School",17,100,44201,"Ozone",16740,"Charlotte-Concord-Gastonia, NC-SC",37,"North Carolina",119,"Mecklenburg",35.2401000008895,-80.785683
"2498","12/14/2016","AQS",371190041,1,0.022,"ppm",20,"Garinger High School",17,100,44201,"Ozone",16740,"Charlotte-Concord-Gastonia, NC-SC",37,"North Carolina",119,"Mecklenburg",35.2401000008895,-80.785683
"2499","12/15/2016","AQS",371190041,1,0.036,"ppm",33,"Garinger High School",17,100,44201,"Ozone",16740,"Charlotte-Concord-Gastonia, NC-SC",37,"North Carolina",119,"Mecklenburg",35.2401000008895,-80.785683
"2500","12/16/2016","AQS",371190041,1,0.03,"ppm",28,"Garinger High School",17,100,44201,"Ozone",16740,"Charlotte-Concord-Gastonia, NC-SC",37,"North Carolina",119,"Mecklenburg",35.2401000008895,-80.785683
"2501","12/17/2016","AQS",371190041,1,0.014,"ppm",13,"Garinger High School",17,100,44201,"Ozone",16740,"Charlotte-Concord-Gastonia, NC-SC",37,"North Carolina",119,"Mecklenburg",35.2401000008895,-80.785683
"2502","12/18/2016","AQS",371190041,1,0.021,"ppm",19,"Garinger High School",17,100,44201,"Ozone",16740,"Charlotte-Concord-Gastonia, NC-SC",37,"North Carolina",119,"Mecklenburg",35.2401000008895,-80.785683
"2503","12/19/2016","AQS",371190041,1,0.022,"ppm",20,"Garinger High School",17,100,44201,"Ozone",16740,"Charlotte-Concord-Gastonia, NC-SC",37,"North Carolina",119,"Mecklenburg",35.2401000008895,-80.785683
"2504","12/20/2016","AQS",371190041,1,0.021,"ppm",19,"Garinger High School",17,100,44201,"Ozone",16740,"Charlotte-Concord-Gastonia, NC-SC",37,"North Carolina",119,"Mecklenburg",35.2401000008895,-80.785683
"2505","12/21/2016","AQS",371190041,1,0.02,"ppm",19,"Garinger High School",17,100,44201,"Ozone",16740,"Charlotte-Concord-Gastonia, NC-SC",37,"North Carolina",119,"Mecklenburg",35.2401000008895,-80.785683
"2506","12/22/2016","AQS",371190041,1,0.032,"ppm",30,"Garinger High School",17,100,44201,"Ozone",16740,"Charlotte-Concord-Gastonia, NC-SC",37,"North Carolina",119,"Mecklenburg",35.2401000008895,-80.785683
"2507","12/23/2016","AQS",371190041,1,0.031,"ppm",29,"Garinger High School",17,100,44201,"Ozone",16740,"Charlotte-Concord-Gastonia, NC-SC",37,"North Carolina",119,"Mecklenburg",35.2401000008895,-80.785683
"2508","12/24/2016","AQS",371190041,1,0.03,"ppm",28,"Garinger High School",17,100,44201,"Ozone",16740,"Charlotte-Concord-Gastonia, NC-SC",37,"North Carolina",119,"Mecklenburg",35.2401000008895,-80.785683
"2509","12/25/2016","AQS",371190041,1,0.029,"ppm",27,"Garinger High School",17,100,44201,"Ozone",16740,"Charlotte-Concord-Gastonia, NC-SC",37,"North Carolina",119,"Mecklenburg",35.2401000008895,-80.785683
"2510","12/26/2016","AQS",371190041,1,0.029,"ppm",27,"Garinger High School",17,100,44201,"Ozone",16740,"Charlotte-Concord-Gastonia, NC-SC",37,"North Carolina",119,"Mecklenburg",35.2401000008895,-80.785683
"2511","12/27/2016","AQS",371190041,1,0.019,"ppm",18,"Garinger High School",17,100,44201,"Ozone",16740,"Charlotte-Concord-Gastonia, NC-SC",37,"North Carolina",119,"Mecklenburg",35.2401000008895,-80.785683
"2512","12/28/2016","AQS",371190041,1,0.034,"ppm",31,"Garinger High School",17,100,44201,"Ozone",16740,"Charlotte-Concord-Gastonia, NC-SC",37,"North Carolina",119,"Mecklenburg",35.2401000008895,-80.785683
"2513","12/29/2016","AQS",371190041,1,0.037,"ppm",34,"Garinger High School",17,100,44201,"Ozone",16740,"Charlotte-Concord-Gastonia, NC-SC",37,"North Carolina",119,"Mecklenburg",35.2401000008895,-80.785683
"2514","12/30/2016","AQS",371190041,1,0.036,"ppm",33,"Garinger High School",17,100,44201,"Ozone",16740,"Charlotte-Concord-Gastonia, NC-SC",37,"North Carolina",119,"Mecklenburg",35.2401000008895,-80.785683
"2515","01/01/2017","AQS",371190041,1,0.022,"ppm",20,"Garinger High School",17,100,44201,"Ozone",16740,"Charlotte-Concord-Gastonia, NC-SC",37,"North Carolina",119,"Mecklenburg",35.2401000008895,-80.785683
"2516","01/02/2017","AQS",371190041,1,0.012,"ppm",11,"Garinger High School",17,100,44201,"Ozone",16740,"Charlotte-Concord-Gastonia, NC-SC",37,"North Carolina",119,"Mecklenburg",35.2401000008895,-80.785683
"2517","01/03/2017","AQS",371190041,1,0.013,"ppm",12,"Garinger High School",17,100,44201,"Ozone",16740,"Charlotte-Concord-Gastonia, NC-SC",37,"North Carolina",119,"Mecklenburg",35.2401000008895,-80.785683
"2518","01/04/2017","AQS",371190041,1,0.023,"ppm",21,"Garinger High School",17,100,44201,"Ozone",16740,"Charlotte-Concord-Gastonia, NC-SC",37,"North Carolina",119,"Mecklenburg",35.2401000008895,-80.785683
"2519","01/05/2017","AQS",371190041,1,0.027,"ppm",25,"Garinger High School",17,100,44201,"Ozone",16740,"Charlotte-Concord-Gastonia, NC-SC",37,"North Carolina",119,"Mecklenburg",35.2401000008895,-80.785683
"2520","01/06/2017","AQS",371190041,1,0.023,"ppm",21,"Garinger High School",17,100,44201,"Ozone",16740,"Charlotte-Concord-Gastonia, NC-SC",37,"North Carolina",119,"Mecklenburg",35.2401000008895,-80.785683
"2521","01/07/2017","AQS",371190041,1,0.035,"ppm",32,"Garinger High School",17,100,44201,"Ozone",16740,"Charlotte-Concord-Gastonia, NC-SC",37,"North Carolina",119,"Mecklenburg",35.2401000008895,-80.785683
"2522","01/08/2017","AQS",371190041,1,0.036,"ppm",33,"Garinger High School",17,100,44201,"Ozone",16740,"Charlotte-Concord-Gastonia, NC-SC",37,"North Carolina",119,"Mecklenburg",35.2401000008895,-80.785683
"2523","01/09/2017","AQS",371190041,1,0.031,"ppm",29,"Garinger High School",17,100,44201,"Ozone",16740,"Charlotte-Concord-Gastonia, NC-SC",37,"North Carolina",119,"Mecklenburg",35.2401000008895,-80.785683
"2524","01/10/2017","AQS",371190041,1,0.032,"ppm",30,"Garinger High School",17,100,44201,"Ozone",16740,"Charlotte-Concord-Gastonia, NC-SC",37,"North Carolina",119,"Mecklenburg",35.2401000008895,-80.785683
"2525","01/11/2017","AQS",371190041,1,0.024,"ppm",22,"Garinger High School",17,100,44201,"Ozone",16740,"Charlotte-Concord-Gastonia, NC-SC",37,"North Carolina",119,"Mecklenburg",35.2401000008895,-80.785683
"2526","01/12/2017","AQS",371190041,1,0.037,"ppm",34,"Garinger High School",17,100,44201,"Ozone",16740,"Charlotte-Concord-Gastonia, NC-SC",37,"North Carolina",119,"Mecklenburg",35.2401000008895,-80.785683
"2527","01/13/2017","AQS",371190041,1,0.031,"ppm",29,"Garinger High School",17,100,44201,"Ozone",16740,"Charlotte-Concord-Gastonia, NC-SC",37,"North Carolina",119,"Mecklenburg",35.2401000008895,-80.785683
"2528","01/14/2017","AQS",371190041,1,0.024,"ppm",22,"Garinger High School",17,100,44201,"Ozone",16740,"Charlotte-Concord-Gastonia, NC-SC",37,"North Carolina",119,"Mecklenburg",35.2401000008895,-80.785683
"2529","01/15/2017","AQS",371190041,1,0.026,"ppm",24,"Garinger High School",17,100,44201,"Ozone",16740,"Charlotte-Concord-Gastonia, NC-SC",37,"North Carolina",119,"Mecklenburg",35.2401000008895,-80.785683
"2530","01/16/2017","AQS",371190041,1,0.02,"ppm",19,"Garinger High School",17,100,44201,"Ozone",16740,"Charlotte-Concord-Gastonia, NC-SC",37,"North Carolina",119,"Mecklenburg",35.2401000008895,-80.785683
"2531","01/17/2017","AQS",371190041,1,0.03,"ppm",28,"Garinger High School",17,100,44201,"Ozone",16740,"Charlotte-Concord-Gastonia, NC-SC",37,"North Carolina",119,"Mecklenburg",35.2401000008895,-80.785683
"2532","01/18/2017","AQS",371190041,1,0.037,"ppm",34,"Garinger High School",17,100,44201,"Ozone",16740,"Charlotte-Concord-Gastonia, NC-SC",37,"North Carolina",119,"Mecklenburg",35.2401000008895,-80.785683
"2533","01/19/2017","AQS",371190041,1,0.031,"ppm",29,"Garinger High School",17,100,44201,"Ozone",16740,"Charlotte-Concord-Gastonia, NC-SC",37,"North Carolina",119,"Mecklenburg",35.2401000008895,-80.785683
"2534","01/20/2017","AQS",371190041,1,0.01,"ppm",9,"Garinger High School",17,100,44201,"Ozone",16740,"Charlotte-Concord-Gastonia, NC-SC",37,"North Carolina",119,"Mecklenburg",35.2401000008895,-80.785683
"2535","01/21/2017","AQS",371190041,1,0.008,"ppm",7,"Garinger High School",17,100,44201,"Ozone",16740,"Charlotte-Concord-Gastonia, NC-SC",37,"North Carolina",119,"Mecklenburg",35.2401000008895,-80.785683
"2536","01/22/2017","AQS",371190041,1,0.025,"ppm",23,"Garinger High School",17,100,44201,"Ozone",16740,"Charlotte-Concord-Gastonia, NC-SC",37,"North Carolina",119,"Mecklenburg",35.2401000008895,-80.785683
"2537","01/23/2017","AQS",371190041,1,0.033,"ppm",31,"Garinger High School",17,100,44201,"Ozone",16740,"Charlotte-Concord-Gastonia, NC-SC",37,"North Carolina",119,"Mecklenburg",35.2401000008895,-80.785683
"2538","01/24/2017","AQS",371190041,1,0.033,"ppm",31,"Garinger High School",17,100,44201,"Ozone",16740,"Charlotte-Concord-Gastonia, NC-SC",37,"North Carolina",119,"Mecklenburg",35.2401000008895,-80.785683
"2539","01/26/2017","AQS",371190041,1,0.041,"ppm",38,"Garinger High School",17,100,44201,"Ozone",16740,"Charlotte-Concord-Gastonia, NC-SC",37,"North Carolina",119,"Mecklenburg",35.2401000008895,-80.785683
"2540","01/27/2017","AQS",371190041,1,0.033,"ppm",31,"Garinger High School",17,100,44201,"Ozone",16740,"Charlotte-Concord-Gastonia, NC-SC",37,"North Carolina",119,"Mecklenburg",35.2401000008895,-80.785683
"2541","01/28/2017","AQS",371190041,1,0.04,"ppm",37,"Garinger High School",17,100,44201,"Ozone",16740,"Charlotte-Concord-Gastonia, NC-SC",37,"North Carolina",119,"Mecklenburg",35.2401000008895,-80.785683
"2542","01/29/2017","AQS",371190041,1,0.04,"ppm",37,"Garinger High School",17,100,44201,"Ozone",16740,"Charlotte-Concord-Gastonia, NC-SC",37,"North Carolina",119,"Mecklenburg",35.2401000008895,-80.785683
"2543","01/30/2017","AQS",371190041,1,0.04,"ppm",37,"Garinger High School",17,100,44201,"Ozone",16740,"Charlotte-Concord-Gastonia, NC-SC",37,"North Carolina",119,"Mecklenburg",35.2401000008895,-80.785683
"2544","01/31/2017","AQS",371190041,1,0.045,"ppm",42,"Garinger High School",17,100,44201,"Ozone",16740,"Charlotte-Concord-Gastonia, NC-SC",37,"North Carolina",119,"Mecklenburg",35.2401000008895,-80.785683
"2545","02/01/2017","AQS",371190041,1,0.051,"ppm",47,"Garinger High School",17,100,44201,"Ozone",16740,"Charlotte-Concord-Gastonia, NC-SC",37,"North Carolina",119,"Mecklenburg",35.2401000008895,-80.785683
"2546","02/02/2017","AQS",371190041,1,0.041,"ppm",38,"Garinger High School",17,100,44201,"Ozone",16740,"Charlotte-Concord-Gastonia, NC-SC",37,"North Carolina",119,"Mecklenburg",35.2401000008895,-80.785683
"2547","02/03/2017","AQS",371190041,1,0.033,"ppm",31,"Garinger High School",17,100,44201,"Ozone",16740,"Charlotte-Concord-Gastonia, NC-SC",37,"North Carolina",119,"Mecklenburg",35.2401000008895,-80.785683
"2548","02/04/2017","AQS",371190041,1,0.038,"ppm",35,"Garinger High School",17,100,44201,"Ozone",16740,"Charlotte-Concord-Gastonia, NC-SC",37,"North Carolina",119,"Mecklenburg",35.2401000008895,-80.785683
"2549","02/05/2017","AQS",371190041,1,0.043,"ppm",40,"Garinger High School",17,100,44201,"Ozone",16740,"Charlotte-Concord-Gastonia, NC-SC",37,"North Carolina",119,"Mecklenburg",35.2401000008895,-80.785683
"2550","02/06/2017","AQS",371190041,1,0.043,"ppm",40,"Garinger High School",17,100,44201,"Ozone",16740,"Charlotte-Concord-Gastonia, NC-SC",37,"North Carolina",119,"Mecklenburg",35.2401000008895,-80.785683
"2551","02/07/2017","AQS",371190041,1,0.043,"ppm",40,"Garinger High School",17,100,44201,"Ozone",16740,"Charlotte-Concord-Gastonia, NC-SC",37,"North Carolina",119,"Mecklenburg",35.2401000008895,-80.785683
"2552","02/08/2017","AQS",371190041,1,0.027,"ppm",25,"Garinger High School",17,100,44201,"Ozone",16740,"Charlotte-Concord-Gastonia, NC-SC",37,"North Carolina",119,"Mecklenburg",35.2401000008895,-80.785683
"2553","02/09/2017","AQS",371190041,1,0.04,"ppm",37,"Garinger High School",17,100,44201,"Ozone",16740,"Charlotte-Concord-Gastonia, NC-SC",37,"North Carolina",119,"Mecklenburg",35.2401000008895,-80.785683
"2554","02/11/2017","AQS",371190041,1,0.043,"ppm",40,"Garinger High School",17,100,44201,"Ozone",16740,"Charlotte-Concord-Gastonia, NC-SC",37,"North Carolina",119,"Mecklenburg",35.2401000008895,-80.785683
"2555","02/12/2017","AQS",371190041,1,0.042,"ppm",39,"Garinger High School",17,100,44201,"Ozone",16740,"Charlotte-Concord-Gastonia, NC-SC",37,"North Carolina",119,"Mecklenburg",35.2401000008895,-80.785683
"2556","02/13/2017","AQS",371190041,1,0.045,"ppm",42,"Garinger High School",17,100,44201,"Ozone",16740,"Charlotte-Concord-Gastonia, NC-SC",37,"North Carolina",119,"Mecklenburg",35.2401000008895,-80.785683
"2557","02/14/2017","AQS",371190041,1,0.049,"ppm",45,"Garinger High School",17,100,44201,"Ozone",16740,"Charlotte-Concord-Gastonia, NC-SC",37,"North Carolina",119,"Mecklenburg",35.2401000008895,-80.785683
"2558","02/15/2017","AQS",371190041,1,0.041,"ppm",38,"Garinger High School",14,82,44201,"Ozone",16740,"Charlotte-Concord-Gastonia, NC-SC",37,"North Carolina",119,"Mecklenburg",35.2401000008895,-80.785683
"2559","02/16/2017","AQS",371190041,1,0.043,"ppm",40,"Garinger High School",17,100,44201,"Ozone",16740,"Charlotte-Concord-Gastonia, NC-SC",37,"North Carolina",119,"Mecklenburg",35.2401000008895,-80.785683
"2560","02/17/2017","AQS",371190041,1,0.044,"ppm",41,"Garinger High School",17,100,44201,"Ozone",16740,"Charlotte-Concord-Gastonia, NC-SC",37,"North Carolina",119,"Mecklenburg",35.2401000008895,-80.785683
"2561","02/18/2017","AQS",371190041,1,0.043,"ppm",40,"Garinger High School",17,100,44201,"Ozone",16740,"Charlotte-Concord-Gastonia, NC-SC",37,"North Carolina",119,"Mecklenburg",35.2401000008895,-80.785683
"2562","02/19/2017","AQS",371190041,1,0.046,"ppm",43,"Garinger High School",17,100,44201,"Ozone",16740,"Charlotte-Concord-Gastonia, NC-SC",37,"North Carolina",119,"Mecklenburg",35.2401000008895,-80.785683
"2563","02/20/2017","AQS",371190041,1,0.05,"ppm",46,"Garinger High School",17,100,44201,"Ozone",16740,"Charlotte-Concord-Gastonia, NC-SC",37,"North Carolina",119,"Mecklenburg",35.2401000008895,-80.785683
"2564","02/21/2017","AQS",371190041,1,0.048,"ppm",44,"Garinger High School",17,100,44201,"Ozone",16740,"Charlotte-Concord-Gastonia, NC-SC",37,"North Carolina",119,"Mecklenburg",35.2401000008895,-80.785683
"2565","02/22/2017","AQS",371190041,1,0.031,"ppm",29,"Garinger High School",17,100,44201,"Ozone",16740,"Charlotte-Concord-Gastonia, NC-SC",37,"North Carolina",119,"Mecklenburg",35.2401000008895,-80.785683
"2566","02/23/2017","AQS",371190041,1,0.046,"ppm",43,"Garinger High School",17,100,44201,"Ozone",16740,"Charlotte-Concord-Gastonia, NC-SC",37,"North Carolina",119,"Mecklenburg",35.2401000008895,-80.785683
"2567","02/24/2017","AQS",371190041,1,0.045,"ppm",42,"Garinger High School",17,100,44201,"Ozone",16740,"Charlotte-Concord-Gastonia, NC-SC",37,"North Carolina",119,"Mecklenburg",35.2401000008895,-80.785683
"2568","02/25/2017","AQS",371190041,1,0.048,"ppm",44,"Garinger High School",17,100,44201,"Ozone",16740,"Charlotte-Concord-Gastonia, NC-SC",37,"North Carolina",119,"Mecklenburg",35.2401000008895,-80.785683
"2569","02/26/2017","AQS",371190041,1,0.044,"ppm",41,"Garinger High School",17,100,44201,"Ozone",16740,"Charlotte-Concord-Gastonia, NC-SC",37,"North Carolina",119,"Mecklenburg",35.2401000008895,-80.785683
"2570","02/27/2017","AQS",371190041,1,0.045,"ppm",42,"Garinger High School",17,100,44201,"Ozone",16740,"Charlotte-Concord-Gastonia, NC-SC",37,"North Carolina",119,"Mecklenburg",35.2401000008895,-80.785683
"2571","02/28/2017","AQS",371190041,1,0.042,"ppm",39,"Garinger High School",17,100,44201,"Ozone",16740,"Charlotte-Concord-Gastonia, NC-SC",37,"North Carolina",119,"Mecklenburg",35.2401000008895,-80.785683
"2572","03/01/2017","AQS",371190041,1,0.034,"ppm",31,"Garinger High School",17,100,44201,"Ozone",16740,"Charlotte-Concord-Gastonia, NC-SC",37,"North Carolina",119,"Mecklenburg",35.2401000008895,-80.785683
"2573","03/02/2017","AQS",371190041,1,0.043,"ppm",40,"Garinger High School",17,100,44201,"Ozone",16740,"Charlotte-Concord-Gastonia, NC-SC",37,"North Carolina",119,"Mecklenburg",35.2401000008895,-80.785683
"2574","03/03/2017","AQS",371190041,1,0.044,"ppm",41,"Garinger High School",17,100,44201,"Ozone",16740,"Charlotte-Concord-Gastonia, NC-SC",37,"North Carolina",119,"Mecklenburg",35.2401000008895,-80.785683
"2575","03/04/2017","AQS",371190041,1,0.043,"ppm",40,"Garinger High School",17,100,44201,"Ozone",16740,"Charlotte-Concord-Gastonia, NC-SC",37,"North Carolina",119,"Mecklenburg",35.2401000008895,-80.785683
"2576","03/05/2017","AQS",371190041,1,0.045,"ppm",42,"Garinger High School",17,100,44201,"Ozone",16740,"Charlotte-Concord-Gastonia, NC-SC",37,"North Carolina",119,"Mecklenburg",35.2401000008895,-80.785683
"2577","03/06/2017","AQS",371190041,1,0.043,"ppm",40,"Garinger High School",17,100,44201,"Ozone",16740,"Charlotte-Concord-Gastonia, NC-SC",37,"North Carolina",119,"Mecklenburg",35.2401000008895,-80.785683
"2578","03/07/2017","AQS",371190041,1,0.046,"ppm",43,"Garinger High School",17,100,44201,"Ozone",16740,"Charlotte-Concord-Gastonia, NC-SC",37,"North Carolina",119,"Mecklenburg",35.2401000008895,-80.785683
"2579","03/08/2017","AQS",371190041,1,0.051,"ppm",47,"Garinger High School",17,100,44201,"Ozone",16740,"Charlotte-Concord-Gastonia, NC-SC",37,"North Carolina",119,"Mecklenburg",35.2401000008895,-80.785683
"2580","03/09/2017","AQS",371190041,1,0.052,"ppm",48,"Garinger High School",17,100,44201,"Ozone",16740,"Charlotte-Concord-Gastonia, NC-SC",37,"North Carolina",119,"Mecklenburg",35.2401000008895,-80.785683
"2581","03/10/2017","AQS",371190041,1,0.048,"ppm",44,"Garinger High School",17,100,44201,"Ozone",16740,"Charlotte-Concord-Gastonia, NC-SC",37,"North Carolina",119,"Mecklenburg",35.2401000008895,-80.785683
"2582","03/11/2017","AQS",371190041,1,0.041,"ppm",38,"Garinger High School",17,100,44201,"Ozone",16740,"Charlotte-Concord-Gastonia, NC-SC",37,"North Carolina",119,"Mecklenburg",35.2401000008895,-80.785683
"2583","03/12/2017","AQS",371190041,1,0.044,"ppm",41,"Garinger High School",17,100,44201,"Ozone",16740,"Charlotte-Concord-Gastonia, NC-SC",37,"North Carolina",119,"Mecklenburg",35.2401000008895,-80.785683
"2584","03/13/2017","AQS",371190041,1,0.038,"ppm",35,"Garinger High School",17,100,44201,"Ozone",16740,"Charlotte-Concord-Gastonia, NC-SC",37,"North Carolina",119,"Mecklenburg",35.2401000008895,-80.785683
"2585","03/14/2017","AQS",371190041,1,0.039,"ppm",36,"Garinger High School",17,100,44201,"Ozone",16740,"Charlotte-Concord-Gastonia, NC-SC",37,"North Carolina",119,"Mecklenburg",35.2401000008895,-80.785683
"2586","03/15/2017","AQS",371190041,1,0.044,"ppm",41,"Garinger High School",17,100,44201,"Ozone",16740,"Charlotte-Concord-Gastonia, NC-SC",37,"North Carolina",119,"Mecklenburg",35.2401000008895,-80.785683
"2587","03/16/2017","AQS",371190041,1,0.047,"ppm",44,"Garinger High School",17,100,44201,"Ozone",16740,"Charlotte-Concord-Gastonia, NC-SC",37,"North Carolina",119,"Mecklenburg",35.2401000008895,-80.785683
"2588","03/17/2017","AQS",371190041,1,0.049,"ppm",45,"Garinger High School",17,100,44201,"Ozone",16740,"Charlotte-Concord-Gastonia, NC-SC",37,"North Carolina",119,"Mecklenburg",35.2401000008895,-80.785683
"2589","03/18/2017","AQS",371190041,1,0.046,"ppm",43,"Garinger High School",17,100,44201,"Ozone",16740,"Charlotte-Concord-Gastonia, NC-SC",37,"North Carolina",119,"Mecklenburg",35.2401000008895,-80.785683
"2590","03/19/2017","AQS",371190041,1,0.038,"ppm",35,"Garinger High School",17,100,44201,"Ozone",16740,"Charlotte-Concord-Gastonia, NC-SC",37,"North Carolina",119,"Mecklenburg",35.2401000008895,-80.785683
"2591","03/20/2017","AQS",371190041,1,0.045,"ppm",42,"Garinger High School",17,100,44201,"Ozone",16740,"Charlotte-Concord-Gastonia, NC-SC",37,"North Carolina",119,"Mecklenburg",35.2401000008895,-80.785683
"2592","03/21/2017","AQS",371190041,1,0.057,"ppm",58,"Garinger High School",17,100,44201,"Ozone",16740,"Charlotte-Concord-Gastonia, NC-SC",37,"North Carolina",119,"Mecklenburg",35.2401000008895,-80.785683
"2593","03/22/2017","AQS",371190041,1,0.048,"ppm",44,"Garinger High School",17,100,44201,"Ozone",16740,"Charlotte-Concord-Gastonia, NC-SC",37,"North Carolina",119,"Mecklenburg",35.2401000008895,-80.785683
"2594","03/23/2017","AQS",371190041,1,0.051,"ppm",47,"Garinger High School",17,100,44201,"Ozone",16740,"Charlotte-Concord-Gastonia, NC-SC",37,"North Carolina",119,"Mecklenburg",35.2401000008895,-80.785683
"2595","03/24/2017","AQS",371190041,1,0.048,"ppm",44,"Garinger High School",17,100,44201,"Ozone",16740,"Charlotte-Concord-Gastonia, NC-SC",37,"North Carolina",119,"Mecklenburg",35.2401000008895,-80.785683
"2596","03/25/2017","AQS",371190041,1,0.046,"ppm",43,"Garinger High School",17,100,44201,"Ozone",16740,"Charlotte-Concord-Gastonia, NC-SC",37,"North Carolina",119,"Mecklenburg",35.2401000008895,-80.785683
"2597","03/26/2017","AQS",371190041,1,0.04,"ppm",37,"Garinger High School",17,100,44201,"Ozone",16740,"Charlotte-Concord-Gastonia, NC-SC",37,"North Carolina",119,"Mecklenburg",35.2401000008895,-80.785683
"2598","03/27/2017","AQS",371190041,1,0.043,"ppm",40,"Garinger High School",17,100,44201,"Ozone",16740,"Charlotte-Concord-Gastonia, NC-SC",37,"North Carolina",119,"Mecklenburg",35.2401000008895,-80.785683
"2599","03/28/2017","AQS",371190041,1,0.051,"ppm",47,"Garinger High School",17,100,44201,"Ozone",16740,"Charlotte-Concord-Gastonia, NC-SC",37,"North Carolina",119,"Mecklenburg",35.2401000008895,-80.785683
"2600","03/29/2017","AQS",371190041,1,0.059,"ppm",64,"Garinger High School",17,100,44201,"Ozone",16740,"Charlotte-Concord-Gastonia, NC-SC",37,"North Carolina",119,"Mecklenburg",35.2401000008895,-80.785683
"2601","03/30/2017","AQS",371190041,1,0.04,"ppm",37,"Garinger High School",17,100,44201,"Ozone",16740,"Charlotte-Concord-Gastonia, NC-SC",37,"North Carolina",119,"Mecklenburg",35.2401000008895,-80.785683
"2602","03/31/2017","AQS",371190041,1,0.046,"ppm",43,"Garinger High School",17,100,44201,"Ozone",16740,"Charlotte-Concord-Gastonia, NC-SC",37,"North Carolina",119,"Mecklenburg",35.2401000008895,-80.785683
"2603","04/01/2017","AQS",371190041,1,0.047,"ppm",44,"Garinger High School",17,100,44201,"Ozone",16740,"Charlotte-Concord-Gastonia, NC-SC",37,"North Carolina",119,"Mecklenburg",35.2401000008895,-80.785683
"2604","04/02/2017","AQS",371190041,1,0.043,"ppm",40,"Garinger High School",17,100,44201,"Ozone",16740,"Charlotte-Concord-Gastonia, NC-SC",37,"North Carolina",119,"Mecklenburg",35.2401000008895,-80.785683
"2605","04/03/2017","AQS",371190041,1,0.038,"ppm",35,"Garinger High School",17,100,44201,"Ozone",16740,"Charlotte-Concord-Gastonia, NC-SC",37,"North Carolina",119,"Mecklenburg",35.2401000008895,-80.785683
"2606","04/05/2017","AQS",371190041,1,0.036,"ppm",33,"Garinger High School",17,100,44201,"Ozone",16740,"Charlotte-Concord-Gastonia, NC-SC",37,"North Carolina",119,"Mecklenburg",35.2401000008895,-80.785683
"2607","04/06/2017","AQS",371190041,1,0.038,"ppm",35,"Garinger High School",17,100,44201,"Ozone",16740,"Charlotte-Concord-Gastonia, NC-SC",37,"North Carolina",119,"Mecklenburg",35.2401000008895,-80.785683
"2608","04/07/2017","AQS",371190041,1,0.045,"ppm",42,"Garinger High School",17,100,44201,"Ozone",16740,"Charlotte-Concord-Gastonia, NC-SC",37,"North Carolina",119,"Mecklenburg",35.2401000008895,-80.785683
"2609","04/08/2017","AQS",371190041,1,0.055,"ppm",51,"Garinger High School",17,100,44201,"Ozone",16740,"Charlotte-Concord-Gastonia, NC-SC",37,"North Carolina",119,"Mecklenburg",35.2401000008895,-80.785683
"2610","04/09/2017","AQS",371190041,1,0.059,"ppm",64,"Garinger High School",17,100,44201,"Ozone",16740,"Charlotte-Concord-Gastonia, NC-SC",37,"North Carolina",119,"Mecklenburg",35.2401000008895,-80.785683
"2611","04/10/2017","AQS",371190041,1,0.055,"ppm",51,"Garinger High School",17,100,44201,"Ozone",16740,"Charlotte-Concord-Gastonia, NC-SC",37,"North Carolina",119,"Mecklenburg",35.2401000008895,-80.785683
"2612","04/11/2017","AQS",371190041,1,0.052,"ppm",48,"Garinger High School",17,100,44201,"Ozone",16740,"Charlotte-Concord-Gastonia, NC-SC",37,"North Carolina",119,"Mecklenburg",35.2401000008895,-80.785683
"2613","04/12/2017","AQS",371190041,1,0.057,"ppm",58,"Garinger High School",17,100,44201,"Ozone",16740,"Charlotte-Concord-Gastonia, NC-SC",37,"North Carolina",119,"Mecklenburg",35.2401000008895,-80.785683
"2614","04/13/2017","AQS",371190041,1,0.061,"ppm",71,"Garinger High School",17,100,44201,"Ozone",16740,"Charlotte-Concord-Gastonia, NC-SC",37,"North Carolina",119,"Mecklenburg",35.2401000008895,-80.785683
"2615","04/14/2017","AQS",371190041,1,0.052,"ppm",48,"Garinger High School",17,100,44201,"Ozone",16740,"Charlotte-Concord-Gastonia, NC-SC",37,"North Carolina",119,"Mecklenburg",35.2401000008895,-80.785683
"2616","04/15/2017","AQS",371190041,1,0.052,"ppm",48,"Garinger High School",17,100,44201,"Ozone",16740,"Charlotte-Concord-Gastonia, NC-SC",37,"North Carolina",119,"Mecklenburg",35.2401000008895,-80.785683
"2617","04/16/2017","AQS",371190041,1,0.047,"ppm",44,"Garinger High School",17,100,44201,"Ozone",16740,"Charlotte-Concord-Gastonia, NC-SC",37,"North Carolina",119,"Mecklenburg",35.2401000008895,-80.785683
"2618","04/17/2017","AQS",371190041,1,0.048,"ppm",44,"Garinger High School",17,100,44201,"Ozone",16740,"Charlotte-Concord-Gastonia, NC-SC",37,"North Carolina",119,"Mecklenburg",35.2401000008895,-80.785683
"2619","04/18/2017","AQS",371190041,1,0.041,"ppm",38,"Garinger High School",17,100,44201,"Ozone",16740,"Charlotte-Concord-Gastonia, NC-SC",37,"North Carolina",119,"Mecklenburg",35.2401000008895,-80.785683
"2620","04/19/2017","AQS",371190041,1,0.028,"ppm",26,"Garinger High School",17,100,44201,"Ozone",16740,"Charlotte-Concord-Gastonia, NC-SC",37,"North Carolina",119,"Mecklenburg",35.2401000008895,-80.785683
"2621","04/20/2017","AQS",371190041,1,0.041,"ppm",38,"Garinger High School",17,100,44201,"Ozone",16740,"Charlotte-Concord-Gastonia, NC-SC",37,"North Carolina",119,"Mecklenburg",35.2401000008895,-80.785683
"2622","04/21/2017","AQS",371190041,1,0.05,"ppm",46,"Garinger High School",17,100,44201,"Ozone",16740,"Charlotte-Concord-Gastonia, NC-SC",37,"North Carolina",119,"Mecklenburg",35.2401000008895,-80.785683
"2623","04/22/2017","AQS",371190041,1,0.05,"ppm",46,"Garinger High School",17,100,44201,"Ozone",16740,"Charlotte-Concord-Gastonia, NC-SC",37,"North Carolina",119,"Mecklenburg",35.2401000008895,-80.785683
"2624","04/23/2017","AQS",371190041,1,0.023,"ppm",21,"Garinger High School",17,100,44201,"Ozone",16740,"Charlotte-Concord-Gastonia, NC-SC",37,"North Carolina",119,"Mecklenburg",35.2401000008895,-80.785683
"2625","04/24/2017","AQS",371190041,1,0.02,"ppm",19,"Garinger High School",17,100,44201,"Ozone",16740,"Charlotte-Concord-Gastonia, NC-SC",37,"North Carolina",119,"Mecklenburg",35.2401000008895,-80.785683
"2626","04/25/2017","AQS",371190041,1,0.03,"ppm",28,"Garinger High School",17,100,44201,"Ozone",16740,"Charlotte-Concord-Gastonia, NC-SC",37,"North Carolina",119,"Mecklenburg",35.2401000008895,-80.785683
"2627","04/26/2017","AQS",371190041,1,0.049,"ppm",45,"Garinger High School",17,100,44201,"Ozone",16740,"Charlotte-Concord-Gastonia, NC-SC",37,"North Carolina",119,"Mecklenburg",35.2401000008895,-80.785683
"2628","04/27/2017","AQS",371190041,1,0.044,"ppm",41,"Garinger High School",17,100,44201,"Ozone",16740,"Charlotte-Concord-Gastonia, NC-SC",37,"North Carolina",119,"Mecklenburg",35.2401000008895,-80.785683
"2629","04/28/2017","AQS",371190041,1,0.039,"ppm",36,"Garinger High School",17,100,44201,"Ozone",16740,"Charlotte-Concord-Gastonia, NC-SC",37,"North Carolina",119,"Mecklenburg",35.2401000008895,-80.785683
"2630","04/29/2017","AQS",371190041,1,0.038,"ppm",35,"Garinger High School",17,100,44201,"Ozone",16740,"Charlotte-Concord-Gastonia, NC-SC",37,"North Carolina",119,"Mecklenburg",35.2401000008895,-80.785683
"2631","04/30/2017","AQS",371190041,1,0.026,"ppm",24,"Garinger High School",17,100,44201,"Ozone",16740,"Charlotte-Concord-Gastonia, NC-SC",37,"North Carolina",119,"Mecklenburg",35.2401000008895,-80.785683
"2632","05/01/2017","AQS",371190041,1,0.028,"ppm",26,"Garinger High School",17,100,44201,"Ozone",16740,"Charlotte-Concord-Gastonia, NC-SC",37,"North Carolina",119,"Mecklenburg",35.2401000008895,-80.785683
"2633","05/02/2017","AQS",371190041,1,0.051,"ppm",47,"Garinger High School",17,100,44201,"Ozone",16740,"Charlotte-Concord-Gastonia, NC-SC",37,"North Carolina",119,"Mecklenburg",35.2401000008895,-80.785683
"2634","05/03/2017","AQS",371190041,1,0.062,"ppm",74,"Garinger High School",17,100,44201,"Ozone",16740,"Charlotte-Concord-Gastonia, NC-SC",37,"North Carolina",119,"Mecklenburg",35.2401000008895,-80.785683
"2635","05/05/2017","AQS",371190041,1,0.035,"ppm",32,"Garinger High School",17,100,44201,"Ozone",16740,"Charlotte-Concord-Gastonia, NC-SC",37,"North Carolina",119,"Mecklenburg",35.2401000008895,-80.785683
"2636","05/06/2017","AQS",371190041,1,0.044,"ppm",41,"Garinger High School",17,100,44201,"Ozone",16740,"Charlotte-Concord-Gastonia, NC-SC",37,"North Carolina",119,"Mecklenburg",35.2401000008895,-80.785683
"2637","05/07/2017","AQS",371190041,1,0.046,"ppm",43,"Garinger High School",17,100,44201,"Ozone",16740,"Charlotte-Concord-Gastonia, NC-SC",37,"North Carolina",119,"Mecklenburg",35.2401000008895,-80.785683
"2638","05/08/2017","AQS",371190041,1,0.06,"ppm",67,"Garinger High School",17,100,44201,"Ozone",16740,"Charlotte-Concord-Gastonia, NC-SC",37,"North Carolina",119,"Mecklenburg",35.2401000008895,-80.785683
"2639","05/09/2017","AQS",371190041,1,0.055,"ppm",51,"Garinger High School",17,100,44201,"Ozone",16740,"Charlotte-Concord-Gastonia, NC-SC",37,"North Carolina",119,"Mecklenburg",35.2401000008895,-80.785683
"2640","05/10/2017","AQS",371190041,1,0.066,"ppm",87,"Garinger High School",17,100,44201,"Ozone",16740,"Charlotte-Concord-Gastonia, NC-SC",37,"North Carolina",119,"Mecklenburg",35.2401000008895,-80.785683
"2641","05/11/2017","AQS",371190041,1,0.053,"ppm",49,"Garinger High School",17,100,44201,"Ozone",16740,"Charlotte-Concord-Gastonia, NC-SC",37,"North Carolina",119,"Mecklenburg",35.2401000008895,-80.785683
"2642","05/12/2017","AQS",371190041,1,0.028,"ppm",26,"Garinger High School",17,100,44201,"Ozone",16740,"Charlotte-Concord-Gastonia, NC-SC",37,"North Carolina",119,"Mecklenburg",35.2401000008895,-80.785683
"2643","05/13/2017","AQS",371190041,1,0.034,"ppm",31,"Garinger High School",17,100,44201,"Ozone",16740,"Charlotte-Concord-Gastonia, NC-SC",37,"North Carolina",119,"Mecklenburg",35.2401000008895,-80.785683
"2644","05/14/2017","AQS",371190041,1,0.056,"ppm",54,"Garinger High School",17,100,44201,"Ozone",16740,"Charlotte-Concord-Gastonia, NC-SC",37,"North Carolina",119,"Mecklenburg",35.2401000008895,-80.785683
"2645","05/15/2017","AQS",371190041,1,0.057,"ppm",58,"Garinger High School",17,100,44201,"Ozone",16740,"Charlotte-Concord-Gastonia, NC-SC",37,"North Carolina",119,"Mecklenburg",35.2401000008895,-80.785683
"2646","05/16/2017","AQS",371190041,1,0.073,"ppm",108,"Garinger High School",17,100,44201,"Ozone",16740,"Charlotte-Concord-Gastonia, NC-SC",37,"North Carolina",119,"Mecklenburg",35.2401000008895,-80.785683
"2647","05/17/2017","AQS",371190041,1,0.056,"ppm",54,"Garinger High School",17,100,44201,"Ozone",16740,"Charlotte-Concord-Gastonia, NC-SC",37,"North Carolina",119,"Mecklenburg",35.2401000008895,-80.785683
"2648","05/18/2017","AQS",371190041,1,0.044,"ppm",41,"Garinger High School",17,100,44201,"Ozone",16740,"Charlotte-Concord-Gastonia, NC-SC",37,"North Carolina",119,"Mecklenburg",35.2401000008895,-80.785683
"2649","05/19/2017","AQS",371190041,1,0.048,"ppm",44,"Garinger High School",17,100,44201,"Ozone",16740,"Charlotte-Concord-Gastonia, NC-SC",37,"North Carolina",119,"Mecklenburg",35.2401000008895,-80.785683
"2650","05/20/2017","AQS",371190041,1,0.048,"ppm",44,"Garinger High School",17,100,44201,"Ozone",16740,"Charlotte-Concord-Gastonia, NC-SC",37,"North Carolina",119,"Mecklenburg",35.2401000008895,-80.785683
"2651","05/21/2017","AQS",371190041,1,0.025,"ppm",23,"Garinger High School",17,100,44201,"Ozone",16740,"Charlotte-Concord-Gastonia, NC-SC",37,"North Carolina",119,"Mecklenburg",35.2401000008895,-80.785683
"2652","05/22/2017","AQS",371190041,1,0.038,"ppm",35,"Garinger High School",17,100,44201,"Ozone",16740,"Charlotte-Concord-Gastonia, NC-SC",37,"North Carolina",119,"Mecklenburg",35.2401000008895,-80.785683
"2653","05/23/2017","AQS",371190041,1,0.023,"ppm",21,"Garinger High School",17,100,44201,"Ozone",16740,"Charlotte-Concord-Gastonia, NC-SC",37,"North Carolina",119,"Mecklenburg",35.2401000008895,-80.785683
"2654","05/24/2017","AQS",371190041,1,0.037,"ppm",34,"Garinger High School",17,100,44201,"Ozone",16740,"Charlotte-Concord-Gastonia, NC-SC",37,"North Carolina",119,"Mecklenburg",35.2401000008895,-80.785683
"2655","05/25/2017","AQS",371190041,1,0.041,"ppm",38,"Garinger High School",17,100,44201,"Ozone",16740,"Charlotte-Concord-Gastonia, NC-SC",37,"North Carolina",119,"Mecklenburg",35.2401000008895,-80.785683
"2656","05/26/2017","AQS",371190041,1,0.058,"ppm",61,"Garinger High School",17,100,44201,"Ozone",16740,"Charlotte-Concord-Gastonia, NC-SC",37,"North Carolina",119,"Mecklenburg",35.2401000008895,-80.785683
"2657","05/27/2017","AQS",371190041,1,0.054,"ppm",50,"Garinger High School",17,100,44201,"Ozone",16740,"Charlotte-Concord-Gastonia, NC-SC",37,"North Carolina",119,"Mecklenburg",35.2401000008895,-80.785683
"2658","05/28/2017","AQS",371190041,1,0.047,"ppm",44,"Garinger High School",17,100,44201,"Ozone",16740,"Charlotte-Concord-Gastonia, NC-SC",37,"North Carolina",119,"Mecklenburg",35.2401000008895,-80.785683
"2659","05/29/2017","AQS",371190041,1,0.055,"ppm",51,"Garinger High School",17,100,44201,"Ozone",16740,"Charlotte-Concord-Gastonia, NC-SC",37,"North Carolina",119,"Mecklenburg",35.2401000008895,-80.785683
"2660","05/30/2017","AQS",371190041,1,0.045,"ppm",42,"Garinger High School",17,100,44201,"Ozone",16740,"Charlotte-Concord-Gastonia, NC-SC",37,"North Carolina",119,"Mecklenburg",35.2401000008895,-80.785683
"2661","05/31/2017","AQS",371190041,1,0.058,"ppm",61,"Garinger High School",16,94,44201,"Ozone",16740,"Charlotte-Concord-Gastonia, NC-SC",37,"North Carolina",119,"Mecklenburg",35.2401000008895,-80.785683
"2662","06/01/2017","AQS",371190041,1,0.059,"ppm",64,"Garinger High School",17,100,44201,"Ozone",16740,"Charlotte-Concord-Gastonia, NC-SC",37,"North Carolina",119,"Mecklenburg",35.2401000008895,-80.785683
"2663","06/02/2017","AQS",371190041,1,0.061,"ppm",71,"Garinger High School",17,100,44201,"Ozone",16740,"Charlotte-Concord-Gastonia, NC-SC",37,"North Carolina",119,"Mecklenburg",35.2401000008895,-80.785683
"2664","06/03/2017","AQS",371190041,1,0.066,"ppm",87,"Garinger High School",17,100,44201,"Ozone",16740,"Charlotte-Concord-Gastonia, NC-SC",37,"North Carolina",119,"Mecklenburg",35.2401000008895,-80.785683
"2665","06/04/2017","AQS",371190041,1,0.036,"ppm",33,"Garinger High School",17,100,44201,"Ozone",16740,"Charlotte-Concord-Gastonia, NC-SC",37,"North Carolina",119,"Mecklenburg",35.2401000008895,-80.785683
"2666","06/05/2017","AQS",371190041,1,0.023,"ppm",21,"Garinger High School",17,100,44201,"Ozone",16740,"Charlotte-Concord-Gastonia, NC-SC",37,"North Carolina",119,"Mecklenburg",35.2401000008895,-80.785683
"2667","06/06/2017","AQS",371190041,1,0.051,"ppm",47,"Garinger High School",17,100,44201,"Ozone",16740,"Charlotte-Concord-Gastonia, NC-SC",37,"North Carolina",119,"Mecklenburg",35.2401000008895,-80.785683
"2668","06/07/2017","AQS",371190041,1,0.043,"ppm",40,"Garinger High School",17,100,44201,"Ozone",16740,"Charlotte-Concord-Gastonia, NC-SC",37,"North Carolina",119,"Mecklenburg",35.2401000008895,-80.785683
"2669","06/08/2017","AQS",371190041,1,0.049,"ppm",45,"Garinger High School",17,100,44201,"Ozone",16740,"Charlotte-Concord-Gastonia, NC-SC",37,"North Carolina",119,"Mecklenburg",35.2401000008895,-80.785683
"2670","06/09/2017","AQS",371190041,1,0.056,"ppm",54,"Garinger High School",17,100,44201,"Ozone",16740,"Charlotte-Concord-Gastonia, NC-SC",37,"North Carolina",119,"Mecklenburg",35.2401000008895,-80.785683
"2671","06/10/2017","AQS",371190041,1,0.056,"ppm",54,"Garinger High School",17,100,44201,"Ozone",16740,"Charlotte-Concord-Gastonia, NC-SC",37,"North Carolina",119,"Mecklenburg",35.2401000008895,-80.785683
"2672","06/11/2017","AQS",371190041,1,0.05,"ppm",46,"Garinger High School",17,100,44201,"Ozone",16740,"Charlotte-Concord-Gastonia, NC-SC",37,"North Carolina",119,"Mecklenburg",35.2401000008895,-80.785683
"2673","06/12/2017","AQS",371190041,1,0.048,"ppm",44,"Garinger High School",17,100,44201,"Ozone",16740,"Charlotte-Concord-Gastonia, NC-SC",37,"North Carolina",119,"Mecklenburg",35.2401000008895,-80.785683
"2674","06/13/2017","AQS",371190041,1,0.047,"ppm",44,"Garinger High School",17,100,44201,"Ozone",16740,"Charlotte-Concord-Gastonia, NC-SC",37,"North Carolina",119,"Mecklenburg",35.2401000008895,-80.785683
"2675","06/14/2017","AQS",371190041,1,0.068,"ppm",93,"Garinger High School",17,100,44201,"Ozone",16740,"Charlotte-Concord-Gastonia, NC-SC",37,"North Carolina",119,"Mecklenburg",35.2401000008895,-80.785683
"2676","06/15/2017","AQS",371190041,1,0.064,"ppm",80,"Garinger High School",17,100,44201,"Ozone",16740,"Charlotte-Concord-Gastonia, NC-SC",37,"North Carolina",119,"Mecklenburg",35.2401000008895,-80.785683
"2677","06/16/2017","AQS",371190041,1,0.054,"ppm",50,"Garinger High School",17,100,44201,"Ozone",16740,"Charlotte-Concord-Gastonia, NC-SC",37,"North Carolina",119,"Mecklenburg",35.2401000008895,-80.785683
"2678","06/17/2017","AQS",371190041,1,0.041,"ppm",38,"Garinger High School",17,100,44201,"Ozone",16740,"Charlotte-Concord-Gastonia, NC-SC",37,"North Carolina",119,"Mecklenburg",35.2401000008895,-80.785683
"2679","06/18/2017","AQS",371190041,1,0.03,"ppm",28,"Garinger High School",17,100,44201,"Ozone",16740,"Charlotte-Concord-Gastonia, NC-SC",37,"North Carolina",119,"Mecklenburg",35.2401000008895,-80.785683
"2680","06/19/2017","AQS",371190041,1,0.031,"ppm",29,"Garinger High School",17,100,44201,"Ozone",16740,"Charlotte-Concord-Gastonia, NC-SC",37,"North Carolina",119,"Mecklenburg",35.2401000008895,-80.785683
"2681","06/20/2017","AQS",371190041,1,0.038,"ppm",35,"Garinger High School",17,100,44201,"Ozone",16740,"Charlotte-Concord-Gastonia, NC-SC",37,"North Carolina",119,"Mecklenburg",35.2401000008895,-80.785683
"2682","06/21/2017","AQS",371190041,1,0.026,"ppm",24,"Garinger High School",17,100,44201,"Ozone",16740,"Charlotte-Concord-Gastonia, NC-SC",37,"North Carolina",119,"Mecklenburg",35.2401000008895,-80.785683
"2683","06/22/2017","AQS",371190041,1,0.016,"ppm",15,"Garinger High School",17,100,44201,"Ozone",16740,"Charlotte-Concord-Gastonia, NC-SC",37,"North Carolina",119,"Mecklenburg",35.2401000008895,-80.785683
"2684","06/24/2017","AQS",371190041,1,0.027,"ppm",25,"Garinger High School",17,100,44201,"Ozone",16740,"Charlotte-Concord-Gastonia, NC-SC",37,"North Carolina",119,"Mecklenburg",35.2401000008895,-80.785683
"2685","06/25/2017","AQS",371190041,1,0.037,"ppm",34,"Garinger High School",17,100,44201,"Ozone",16740,"Charlotte-Concord-Gastonia, NC-SC",37,"North Carolina",119,"Mecklenburg",35.2401000008895,-80.785683
"2686","06/26/2017","AQS",371190041,1,0.059,"ppm",64,"Garinger High School",17,100,44201,"Ozone",16740,"Charlotte-Concord-Gastonia, NC-SC",37,"North Carolina",119,"Mecklenburg",35.2401000008895,-80.785683
"2687","06/27/2017","AQS",371190041,1,0.05,"ppm",46,"Garinger High School",17,100,44201,"Ozone",16740,"Charlotte-Concord-Gastonia, NC-SC",37,"North Carolina",119,"Mecklenburg",35.2401000008895,-80.785683
"2688","06/28/2017","AQS",371190041,1,0.052,"ppm",48,"Garinger High School",17,100,44201,"Ozone",16740,"Charlotte-Concord-Gastonia, NC-SC",37,"North Carolina",119,"Mecklenburg",35.2401000008895,-80.785683
"2689","06/29/2017","AQS",371190041,1,0.055,"ppm",51,"Garinger High School",17,100,44201,"Ozone",16740,"Charlotte-Concord-Gastonia, NC-SC",37,"North Carolina",119,"Mecklenburg",35.2401000008895,-80.785683
"2690","06/30/2017","AQS",371190041,1,0.024,"ppm",22,"Garinger High School",17,100,44201,"Ozone",16740,"Charlotte-Concord-Gastonia, NC-SC",37,"North Carolina",119,"Mecklenburg",35.2401000008895,-80.785683
"2691","07/01/2017","AQS",371190041,1,0.031,"ppm",29,"Garinger High School",17,100,44201,"Ozone",16740,"Charlotte-Concord-Gastonia, NC-SC",37,"North Carolina",119,"Mecklenburg",35.2401000008895,-80.785683
"2692","07/02/2017","AQS",371190041,1,0.052,"ppm",48,"Garinger High School",17,100,44201,"Ozone",16740,"Charlotte-Concord-Gastonia, NC-SC",37,"North Carolina",119,"Mecklenburg",35.2401000008895,-80.785683
"2693","07/03/2017","AQS",371190041,1,0.05,"ppm",46,"Garinger High School",17,100,44201,"Ozone",16740,"Charlotte-Concord-Gastonia, NC-SC",37,"North Carolina",119,"Mecklenburg",35.2401000008895,-80.785683
"2694","07/04/2017","AQS",371190041,1,0.041,"ppm",38,"Garinger High School",17,100,44201,"Ozone",16740,"Charlotte-Concord-Gastonia, NC-SC",37,"North Carolina",119,"Mecklenburg",35.2401000008895,-80.785683
"2695","07/05/2017","AQS",371190041,1,0.042,"ppm",39,"Garinger High School",17,100,44201,"Ozone",16740,"Charlotte-Concord-Gastonia, NC-SC",37,"North Carolina",119,"Mecklenburg",35.2401000008895,-80.785683
"2696","07/06/2017","AQS",371190041,1,0.033,"ppm",31,"Garinger High School",17,100,44201,"Ozone",16740,"Charlotte-Concord-Gastonia, NC-SC",37,"North Carolina",119,"Mecklenburg",35.2401000008895,-80.785683
"2697","07/07/2017","AQS",371190041,1,0.047,"ppm",44,"Garinger High School",17,100,44201,"Ozone",16740,"Charlotte-Concord-Gastonia, NC-SC",37,"North Carolina",119,"Mecklenburg",35.2401000008895,-80.785683
"2698","07/08/2017","AQS",371190041,1,0.044,"ppm",41,"Garinger High School",17,100,44201,"Ozone",16740,"Charlotte-Concord-Gastonia, NC-SC",37,"North Carolina",119,"Mecklenburg",35.2401000008895,-80.785683
"2699","07/09/2017","AQS",371190041,1,0.044,"ppm",41,"Garinger High School",17,100,44201,"Ozone",16740,"Charlotte-Concord-Gastonia, NC-SC",37,"North Carolina",119,"Mecklenburg",35.2401000008895,-80.785683
"2700","07/10/2017","AQS",371190041,1,0.054,"ppm",50,"Garinger High School",17,100,44201,"Ozone",16740,"Charlotte-Concord-Gastonia, NC-SC",37,"North Carolina",119,"Mecklenburg",35.2401000008895,-80.785683
"2701","07/11/2017","AQS",371190041,1,0.05,"ppm",46,"Garinger High School",17,100,44201,"Ozone",16740,"Charlotte-Concord-Gastonia, NC-SC",37,"North Carolina",119,"Mecklenburg",35.2401000008895,-80.785683
"2702","07/12/2017","AQS",371190041,1,0.044,"ppm",41,"Garinger High School",17,100,44201,"Ozone",16740,"Charlotte-Concord-Gastonia, NC-SC",37,"North Carolina",119,"Mecklenburg",35.2401000008895,-80.785683
"2703","07/13/2017","AQS",371190041,1,0.05,"ppm",46,"Garinger High School",17,100,44201,"Ozone",16740,"Charlotte-Concord-Gastonia, NC-SC",37,"North Carolina",119,"Mecklenburg",35.2401000008895,-80.785683
"2704","07/14/2017","AQS",371190041,1,0.05,"ppm",46,"Garinger High School",17,100,44201,"Ozone",16740,"Charlotte-Concord-Gastonia, NC-SC",37,"North Carolina",119,"Mecklenburg",35.2401000008895,-80.785683
"2705","07/15/2017","AQS",371190041,1,0.042,"ppm",39,"Garinger High School",17,100,44201,"Ozone",16740,"Charlotte-Concord-Gastonia, NC-SC",37,"North Carolina",119,"Mecklenburg",35.2401000008895,-80.785683
"2706","07/16/2017","AQS",371190041,1,0.052,"ppm",48,"Garinger High School",17,100,44201,"Ozone",16740,"Charlotte-Concord-Gastonia, NC-SC",37,"North Carolina",119,"Mecklenburg",35.2401000008895,-80.785683
"2707","07/17/2017","AQS",371190041,1,0.047,"ppm",44,"Garinger High School",17,100,44201,"Ozone",16740,"Charlotte-Concord-Gastonia, NC-SC",37,"North Carolina",119,"Mecklenburg",35.2401000008895,-80.785683
"2708","07/18/2017","AQS",371190041,1,0.059,"ppm",64,"Garinger High School",17,100,44201,"Ozone",16740,"Charlotte-Concord-Gastonia, NC-SC",37,"North Carolina",119,"Mecklenburg",35.2401000008895,-80.785683
"2709","07/19/2017","AQS",371190041,1,0.063,"ppm",77,"Garinger High School",17,100,44201,"Ozone",16740,"Charlotte-Concord-Gastonia, NC-SC",37,"North Carolina",119,"Mecklenburg",35.2401000008895,-80.785683
"2710","07/20/2017","AQS",371190041,1,0.065,"ppm",84,"Garinger High School",17,100,44201,"Ozone",16740,"Charlotte-Concord-Gastonia, NC-SC",37,"North Carolina",119,"Mecklenburg",35.2401000008895,-80.785683
"2711","07/21/2017","AQS",371190041,1,0.072,"ppm",105,"Garinger High School",17,100,44201,"Ozone",16740,"Charlotte-Concord-Gastonia, NC-SC",37,"North Carolina",119,"Mecklenburg",35.2401000008895,-80.785683
"2712","07/22/2017","AQS",371190041,1,0.048,"ppm",44,"Garinger High School",17,100,44201,"Ozone",16740,"Charlotte-Concord-Gastonia, NC-SC",37,"North Carolina",119,"Mecklenburg",35.2401000008895,-80.785683
"2713","07/23/2017","AQS",371190041,1,0.042,"ppm",39,"Garinger High School",17,100,44201,"Ozone",16740,"Charlotte-Concord-Gastonia, NC-SC",37,"North Carolina",119,"Mecklenburg",35.2401000008895,-80.785683
"2714","07/24/2017","AQS",371190041,1,0.052,"ppm",48,"Garinger High School",17,100,44201,"Ozone",16740,"Charlotte-Concord-Gastonia, NC-SC",37,"North Carolina",119,"Mecklenburg",35.2401000008895,-80.785683
"2715","07/25/2017","AQS",371190041,1,0.063,"ppm",77,"Garinger High School",17,100,44201,"Ozone",16740,"Charlotte-Concord-Gastonia, NC-SC",37,"North Carolina",119,"Mecklenburg",35.2401000008895,-80.785683
"2716","07/26/2017","AQS",371190041,1,0.049,"ppm",45,"Garinger High School",17,100,44201,"Ozone",16740,"Charlotte-Concord-Gastonia, NC-SC",37,"North Carolina",119,"Mecklenburg",35.2401000008895,-80.785683
"2717","07/27/2017","AQS",371190041,1,0.052,"ppm",48,"Garinger High School",17,100,44201,"Ozone",16740,"Charlotte-Concord-Gastonia, NC-SC",37,"North Carolina",119,"Mecklenburg",35.2401000008895,-80.785683
"2718","07/28/2017","AQS",371190041,1,0.037,"ppm",34,"Garinger High School",17,100,44201,"Ozone",16740,"Charlotte-Concord-Gastonia, NC-SC",37,"North Carolina",119,"Mecklenburg",35.2401000008895,-80.785683
"2719","07/29/2017","AQS",371190041,1,0.05,"ppm",46,"Garinger High School",17,100,44201,"Ozone",16740,"Charlotte-Concord-Gastonia, NC-SC",37,"North Carolina",119,"Mecklenburg",35.2401000008895,-80.785683
"2720","07/30/2017","AQS",371190041,1,0.05,"ppm",46,"Garinger High School",17,100,44201,"Ozone",16740,"Charlotte-Concord-Gastonia, NC-SC",37,"North Carolina",119,"Mecklenburg",35.2401000008895,-80.785683
"2721","07/31/2017","AQS",371190041,1,0.059,"ppm",64,"Garinger High School",17,100,44201,"Ozone",16740,"Charlotte-Concord-Gastonia, NC-SC",37,"North Carolina",119,"Mecklenburg",35.2401000008895,-80.785683
"2722","08/01/2017","AQS",371190041,1,0.054,"ppm",50,"Garinger High School",17,100,44201,"Ozone",16740,"Charlotte-Concord-Gastonia, NC-SC",37,"North Carolina",119,"Mecklenburg",35.2401000008895,-80.785683
"2723","08/02/2017","AQS",371190041,1,0.061,"ppm",71,"Garinger High School",17,100,44201,"Ozone",16740,"Charlotte-Concord-Gastonia, NC-SC",37,"North Carolina",119,"Mecklenburg",35.2401000008895,-80.785683
"2724","08/03/2017","AQS",371190041,1,0.057,"ppm",58,"Garinger High School",17,100,44201,"Ozone",16740,"Charlotte-Concord-Gastonia, NC-SC",37,"North Carolina",119,"Mecklenburg",35.2401000008895,-80.785683
"2725","08/04/2017","AQS",371190041,1,0.042,"ppm",39,"Garinger High School",17,100,44201,"Ozone",16740,"Charlotte-Concord-Gastonia, NC-SC",37,"North Carolina",119,"Mecklenburg",35.2401000008895,-80.785683
"2726","08/05/2017","AQS",371190041,1,0.052,"ppm",48,"Garinger High School",17,100,44201,"Ozone",16740,"Charlotte-Concord-Gastonia, NC-SC",37,"North Carolina",119,"Mecklenburg",35.2401000008895,-80.785683
"2727","08/06/2017","AQS",371190041,1,0.056,"ppm",54,"Garinger High School",17,100,44201,"Ozone",16740,"Charlotte-Concord-Gastonia, NC-SC",37,"North Carolina",119,"Mecklenburg",35.2401000008895,-80.785683
"2728","08/07/2017","AQS",371190041,1,0.02,"ppm",19,"Garinger High School",17,100,44201,"Ozone",16740,"Charlotte-Concord-Gastonia, NC-SC",37,"North Carolina",119,"Mecklenburg",35.2401000008895,-80.785683
"2729","08/08/2017","AQS",371190041,1,0.032,"ppm",30,"Garinger High School",17,100,44201,"Ozone",16740,"Charlotte-Concord-Gastonia, NC-SC",37,"North Carolina",119,"Mecklenburg",35.2401000008895,-80.785683
"2730","08/09/2017","AQS",371190041,1,0.045,"ppm",42,"Garinger High School",17,100,44201,"Ozone",16740,"Charlotte-Concord-Gastonia, NC-SC",37,"North Carolina",119,"Mecklenburg",35.2401000008895,-80.785683
"2731","08/10/2017","AQS",371190041,1,0.046,"ppm",43,"Garinger High School",17,100,44201,"Ozone",16740,"Charlotte-Concord-Gastonia, NC-SC",37,"North Carolina",119,"Mecklenburg",35.2401000008895,-80.785683
"2732","08/11/2017","AQS",371190041,1,0.033,"ppm",31,"Garinger High School",17,100,44201,"Ozone",16740,"Charlotte-Concord-Gastonia, NC-SC",37,"North Carolina",119,"Mecklenburg",35.2401000008895,-80.785683
"2733","08/12/2017","AQS",371190041,1,0.036,"ppm",33,"Garinger High School",17,100,44201,"Ozone",16740,"Charlotte-Concord-Gastonia, NC-SC",37,"North Carolina",119,"Mecklenburg",35.2401000008895,-80.785683
"2734","08/13/2017","AQS",371190041,1,0.043,"ppm",40,"Garinger High School",17,100,44201,"Ozone",16740,"Charlotte-Concord-Gastonia, NC-SC",37,"North Carolina",119,"Mecklenburg",35.2401000008895,-80.785683
"2735","08/14/2017","AQS",371190041,1,0.043,"ppm",40,"Garinger High School",17,100,44201,"Ozone",16740,"Charlotte-Concord-Gastonia, NC-SC",37,"North Carolina",119,"Mecklenburg",35.2401000008895,-80.785683
"2736","08/15/2017","AQS",371190041,1,0.045,"ppm",42,"Garinger High School",17,100,44201,"Ozone",16740,"Charlotte-Concord-Gastonia, NC-SC",37,"North Carolina",119,"Mecklenburg",35.2401000008895,-80.785683
"2737","08/16/2017","AQS",371190041,1,0.058,"ppm",61,"Garinger High School",17,100,44201,"Ozone",16740,"Charlotte-Concord-Gastonia, NC-SC",37,"North Carolina",119,"Mecklenburg",35.2401000008895,-80.785683
"2738","08/17/2017","AQS",371190041,1,0.044,"ppm",41,"Garinger High School",17,100,44201,"Ozone",16740,"Charlotte-Concord-Gastonia, NC-SC",37,"North Carolina",119,"Mecklenburg",35.2401000008895,-80.785683
"2739","08/18/2017","AQS",371190041,1,0.037,"ppm",34,"Garinger High School",17,100,44201,"Ozone",16740,"Charlotte-Concord-Gastonia, NC-SC",37,"North Carolina",119,"Mecklenburg",35.2401000008895,-80.785683
"2740","08/19/2017","AQS",371190041,1,0.054,"ppm",50,"Garinger High School",17,100,44201,"Ozone",16740,"Charlotte-Concord-Gastonia, NC-SC",37,"North Carolina",119,"Mecklenburg",35.2401000008895,-80.785683
"2741","08/20/2017","AQS",371190041,1,0.054,"ppm",50,"Garinger High School",17,100,44201,"Ozone",16740,"Charlotte-Concord-Gastonia, NC-SC",37,"North Carolina",119,"Mecklenburg",35.2401000008895,-80.785683
"2742","08/21/2017","AQS",371190041,1,0.05,"ppm",46,"Garinger High School",17,100,44201,"Ozone",16740,"Charlotte-Concord-Gastonia, NC-SC",37,"North Carolina",119,"Mecklenburg",35.2401000008895,-80.785683
"2743","08/22/2017","AQS",371190041,1,0.045,"ppm",42,"Garinger High School",17,100,44201,"Ozone",16740,"Charlotte-Concord-Gastonia, NC-SC",37,"North Carolina",119,"Mecklenburg",35.2401000008895,-80.785683
"2744","08/23/2017","AQS",371190041,1,0.051,"ppm",47,"Garinger High School",17,100,44201,"Ozone",16740,"Charlotte-Concord-Gastonia, NC-SC",37,"North Carolina",119,"Mecklenburg",35.2401000008895,-80.785683
"2745","08/24/2017","AQS",371190041,1,0.046,"ppm",43,"Garinger High School",17,100,44201,"Ozone",16740,"Charlotte-Concord-Gastonia, NC-SC",37,"North Carolina",119,"Mecklenburg",35.2401000008895,-80.785683
"2746","08/25/2017","AQS",371190041,1,0.053,"ppm",49,"Garinger High School",17,100,44201,"Ozone",16740,"Charlotte-Concord-Gastonia, NC-SC",37,"North Carolina",119,"Mecklenburg",35.2401000008895,-80.785683
"2747","08/26/2017","AQS",371190041,1,0.045,"ppm",42,"Garinger High School",17,100,44201,"Ozone",16740,"Charlotte-Concord-Gastonia, NC-SC",37,"North Carolina",119,"Mecklenburg",35.2401000008895,-80.785683
"2748","08/27/2017","AQS",371190041,1,0.049,"ppm",45,"Garinger High School",17,100,44201,"Ozone",16740,"Charlotte-Concord-Gastonia, NC-SC",37,"North Carolina",119,"Mecklenburg",35.2401000008895,-80.785683
"2749","08/28/2017","AQS",371190041,1,0.047,"ppm",44,"Garinger High School",17,100,44201,"Ozone",16740,"Charlotte-Concord-Gastonia, NC-SC",37,"North Carolina",119,"Mecklenburg",35.2401000008895,-80.785683
"2750","08/29/2017","AQS",371190041,1,0.032,"ppm",30,"Garinger High School",17,100,44201,"Ozone",16740,"Charlotte-Concord-Gastonia, NC-SC",37,"North Carolina",119,"Mecklenburg",35.2401000008895,-80.785683
"2751","08/30/2017","AQS",371190041,1,0.048,"ppm",44,"Garinger High School",17,100,44201,"Ozone",16740,"Charlotte-Concord-Gastonia, NC-SC",37,"North Carolina",119,"Mecklenburg",35.2401000008895,-80.785683
"2752","08/31/2017","AQS",371190041,1,0.019,"ppm",18,"Garinger High School",15,88,44201,"Ozone",16740,"Charlotte-Concord-Gastonia, NC-SC",37,"North Carolina",119,"Mecklenburg",35.2401000008895,-80.785683
"2753","09/01/2017","AQS",371190041,1,0.024,"ppm",22,"Garinger High School",17,100,44201,"Ozone",16740,"Charlotte-Concord-Gastonia, NC-SC",37,"North Carolina",119,"Mecklenburg",35.2401000008895,-80.785683
"2754","09/02/2017","AQS",371190041,1,0.039,"ppm",36,"Garinger High School",17,100,44201,"Ozone",16740,"Charlotte-Concord-Gastonia, NC-SC",37,"North Carolina",119,"Mecklenburg",35.2401000008895,-80.785683
"2755","09/03/2017","AQS",371190041,1,0.046,"ppm",43,"Garinger High School",17,100,44201,"Ozone",16740,"Charlotte-Concord-Gastonia, NC-SC",37,"North Carolina",119,"Mecklenburg",35.2401000008895,-80.785683
"2756","09/04/2017","AQS",371190041,1,0.051,"ppm",47,"Garinger High School",17,100,44201,"Ozone",16740,"Charlotte-Concord-Gastonia, NC-SC",37,"North Carolina",119,"Mecklenburg",35.2401000008895,-80.785683
"2757","09/05/2017","AQS",371190041,1,0.048,"ppm",44,"Garinger High School",17,100,44201,"Ozone",16740,"Charlotte-Concord-Gastonia, NC-SC",37,"North Carolina",119,"Mecklenburg",35.2401000008895,-80.785683
"2758","09/06/2017","AQS",371190041,1,0.024,"ppm",22,"Garinger High School",17,100,44201,"Ozone",16740,"Charlotte-Concord-Gastonia, NC-SC",37,"North Carolina",119,"Mecklenburg",35.2401000008895,-80.785683
"2759","09/07/2017","AQS",371190041,1,0.044,"ppm",41,"Garinger High School",17,100,44201,"Ozone",16740,"Charlotte-Concord-Gastonia, NC-SC",37,"North Carolina",119,"Mecklenburg",35.2401000008895,-80.785683
"2760","09/08/2017","AQS",371190041,1,0.044,"ppm",41,"Garinger High School",17,100,44201,"Ozone",16740,"Charlotte-Concord-Gastonia, NC-SC",37,"North Carolina",119,"Mecklenburg",35.2401000008895,-80.785683
"2761","09/09/2017","AQS",371190041,1,0.046,"ppm",43,"Garinger High School",17,100,44201,"Ozone",16740,"Charlotte-Concord-Gastonia, NC-SC",37,"North Carolina",119,"Mecklenburg",35.2401000008895,-80.785683
"2762","09/10/2017","AQS",371190041,1,0.031,"ppm",29,"Garinger High School",17,100,44201,"Ozone",16740,"Charlotte-Concord-Gastonia, NC-SC",37,"North Carolina",119,"Mecklenburg",35.2401000008895,-80.785683
"2763","09/12/2017","AQS",371190041,1,0.026,"ppm",24,"Garinger High School",14,82,44201,"Ozone",16740,"Charlotte-Concord-Gastonia, NC-SC",37,"North Carolina",119,"Mecklenburg",35.2401000008895,-80.785683
"2764","09/13/2017","AQS",371190041,1,0.038,"ppm",35,"Garinger High School",17,100,44201,"Ozone",16740,"Charlotte-Concord-Gastonia, NC-SC",37,"North Carolina",119,"Mecklenburg",35.2401000008895,-80.785683
"2765","09/14/2017","AQS",371190041,1,0.045,"ppm",42,"Garinger High School",17,100,44201,"Ozone",16740,"Charlotte-Concord-Gastonia, NC-SC",37,"North Carolina",119,"Mecklenburg",35.2401000008895,-80.785683
"2766","09/15/2017","AQS",371190041,1,0.043,"ppm",40,"Garinger High School",17,100,44201,"Ozone",16740,"Charlotte-Concord-Gastonia, NC-SC",37,"North Carolina",119,"Mecklenburg",35.2401000008895,-80.785683
"2767","09/16/2017","AQS",371190041,1,0.044,"ppm",41,"Garinger High School",17,100,44201,"Ozone",16740,"Charlotte-Concord-Gastonia, NC-SC",37,"North Carolina",119,"Mecklenburg",35.2401000008895,-80.785683
"2768","09/17/2017","AQS",371190041,1,0.043,"ppm",40,"Garinger High School",17,100,44201,"Ozone",16740,"Charlotte-Concord-Gastonia, NC-SC",37,"North Carolina",119,"Mecklenburg",35.2401000008895,-80.785683
"2769","09/18/2017","AQS",371190041,1,0.044,"ppm",41,"Garinger High School",17,100,44201,"Ozone",16740,"Charlotte-Concord-Gastonia, NC-SC",37,"North Carolina",119,"Mecklenburg",35.2401000008895,-80.785683
"2770","09/19/2017","AQS",371190041,1,0.053,"ppm",49,"Garinger High School",17,100,44201,"Ozone",16740,"Charlotte-Concord-Gastonia, NC-SC",37,"North Carolina",119,"Mecklenburg",35.2401000008895,-80.785683
"2771","09/20/2017","AQS",371190041,1,0.05,"ppm",46,"Garinger High School",17,100,44201,"Ozone",16740,"Charlotte-Concord-Gastonia, NC-SC",37,"North Carolina",119,"Mecklenburg",35.2401000008895,-80.785683
"2772","09/21/2017","AQS",371190041,1,0.051,"ppm",47,"Garinger High School",17,100,44201,"Ozone",16740,"Charlotte-Concord-Gastonia, NC-SC",37,"North Carolina",119,"Mecklenburg",35.2401000008895,-80.785683
"2773","09/22/2017","AQS",371190041,1,0.052,"ppm",48,"Garinger High School",17,100,44201,"Ozone",16740,"Charlotte-Concord-Gastonia, NC-SC",37,"North Carolina",119,"Mecklenburg",35.2401000008895,-80.785683
"2774","09/23/2017","AQS",371190041,1,0.053,"ppm",49,"Garinger High School",17,100,44201,"Ozone",16740,"Charlotte-Concord-Gastonia, NC-SC",37,"North Carolina",119,"Mecklenburg",35.2401000008895,-80.785683
"2775","09/24/2017","AQS",371190041,1,0.048,"ppm",44,"Garinger High School",17,100,44201,"Ozone",16740,"Charlotte-Concord-Gastonia, NC-SC",37,"North Carolina",119,"Mecklenburg",35.2401000008895,-80.785683
"2776","09/25/2017","AQS",371190041,1,0.052,"ppm",48,"Garinger High School",17,100,44201,"Ozone",16740,"Charlotte-Concord-Gastonia, NC-SC",37,"North Carolina",119,"Mecklenburg",35.2401000008895,-80.785683
"2777","09/26/2017","AQS",371190041,1,0.035,"ppm",32,"Garinger High School",17,100,44201,"Ozone",16740,"Charlotte-Concord-Gastonia, NC-SC",37,"North Carolina",119,"Mecklenburg",35.2401000008895,-80.785683
"2778","09/27/2017","AQS",371190041,1,0.058,"ppm",61,"Garinger High School",17,100,44201,"Ozone",16740,"Charlotte-Concord-Gastonia, NC-SC",37,"North Carolina",119,"Mecklenburg",35.2401000008895,-80.785683
"2779","09/28/2017","AQS",371190041,1,0.063,"ppm",77,"Garinger High School",17,100,44201,"Ozone",16740,"Charlotte-Concord-Gastonia, NC-SC",37,"North Carolina",119,"Mecklenburg",35.2401000008895,-80.785683
"2780","09/29/2017","AQS",371190041,1,0.051,"ppm",47,"Garinger High School",17,100,44201,"Ozone",16740,"Charlotte-Concord-Gastonia, NC-SC",37,"North Carolina",119,"Mecklenburg",35.2401000008895,-80.785683
"2781","09/30/2017","AQS",371190041,1,0.049,"ppm",45,"Garinger High School",17,100,44201,"Ozone",16740,"Charlotte-Concord-Gastonia, NC-SC",37,"North Carolina",119,"Mecklenburg",35.2401000008895,-80.785683
"2782","10/01/2017","AQS",371190041,1,0.036,"ppm",33,"Garinger High School",17,100,44201,"Ozone",16740,"Charlotte-Concord-Gastonia, NC-SC",37,"North Carolina",119,"Mecklenburg",35.2401000008895,-80.785683
"2783","10/02/2017","AQS",371190041,1,0.044,"ppm",41,"Garinger High School",17,100,44201,"Ozone",16740,"Charlotte-Concord-Gastonia, NC-SC",37,"North Carolina",119,"Mecklenburg",35.2401000008895,-80.785683
"2784","10/03/2017","AQS",371190041,1,0.049,"ppm",45,"Garinger High School",17,100,44201,"Ozone",16740,"Charlotte-Concord-Gastonia, NC-SC",37,"North Carolina",119,"Mecklenburg",35.2401000008895,-80.785683
"2785","10/04/2017","AQS",371190041,1,0.052,"ppm",48,"Garinger High School",17,100,44201,"Ozone",16740,"Charlotte-Concord-Gastonia, NC-SC",37,"North Carolina",119,"Mecklenburg",35.2401000008895,-80.785683
"2786","10/05/2017","AQS",371190041,1,0.048,"ppm",44,"Garinger High School",17,100,44201,"Ozone",16740,"Charlotte-Concord-Gastonia, NC-SC",37,"North Carolina",119,"Mecklenburg",35.2401000008895,-80.785683
"2787","10/06/2017","AQS",371190041,1,0.045,"ppm",42,"Garinger High School",17,100,44201,"Ozone",16740,"Charlotte-Concord-Gastonia, NC-SC",37,"North Carolina",119,"Mecklenburg",35.2401000008895,-80.785683
"2788","10/07/2017","AQS",371190041,1,0.017,"ppm",16,"Garinger High School",17,100,44201,"Ozone",16740,"Charlotte-Concord-Gastonia, NC-SC",37,"North Carolina",119,"Mecklenburg",35.2401000008895,-80.785683
"2789","10/08/2017","AQS",371190041,1,0.016,"ppm",15,"Garinger High School",17,100,44201,"Ozone",16740,"Charlotte-Concord-Gastonia, NC-SC",37,"North Carolina",119,"Mecklenburg",35.2401000008895,-80.785683
"2790","10/09/2017","AQS",371190041,1,0.02,"ppm",19,"Garinger High School",17,100,44201,"Ozone",16740,"Charlotte-Concord-Gastonia, NC-SC",37,"North Carolina",119,"Mecklenburg",35.2401000008895,-80.785683
"2791","10/10/2017","AQS",371190041,1,0.021,"ppm",19,"Garinger High School",17,100,44201,"Ozone",16740,"Charlotte-Concord-Gastonia, NC-SC",37,"North Carolina",119,"Mecklenburg",35.2401000008895,-80.785683
"2792","10/11/2017","AQS",371190041,1,0.03,"ppm",28,"Garinger High School",17,100,44201,"Ozone",16740,"Charlotte-Concord-Gastonia, NC-SC",37,"North Carolina",119,"Mecklenburg",35.2401000008895,-80.785683
"2793","10/12/2017","AQS",371190041,1,0.038,"ppm",35,"Garinger High School",17,100,44201,"Ozone",16740,"Charlotte-Concord-Gastonia, NC-SC",37,"North Carolina",119,"Mecklenburg",35.2401000008895,-80.785683
"2794","10/13/2017","AQS",371190041,1,0.017,"ppm",16,"Garinger High School",17,100,44201,"Ozone",16740,"Charlotte-Concord-Gastonia, NC-SC",37,"North Carolina",119,"Mecklenburg",35.2401000008895,-80.785683
"2795","10/14/2017","AQS",371190041,1,0.032,"ppm",30,"Garinger High School",17,100,44201,"Ozone",16740,"Charlotte-Concord-Gastonia, NC-SC",37,"North Carolina",119,"Mecklenburg",35.2401000008895,-80.785683
"2796","10/15/2017","AQS",371190041,1,0.029,"ppm",27,"Garinger High School",17,100,44201,"Ozone",16740,"Charlotte-Concord-Gastonia, NC-SC",37,"North Carolina",119,"Mecklenburg",35.2401000008895,-80.785683
"2797","10/16/2017","AQS",371190041,1,0.031,"ppm",29,"Garinger High School",17,100,44201,"Ozone",16740,"Charlotte-Concord-Gastonia, NC-SC",37,"North Carolina",119,"Mecklenburg",35.2401000008895,-80.785683
"2798","10/17/2017","AQS",371190041,1,0.037,"ppm",34,"Garinger High School",17,100,44201,"Ozone",16740,"Charlotte-Concord-Gastonia, NC-SC",37,"North Carolina",119,"Mecklenburg",35.2401000008895,-80.785683
"2799","10/18/2017","AQS",371190041,1,0.04,"ppm",37,"Garinger High School",17,100,44201,"Ozone",16740,"Charlotte-Concord-Gastonia, NC-SC",37,"North Carolina",119,"Mecklenburg",35.2401000008895,-80.785683
"2800","10/19/2017","AQS",371190041,1,0.042,"ppm",39,"Garinger High School",17,100,44201,"Ozone",16740,"Charlotte-Concord-Gastonia, NC-SC",37,"North Carolina",119,"Mecklenburg",35.2401000008895,-80.785683
"2801","10/20/2017","AQS",371190041,1,0.053,"ppm",49,"Garinger High School",17,100,44201,"Ozone",16740,"Charlotte-Concord-Gastonia, NC-SC",37,"North Carolina",119,"Mecklenburg",35.2401000008895,-80.785683
"2802","10/21/2017","AQS",371190041,1,0.054,"ppm",50,"Garinger High School",17,100,44201,"Ozone",16740,"Charlotte-Concord-Gastonia, NC-SC",37,"North Carolina",119,"Mecklenburg",35.2401000008895,-80.785683
"2803","10/22/2017","AQS",371190041,1,0.043,"ppm",40,"Garinger High School",17,100,44201,"Ozone",16740,"Charlotte-Concord-Gastonia, NC-SC",37,"North Carolina",119,"Mecklenburg",35.2401000008895,-80.785683
"2804","10/23/2017","AQS",371190041,1,0.027,"ppm",25,"Garinger High School",17,100,44201,"Ozone",16740,"Charlotte-Concord-Gastonia, NC-SC",37,"North Carolina",119,"Mecklenburg",35.2401000008895,-80.785683
"2805","10/24/2017","AQS",371190041,1,0.037,"ppm",34,"Garinger High School",17,100,44201,"Ozone",16740,"Charlotte-Concord-Gastonia, NC-SC",37,"North Carolina",119,"Mecklenburg",35.2401000008895,-80.785683
"2806","10/25/2017","AQS",371190041,1,0.037,"ppm",34,"Garinger High School",17,100,44201,"Ozone",16740,"Charlotte-Concord-Gastonia, NC-SC",37,"North Carolina",119,"Mecklenburg",35.2401000008895,-80.785683
"2807","10/26/2017","AQS",371190041,1,0.037,"ppm",34,"Garinger High School",17,100,44201,"Ozone",16740,"Charlotte-Concord-Gastonia, NC-SC",37,"North Carolina",119,"Mecklenburg",35.2401000008895,-80.785683
"2808","10/27/2017","AQS",371190041,1,0.043,"ppm",40,"Garinger High School",17,100,44201,"Ozone",16740,"Charlotte-Concord-Gastonia, NC-SC",37,"North Carolina",119,"Mecklenburg",35.2401000008895,-80.785683
"2809","10/28/2017","AQS",371190041,1,0.042,"ppm",39,"Garinger High School",17,100,44201,"Ozone",16740,"Charlotte-Concord-Gastonia, NC-SC",37,"North Carolina",119,"Mecklenburg",35.2401000008895,-80.785683
"2810","10/29/2017","AQS",371190041,1,0.02,"ppm",19,"Garinger High School",17,100,44201,"Ozone",16740,"Charlotte-Concord-Gastonia, NC-SC",37,"North Carolina",119,"Mecklenburg",35.2401000008895,-80.785683
"2811","10/30/2017","AQS",371190041,1,0.03,"ppm",28,"Garinger High School",17,100,44201,"Ozone",16740,"Charlotte-Concord-Gastonia, NC-SC",37,"North Carolina",119,"Mecklenburg",35.2401000008895,-80.785683
"2812","10/31/2017","AQS",371190041,1,0.035,"ppm",32,"Garinger High School",17,100,44201,"Ozone",16740,"Charlotte-Concord-Gastonia, NC-SC",37,"North Carolina",119,"Mecklenburg",35.2401000008895,-80.785683
"2813","11/01/2017","AQS",371190041,1,0.052,"ppm",48,"Garinger High School",17,100,44201,"Ozone",16740,"Charlotte-Concord-Gastonia, NC-SC",37,"North Carolina",119,"Mecklenburg",35.2401000008895,-80.785683
"2814","11/02/2017","AQS",371190041,1,0.037,"ppm",34,"Garinger High School",17,100,44201,"Ozone",16740,"Charlotte-Concord-Gastonia, NC-SC",37,"North Carolina",119,"Mecklenburg",35.2401000008895,-80.785683
"2815","11/03/2017","AQS",371190041,1,0.037,"ppm",34,"Garinger High School",17,100,44201,"Ozone",16740,"Charlotte-Concord-Gastonia, NC-SC",37,"North Carolina",119,"Mecklenburg",35.2401000008895,-80.785683
"2816","11/04/2017","AQS",371190041,1,0.027,"ppm",25,"Garinger High School",17,100,44201,"Ozone",16740,"Charlotte-Concord-Gastonia, NC-SC",37,"North Carolina",119,"Mecklenburg",35.2401000008895,-80.785683
"2817","11/05/2017","AQS",371190041,1,0.021,"ppm",19,"Garinger High School",17,100,44201,"Ozone",16740,"Charlotte-Concord-Gastonia, NC-SC",37,"North Carolina",119,"Mecklenburg",35.2401000008895,-80.785683
"2818","11/06/2017","AQS",371190041,1,0.024,"ppm",22,"Garinger High School",17,100,44201,"Ozone",16740,"Charlotte-Concord-Gastonia, NC-SC",37,"North Carolina",119,"Mecklenburg",35.2401000008895,-80.785683
"2819","11/07/2017","AQS",371190041,1,0.008,"ppm",7,"Garinger High School",17,100,44201,"Ozone",16740,"Charlotte-Concord-Gastonia, NC-SC",37,"North Carolina",119,"Mecklenburg",35.2401000008895,-80.785683
"2820","11/08/2017","AQS",371190041,1,0.016,"ppm",15,"Garinger High School",17,100,44201,"Ozone",16740,"Charlotte-Concord-Gastonia, NC-SC",37,"North Carolina",119,"Mecklenburg",35.2401000008895,-80.785683
"2821","11/09/2017","AQS",371190041,1,0.012,"ppm",11,"Garinger High School",17,100,44201,"Ozone",16740,"Charlotte-Concord-Gastonia, NC-SC",37,"North Carolina",119,"Mecklenburg",35.2401000008895,-80.785683
"2822","11/10/2017","AQS",371190041,1,0.035,"ppm",32,"Garinger High School",17,100,44201,"Ozone",16740,"Charlotte-Concord-Gastonia, NC-SC",37,"North Carolina",119,"Mecklenburg",35.2401000008895,-80.785683
"2823","11/11/2017","AQS",371190041,1,0.034,"ppm",31,"Garinger High School",17,100,44201,"Ozone",16740,"Charlotte-Concord-Gastonia, NC-SC",37,"North Carolina",119,"Mecklenburg",35.2401000008895,-80.785683
"2824","11/12/2017","AQS",371190041,1,0.031,"ppm",29,"Garinger High School",17,100,44201,"Ozone",16740,"Charlotte-Concord-Gastonia, NC-SC",37,"North Carolina",119,"Mecklenburg",35.2401000008895,-80.785683
"2825","11/13/2017","AQS",371190041,1,0.028,"ppm",26,"Garinger High School",17,100,44201,"Ozone",16740,"Charlotte-Concord-Gastonia, NC-SC",37,"North Carolina",119,"Mecklenburg",35.2401000008895,-80.785683
"2826","11/14/2017","AQS",371190041,1,0.025,"ppm",23,"Garinger High School",17,100,44201,"Ozone",16740,"Charlotte-Concord-Gastonia, NC-SC",37,"North Carolina",119,"Mecklenburg",35.2401000008895,-80.785683
"2827","11/15/2017","AQS",371190041,1,0.029,"ppm",27,"Garinger High School",17,100,44201,"Ozone",16740,"Charlotte-Concord-Gastonia, NC-SC",37,"North Carolina",119,"Mecklenburg",35.2401000008895,-80.785683
"2828","11/16/2017","AQS",371190041,1,0.031,"ppm",29,"Garinger High School",17,100,44201,"Ozone",16740,"Charlotte-Concord-Gastonia, NC-SC",37,"North Carolina",119,"Mecklenburg",35.2401000008895,-80.785683
"2829","11/17/2017","AQS",371190041,1,0.028,"ppm",26,"Garinger High School",17,100,44201,"Ozone",16740,"Charlotte-Concord-Gastonia, NC-SC",37,"North Carolina",119,"Mecklenburg",35.2401000008895,-80.785683
"2830","11/18/2017","AQS",371190041,1,0.043,"ppm",40,"Garinger High School",17,100,44201,"Ozone",16740,"Charlotte-Concord-Gastonia, NC-SC",37,"North Carolina",119,"Mecklenburg",35.2401000008895,-80.785683
"2831","11/19/2017","AQS",371190041,1,0.027,"ppm",25,"Garinger High School",17,100,44201,"Ozone",16740,"Charlotte-Concord-Gastonia, NC-SC",37,"North Carolina",119,"Mecklenburg",35.2401000008895,-80.785683
"2832","11/20/2017","AQS",371190041,1,0.03,"ppm",28,"Garinger High School",17,100,44201,"Ozone",16740,"Charlotte-Concord-Gastonia, NC-SC",37,"North Carolina",119,"Mecklenburg",35.2401000008895,-80.785683
"2833","11/21/2017","AQS",371190041,1,0.022,"ppm",20,"Garinger High School",17,100,44201,"Ozone",16740,"Charlotte-Concord-Gastonia, NC-SC",37,"North Carolina",119,"Mecklenburg",35.2401000008895,-80.785683
"2834","11/22/2017","AQS",371190041,1,0.036,"ppm",33,"Garinger High School",17,100,44201,"Ozone",16740,"Charlotte-Concord-Gastonia, NC-SC",37,"North Carolina",119,"Mecklenburg",35.2401000008895,-80.785683
"2835","11/23/2017","AQS",371190041,1,0.03,"ppm",28,"Garinger High School",17,100,44201,"Ozone",16740,"Charlotte-Concord-Gastonia, NC-SC",37,"North Carolina",119,"Mecklenburg",35.2401000008895,-80.785683
"2836","11/24/2017","AQS",371190041,1,0.034,"ppm",31,"Garinger High School",17,100,44201,"Ozone",16740,"Charlotte-Concord-Gastonia, NC-SC",37,"North Carolina",119,"Mecklenburg",35.2401000008895,-80.785683
"2837","11/25/2017","AQS",371190041,1,0.03,"ppm",28,"Garinger High School",17,100,44201,"Ozone",16740,"Charlotte-Concord-Gastonia, NC-SC",37,"North Carolina",119,"Mecklenburg",35.2401000008895,-80.785683
"2838","11/26/2017","AQS",371190041,1,0.039,"ppm",36,"Garinger High School",17,100,44201,"Ozone",16740,"Charlotte-Concord-Gastonia, NC-SC",37,"North Carolina",119,"Mecklenburg",35.2401000008895,-80.785683
"2839","11/27/2017","AQS",371190041,1,0.035,"ppm",32,"Garinger High School",17,100,44201,"Ozone",16740,"Charlotte-Concord-Gastonia, NC-SC",37,"North Carolina",119,"Mecklenburg",35.2401000008895,-80.785683
"2840","11/28/2017","AQS",371190041,1,0.042,"ppm",39,"Garinger High School",14,82,44201,"Ozone",16740,"Charlotte-Concord-Gastonia, NC-SC",37,"North Carolina",119,"Mecklenburg",35.2401000008895,-80.785683
"2841","11/29/2017","AQS",371190041,1,0.041,"ppm",38,"Garinger High School",17,100,44201,"Ozone",16740,"Charlotte-Concord-Gastonia, NC-SC",37,"North Carolina",119,"Mecklenburg",35.2401000008895,-80.785683
"2842","11/30/2017","AQS",371190041,1,0.038,"ppm",35,"Garinger High School",17,100,44201,"Ozone",16740,"Charlotte-Concord-Gastonia, NC-SC",37,"North Carolina",119,"Mecklenburg",35.2401000008895,-80.785683
"2843","12/01/2017","AQS",371190041,1,0.043,"ppm",40,"Garinger High School",17,100,44201,"Ozone",16740,"Charlotte-Concord-Gastonia, NC-SC",37,"North Carolina",119,"Mecklenburg",35.2401000008895,-80.785683
"2844","12/02/2017","AQS",371190041,1,0.034,"ppm",31,"Garinger High School",17,100,44201,"Ozone",16740,"Charlotte-Concord-Gastonia, NC-SC",37,"North Carolina",119,"Mecklenburg",35.2401000008895,-80.785683
"2845","12/03/2017","AQS",371190041,1,0.04,"ppm",37,"Garinger High School",17,100,44201,"Ozone",16740,"Charlotte-Concord-Gastonia, NC-SC",37,"North Carolina",119,"Mecklenburg",35.2401000008895,-80.785683
"2846","12/04/2017","AQS",371190041,1,0.039,"ppm",36,"Garinger High School",17,100,44201,"Ozone",16740,"Charlotte-Concord-Gastonia, NC-SC",37,"North Carolina",119,"Mecklenburg",35.2401000008895,-80.785683
"2847","12/05/2017","AQS",371190041,1,0.032,"ppm",30,"Garinger High School",17,100,44201,"Ozone",16740,"Charlotte-Concord-Gastonia, NC-SC",37,"North Carolina",119,"Mecklenburg",35.2401000008895,-80.785683
"2848","12/06/2017","AQS",371190041,1,0.02,"ppm",19,"Garinger High School",17,100,44201,"Ozone",16740,"Charlotte-Concord-Gastonia, NC-SC",37,"North Carolina",119,"Mecklenburg",35.2401000008895,-80.785683
"2849","12/07/2017","AQS",371190041,1,0.024,"ppm",22,"Garinger High School",17,100,44201,"Ozone",16740,"Charlotte-Concord-Gastonia, NC-SC",37,"North Carolina",119,"Mecklenburg",35.2401000008895,-80.785683
"2850","12/08/2017","AQS",371190041,1,0.026,"ppm",24,"Garinger High School",17,100,44201,"Ozone",16740,"Charlotte-Concord-Gastonia, NC-SC",37,"North Carolina",119,"Mecklenburg",35.2401000008895,-80.785683
"2851","12/09/2017","AQS",371190041,1,0.025,"ppm",23,"Garinger High School",17,100,44201,"Ozone",16740,"Charlotte-Concord-Gastonia, NC-SC",37,"North Carolina",119,"Mecklenburg",35.2401000008895,-80.785683
"2852","12/10/2017","AQS",371190041,1,0.028,"ppm",26,"Garinger High School",17,100,44201,"Ozone",16740,"Charlotte-Concord-Gastonia, NC-SC",37,"North Carolina",119,"Mecklenburg",35.2401000008895,-80.785683
"2853","12/11/2017","AQS",371190041,1,0.027,"ppm",25,"Garinger High School",17,100,44201,"Ozone",16740,"Charlotte-Concord-Gastonia, NC-SC",37,"North Carolina",119,"Mecklenburg",35.2401000008895,-80.785683
"2854","12/12/2017","AQS",371190041,1,0.032,"ppm",30,"Garinger High School",17,100,44201,"Ozone",16740,"Charlotte-Concord-Gastonia, NC-SC",37,"North Carolina",119,"Mecklenburg",35.2401000008895,-80.785683
"2855","12/13/2017","AQS",371190041,1,0.035,"ppm",32,"Garinger High School",17,100,44201,"Ozone",16740,"Charlotte-Concord-Gastonia, NC-SC",37,"North Carolina",119,"Mecklenburg",35.2401000008895,-80.785683
"2856","12/14/2017","AQS",371190041,1,0.03,"ppm",28,"Garinger High School",17,100,44201,"Ozone",16740,"Charlotte-Concord-Gastonia, NC-SC",37,"North Carolina",119,"Mecklenburg",35.2401000008895,-80.785683
"2857","12/15/2017","AQS",371190041,1,0.013,"ppm",12,"Garinger High School",17,100,44201,"Ozone",16740,"Charlotte-Concord-Gastonia, NC-SC",37,"North Carolina",119,"Mecklenburg",35.2401000008895,-80.785683
"2858","12/16/2017","AQS",371190041,1,0.028,"ppm",26,"Garinger High School",17,100,44201,"Ozone",16740,"Charlotte-Concord-Gastonia, NC-SC",37,"North Carolina",119,"Mecklenburg",35.2401000008895,-80.785683
"2859","12/17/2017","AQS",371190041,1,0.029,"ppm",27,"Garinger High School",17,100,44201,"Ozone",16740,"Charlotte-Concord-Gastonia, NC-SC",37,"North Carolina",119,"Mecklenburg",35.2401000008895,-80.785683
"2860","12/18/2017","AQS",371190041,1,0.031,"ppm",29,"Garinger High School",17,100,44201,"Ozone",16740,"Charlotte-Concord-Gastonia, NC-SC",37,"North Carolina",119,"Mecklenburg",35.2401000008895,-80.785683
"2861","12/19/2017","AQS",371190041,1,0.029,"ppm",27,"Garinger High School",17,100,44201,"Ozone",16740,"Charlotte-Concord-Gastonia, NC-SC",37,"North Carolina",119,"Mecklenburg",35.2401000008895,-80.785683
"2862","12/20/2017","AQS",371190041,1,0.024,"ppm",22,"Garinger High School",17,100,44201,"Ozone",16740,"Charlotte-Concord-Gastonia, NC-SC",37,"North Carolina",119,"Mecklenburg",35.2401000008895,-80.785683
"2863","12/21/2017","AQS",371190041,1,0.026,"ppm",24,"Garinger High School",17,100,44201,"Ozone",16740,"Charlotte-Concord-Gastonia, NC-SC",37,"North Carolina",119,"Mecklenburg",35.2401000008895,-80.785683
"2864","12/22/2017","AQS",371190041,1,0.028,"ppm",26,"Garinger High School",17,100,44201,"Ozone",16740,"Charlotte-Concord-Gastonia, NC-SC",37,"North Carolina",119,"Mecklenburg",35.2401000008895,-80.785683
"2865","12/23/2017","AQS",371190041,1,0.024,"ppm",22,"Garinger High School",17,100,44201,"Ozone",16740,"Charlotte-Concord-Gastonia, NC-SC",37,"North Carolina",119,"Mecklenburg",35.2401000008895,-80.785683
"2866","12/24/2017","AQS",371190041,1,0.023,"ppm",21,"Garinger High School",17,100,44201,"Ozone",16740,"Charlotte-Concord-Gastonia, NC-SC",37,"North Carolina",119,"Mecklenburg",35.2401000008895,-80.785683
"2867","12/25/2017","AQS",371190041,1,0.032,"ppm",30,"Garinger High School",17,100,44201,"Ozone",16740,"Charlotte-Concord-Gastonia, NC-SC",37,"North Carolina",119,"Mecklenburg",35.2401000008895,-80.785683
"2868","12/26/2017","AQS",371190041,1,0.035,"ppm",32,"Garinger High School",17,100,44201,"Ozone",16740,"Charlotte-Concord-Gastonia, NC-SC",37,"North Carolina",119,"Mecklenburg",35.2401000008895,-80.785683
"2869","12/27/2017","AQS",371190041,1,0.027,"ppm",25,"Garinger High School",17,100,44201,"Ozone",16740,"Charlotte-Concord-Gastonia, NC-SC",37,"North Carolina",119,"Mecklenburg",35.2401000008895,-80.785683
"2870","12/28/2017","AQS",371190041,1,0.031,"ppm",29,"Garinger High School",17,100,44201,"Ozone",16740,"Charlotte-Concord-Gastonia, NC-SC",37,"North Carolina",119,"Mecklenburg",35.2401000008895,-80.785683
"2871","12/29/2017","AQS",371190041,1,0.022,"ppm",20,"Garinger High School",17,100,44201,"Ozone",16740,"Charlotte-Concord-Gastonia, NC-SC",37,"North Carolina",119,"Mecklenburg",35.2401000008895,-80.785683
"2872","12/30/2017","AQS",371190041,1,0.031,"ppm",29,"Garinger High School",17,100,44201,"Ozone",16740,"Charlotte-Concord-Gastonia, NC-SC",37,"North Carolina",119,"Mecklenburg",35.2401000008895,-80.785683
"2873","01/01/2018","AQS",371190041,1,0.035,"ppm",32,"Garinger High School",17,100,44201,"Ozone",16740,"Charlotte-Concord-Gastonia, NC-SC",37,"North Carolina",119,"Mecklenburg",35.2401000008895,-80.785683
"2874","01/02/2018","AQS",371190041,1,0.033,"ppm",31,"Garinger High School",17,100,44201,"Ozone",16740,"Charlotte-Concord-Gastonia, NC-SC",37,"North Carolina",119,"Mecklenburg",35.2401000008895,-80.785683
"2875","01/03/2018","AQS",371190041,1,0.023,"ppm",21,"Garinger High School",17,100,44201,"Ozone",16740,"Charlotte-Concord-Gastonia, NC-SC",37,"North Carolina",119,"Mecklenburg",35.2401000008895,-80.785683
"2876","01/04/2018","AQS",371190041,1,0.032,"ppm",30,"Garinger High School",17,100,44201,"Ozone",16740,"Charlotte-Concord-Gastonia, NC-SC",37,"North Carolina",119,"Mecklenburg",35.2401000008895,-80.785683
"2877","01/05/2018","AQS",371190041,1,0.032,"ppm",30,"Garinger High School",17,100,44201,"Ozone",16740,"Charlotte-Concord-Gastonia, NC-SC",37,"North Carolina",119,"Mecklenburg",35.2401000008895,-80.785683
"2878","01/06/2018","AQS",371190041,1,0.033,"ppm",31,"Garinger High School",17,100,44201,"Ozone",16740,"Charlotte-Concord-Gastonia, NC-SC",37,"North Carolina",119,"Mecklenburg",35.2401000008895,-80.785683
"2879","01/07/2018","AQS",371190041,1,0.033,"ppm",31,"Garinger High School",17,100,44201,"Ozone",16740,"Charlotte-Concord-Gastonia, NC-SC",37,"North Carolina",119,"Mecklenburg",35.2401000008895,-80.785683
"2880","01/08/2018","AQS",371190041,1,0.017,"ppm",16,"Garinger High School",17,100,44201,"Ozone",16740,"Charlotte-Concord-Gastonia, NC-SC",37,"North Carolina",119,"Mecklenburg",35.2401000008895,-80.785683
"2881","01/09/2018","AQS",371190041,1,0.03,"ppm",28,"Garinger High School",17,100,44201,"Ozone",16740,"Charlotte-Concord-Gastonia, NC-SC",37,"North Carolina",119,"Mecklenburg",35.2401000008895,-80.785683
"2882","01/10/2018","AQS",371190041,1,0.034,"ppm",31,"Garinger High School",17,100,44201,"Ozone",16740,"Charlotte-Concord-Gastonia, NC-SC",37,"North Carolina",119,"Mecklenburg",35.2401000008895,-80.785683
"2883","01/11/2018","AQS",371190041,1,0.028,"ppm",26,"Garinger High School",17,100,44201,"Ozone",16740,"Charlotte-Concord-Gastonia, NC-SC",37,"North Carolina",119,"Mecklenburg",35.2401000008895,-80.785683
"2884","01/12/2018","AQS",371190041,1,0.036,"ppm",33,"Garinger High School",17,100,44201,"Ozone",16740,"Charlotte-Concord-Gastonia, NC-SC",37,"North Carolina",119,"Mecklenburg",35.2401000008895,-80.785683
"2885","01/13/2018","AQS",371190041,1,0.035,"ppm",32,"Garinger High School",17,100,44201,"Ozone",16740,"Charlotte-Concord-Gastonia, NC-SC",37,"North Carolina",119,"Mecklenburg",35.2401000008895,-80.785683
"2886","01/14/2018","AQS",371190041,1,0.033,"ppm",31,"Garinger High School",17,100,44201,"Ozone",16740,"Charlotte-Concord-Gastonia, NC-SC",37,"North Carolina",119,"Mecklenburg",35.2401000008895,-80.785683
"2887","01/15/2018","AQS",371190041,1,0.029,"ppm",27,"Garinger High School",17,100,44201,"Ozone",16740,"Charlotte-Concord-Gastonia, NC-SC",37,"North Carolina",119,"Mecklenburg",35.2401000008895,-80.785683
"2888","01/16/2018","AQS",371190041,1,0.03,"ppm",28,"Garinger High School",17,100,44201,"Ozone",16740,"Charlotte-Concord-Gastonia, NC-SC",37,"North Carolina",119,"Mecklenburg",35.2401000008895,-80.785683
"2889","01/17/2018","AQS",371190041,1,0.03,"ppm",28,"Garinger High School",17,100,44201,"Ozone",16740,"Charlotte-Concord-Gastonia, NC-SC",37,"North Carolina",119,"Mecklenburg",35.2401000008895,-80.785683
"2890","01/18/2018","AQS",371190041,1,0.033,"ppm",31,"Garinger High School",17,100,44201,"Ozone",16740,"Charlotte-Concord-Gastonia, NC-SC",37,"North Carolina",119,"Mecklenburg",35.2401000008895,-80.785683
"2891","01/19/2018","AQS",371190041,1,0.024,"ppm",22,"Garinger High School",17,100,44201,"Ozone",16740,"Charlotte-Concord-Gastonia, NC-SC",37,"North Carolina",119,"Mecklenburg",35.2401000008895,-80.785683
"2892","01/20/2018","AQS",371190041,1,0.035,"ppm",32,"Garinger High School",17,100,44201,"Ozone",16740,"Charlotte-Concord-Gastonia, NC-SC",37,"North Carolina",119,"Mecklenburg",35.2401000008895,-80.785683
"2893","01/21/2018","AQS",371190041,1,0.039,"ppm",36,"Garinger High School",17,100,44201,"Ozone",16740,"Charlotte-Concord-Gastonia, NC-SC",37,"North Carolina",119,"Mecklenburg",35.2401000008895,-80.785683
"2894","01/22/2018","AQS",371190041,1,0.04,"ppm",37,"Garinger High School",17,100,44201,"Ozone",16740,"Charlotte-Concord-Gastonia, NC-SC",37,"North Carolina",119,"Mecklenburg",35.2401000008895,-80.785683
"2895","01/23/2018","AQS",371190041,1,0.039,"ppm",36,"Garinger High School",17,100,44201,"Ozone",16740,"Charlotte-Concord-Gastonia, NC-SC",37,"North Carolina",119,"Mecklenburg",35.2401000008895,-80.785683
"2896","01/24/2018","AQS",371190041,1,0.03,"ppm",28,"Garinger High School",17,100,44201,"Ozone",16740,"Charlotte-Concord-Gastonia, NC-SC",37,"North Carolina",119,"Mecklenburg",35.2401000008895,-80.785683
"2897","01/25/2018","AQS",371190041,1,0.034,"ppm",31,"Garinger High School",17,100,44201,"Ozone",16740,"Charlotte-Concord-Gastonia, NC-SC",37,"North Carolina",119,"Mecklenburg",35.2401000008895,-80.785683
"2898","01/26/2018","AQS",371190041,1,0.037,"ppm",34,"Garinger High School",17,100,44201,"Ozone",16740,"Charlotte-Concord-Gastonia, NC-SC",37,"North Carolina",119,"Mecklenburg",35.2401000008895,-80.785683
"2899","01/27/2018","AQS",371190041,1,0.033,"ppm",31,"Garinger High School",17,100,44201,"Ozone",16740,"Charlotte-Concord-Gastonia, NC-SC",37,"North Carolina",119,"Mecklenburg",35.2401000008895,-80.785683
"2900","01/28/2018","AQS",371190041,1,0.031,"ppm",29,"Garinger High School",17,100,44201,"Ozone",16740,"Charlotte-Concord-Gastonia, NC-SC",37,"North Carolina",119,"Mecklenburg",35.2401000008895,-80.785683
"2901","01/29/2018","AQS",371190041,1,0.025,"ppm",23,"Garinger High School",17,100,44201,"Ozone",16740,"Charlotte-Concord-Gastonia, NC-SC",37,"North Carolina",119,"Mecklenburg",35.2401000008895,-80.785683
"2902","01/31/2018","AQS",371190041,1,0.033,"ppm",31,"Garinger High School",17,100,44201,"Ozone",16740,"Charlotte-Concord-Gastonia, NC-SC",37,"North Carolina",119,"Mecklenburg",35.2401000008895,-80.785683
"2903","02/01/2018","AQS",371190041,1,0.036,"ppm",33,"Garinger High School",17,100,44201,"Ozone",16740,"Charlotte-Concord-Gastonia, NC-SC",37,"North Carolina",119,"Mecklenburg",35.2401000008895,-80.785683
"2904","02/02/2018","AQS",371190041,1,0.037,"ppm",34,"Garinger High School",17,100,44201,"Ozone",16740,"Charlotte-Concord-Gastonia, NC-SC",37,"North Carolina",119,"Mecklenburg",35.2401000008895,-80.785683
"2905","02/03/2018","AQS",371190041,1,0.037,"ppm",34,"Garinger High School",17,100,44201,"Ozone",16740,"Charlotte-Concord-Gastonia, NC-SC",37,"North Carolina",119,"Mecklenburg",35.2401000008895,-80.785683
"2906","02/04/2018","AQS",371190041,1,0.022,"ppm",20,"Garinger High School",17,100,44201,"Ozone",16740,"Charlotte-Concord-Gastonia, NC-SC",37,"North Carolina",119,"Mecklenburg",35.2401000008895,-80.785683
"2907","02/05/2018","AQS",371190041,1,0.034,"ppm",31,"Garinger High School",17,100,44201,"Ozone",16740,"Charlotte-Concord-Gastonia, NC-SC",37,"North Carolina",119,"Mecklenburg",35.2401000008895,-80.785683
"2908","02/06/2018","AQS",371190041,1,0.026,"ppm",24,"Garinger High School",17,100,44201,"Ozone",16740,"Charlotte-Concord-Gastonia, NC-SC",37,"North Carolina",119,"Mecklenburg",35.2401000008895,-80.785683
"2909","02/07/2018","AQS",371190041,1,0.025,"ppm",23,"Garinger High School",17,100,44201,"Ozone",16740,"Charlotte-Concord-Gastonia, NC-SC",37,"North Carolina",119,"Mecklenburg",35.2401000008895,-80.785683
"2910","02/08/2018","AQS",371190041,1,0.034,"ppm",31,"Garinger High School",17,100,44201,"Ozone",16740,"Charlotte-Concord-Gastonia, NC-SC",37,"North Carolina",119,"Mecklenburg",35.2401000008895,-80.785683
"2911","02/09/2018","AQS",371190041,1,0.038,"ppm",35,"Garinger High School",17,100,44201,"Ozone",16740,"Charlotte-Concord-Gastonia, NC-SC",37,"North Carolina",119,"Mecklenburg",35.2401000008895,-80.785683
"2912","02/10/2018","AQS",371190041,1,0.018,"ppm",17,"Garinger High School",17,100,44201,"Ozone",16740,"Charlotte-Concord-Gastonia, NC-SC",37,"North Carolina",119,"Mecklenburg",35.2401000008895,-80.785683
"2913","02/11/2018","AQS",371190041,1,0.022,"ppm",20,"Garinger High School",17,100,44201,"Ozone",16740,"Charlotte-Concord-Gastonia, NC-SC",37,"North Carolina",119,"Mecklenburg",35.2401000008895,-80.785683
"2914","02/12/2018","AQS",371190041,1,0.035,"ppm",32,"Garinger High School",17,100,44201,"Ozone",16740,"Charlotte-Concord-Gastonia, NC-SC",37,"North Carolina",119,"Mecklenburg",35.2401000008895,-80.785683
"2915","02/13/2018","AQS",371190041,1,0.035,"ppm",32,"Garinger High School",17,100,44201,"Ozone",16740,"Charlotte-Concord-Gastonia, NC-SC",37,"North Carolina",119,"Mecklenburg",35.2401000008895,-80.785683
"2916","02/14/2018","AQS",371190041,1,0.024,"ppm",22,"Garinger High School",17,100,44201,"Ozone",16740,"Charlotte-Concord-Gastonia, NC-SC",37,"North Carolina",119,"Mecklenburg",35.2401000008895,-80.785683
"2917","02/15/2018","AQS",371190041,1,0.027,"ppm",25,"Garinger High School",17,100,44201,"Ozone",16740,"Charlotte-Concord-Gastonia, NC-SC",37,"North Carolina",119,"Mecklenburg",35.2401000008895,-80.785683
"2918","02/16/2018","AQS",371190041,1,0.037,"ppm",34,"Garinger High School",17,100,44201,"Ozone",16740,"Charlotte-Concord-Gastonia, NC-SC",37,"North Carolina",119,"Mecklenburg",35.2401000008895,-80.785683
"2919","02/17/2018","AQS",371190041,1,0.028,"ppm",26,"Garinger High School",17,100,44201,"Ozone",16740,"Charlotte-Concord-Gastonia, NC-SC",37,"North Carolina",119,"Mecklenburg",35.2401000008895,-80.785683
"2920","02/18/2018","AQS",371190041,1,0.039,"ppm",36,"Garinger High School",17,100,44201,"Ozone",16740,"Charlotte-Concord-Gastonia, NC-SC",37,"North Carolina",119,"Mecklenburg",35.2401000008895,-80.785683
"2921","02/19/2018","AQS",371190041,1,0.022,"ppm",20,"Garinger High School",17,100,44201,"Ozone",16740,"Charlotte-Concord-Gastonia, NC-SC",37,"North Carolina",119,"Mecklenburg",35.2401000008895,-80.785683
"2922","02/20/2018","AQS",371190041,1,0.026,"ppm",24,"Garinger High School",17,100,44201,"Ozone",16740,"Charlotte-Concord-Gastonia, NC-SC",37,"North Carolina",119,"Mecklenburg",35.2401000008895,-80.785683
"2923","02/21/2018","AQS",371190041,1,0.024,"ppm",22,"Garinger High School",17,100,44201,"Ozone",16740,"Charlotte-Concord-Gastonia, NC-SC",37,"North Carolina",119,"Mecklenburg",35.2401000008895,-80.785683
"2924","02/22/2018","AQS",371190041,1,0.026,"ppm",24,"Garinger High School",17,100,44201,"Ozone",16740,"Charlotte-Concord-Gastonia, NC-SC",37,"North Carolina",119,"Mecklenburg",35.2401000008895,-80.785683
"2925","02/23/2018","AQS",371190041,1,0.038,"ppm",35,"Garinger High School",17,100,44201,"Ozone",16740,"Charlotte-Concord-Gastonia, NC-SC",37,"North Carolina",119,"Mecklenburg",35.2401000008895,-80.785683
"2926","02/24/2018","AQS",371190041,1,0.035,"ppm",32,"Garinger High School",17,100,44201,"Ozone",16740,"Charlotte-Concord-Gastonia, NC-SC",37,"North Carolina",119,"Mecklenburg",35.2401000008895,-80.785683
"2927","02/25/2018","AQS",371190041,1,0.028,"ppm",26,"Garinger High School",17,100,44201,"Ozone",16740,"Charlotte-Concord-Gastonia, NC-SC",37,"North Carolina",119,"Mecklenburg",35.2401000008895,-80.785683
"2928","02/27/2018","AQS",371190041,1,0.045,"ppm",42,"Garinger High School",17,100,44201,"Ozone",16740,"Charlotte-Concord-Gastonia, NC-SC",37,"North Carolina",119,"Mecklenburg",35.2401000008895,-80.785683
"2929","02/28/2018","AQS",371190041,1,0.035,"ppm",32,"Garinger High School",17,100,44201,"Ozone",16740,"Charlotte-Concord-Gastonia, NC-SC",37,"North Carolina",119,"Mecklenburg",35.2401000008895,-80.785683
"2930","03/01/2018","AQS",371190041,1,0.039,"ppm",36,"Garinger High School",17,100,44201,"Ozone",16740,"Charlotte-Concord-Gastonia, NC-SC",37,"North Carolina",119,"Mecklenburg",35.2401000008895,-80.785683
"2931","03/02/2018","AQS",371190041,1,0.047,"ppm",44,"Garinger High School",17,100,44201,"Ozone",16740,"Charlotte-Concord-Gastonia, NC-SC",37,"North Carolina",119,"Mecklenburg",35.2401000008895,-80.785683
"2932","03/03/2018","AQS",371190041,1,0.046,"ppm",43,"Garinger High School",17,100,44201,"Ozone",16740,"Charlotte-Concord-Gastonia, NC-SC",37,"North Carolina",119,"Mecklenburg",35.2401000008895,-80.785683
"2933","03/04/2018","AQS",371190041,1,0.048,"ppm",44,"Garinger High School",17,100,44201,"Ozone",16740,"Charlotte-Concord-Gastonia, NC-SC",37,"North Carolina",119,"Mecklenburg",35.2401000008895,-80.785683
"2934","03/05/2018","AQS",371190041,1,0.048,"ppm",44,"Garinger High School",17,100,44201,"Ozone",16740,"Charlotte-Concord-Gastonia, NC-SC",37,"North Carolina",119,"Mecklenburg",35.2401000008895,-80.785683
"2935","03/06/2018","AQS",371190041,1,0.021,"ppm",19,"Garinger High School",17,100,44201,"Ozone",16740,"Charlotte-Concord-Gastonia, NC-SC",37,"North Carolina",119,"Mecklenburg",35.2401000008895,-80.785683
"2936","03/07/2018","AQS",371190041,1,0.036,"ppm",33,"Garinger High School",17,100,44201,"Ozone",16740,"Charlotte-Concord-Gastonia, NC-SC",37,"North Carolina",119,"Mecklenburg",35.2401000008895,-80.785683
"2937","03/08/2018","AQS",371190041,1,0.042,"ppm",39,"Garinger High School",17,100,44201,"Ozone",16740,"Charlotte-Concord-Gastonia, NC-SC",37,"North Carolina",119,"Mecklenburg",35.2401000008895,-80.785683
"2938","03/09/2018","AQS",371190041,1,0.046,"ppm",43,"Garinger High School",17,100,44201,"Ozone",16740,"Charlotte-Concord-Gastonia, NC-SC",37,"North Carolina",119,"Mecklenburg",35.2401000008895,-80.785683
"2939","03/10/2018","AQS",371190041,1,0.036,"ppm",33,"Garinger High School",17,100,44201,"Ozone",16740,"Charlotte-Concord-Gastonia, NC-SC",37,"North Carolina",119,"Mecklenburg",35.2401000008895,-80.785683
"2940","03/11/2018","AQS",371190041,1,0.028,"ppm",26,"Garinger High School",17,100,44201,"Ozone",16740,"Charlotte-Concord-Gastonia, NC-SC",37,"North Carolina",119,"Mecklenburg",35.2401000008895,-80.785683
"2941","03/12/2018","AQS",371190041,1,0.037,"ppm",34,"Garinger High School",17,100,44201,"Ozone",16740,"Charlotte-Concord-Gastonia, NC-SC",37,"North Carolina",119,"Mecklenburg",35.2401000008895,-80.785683
"2942","03/13/2018","AQS",371190041,1,0.045,"ppm",42,"Garinger High School",17,100,44201,"Ozone",16740,"Charlotte-Concord-Gastonia, NC-SC",37,"North Carolina",119,"Mecklenburg",35.2401000008895,-80.785683
"2943","03/14/2018","AQS",371190041,1,0.046,"ppm",43,"Garinger High School",15,88,44201,"Ozone",16740,"Charlotte-Concord-Gastonia, NC-SC",37,"North Carolina",119,"Mecklenburg",35.2401000008895,-80.785683
"2944","03/15/2018","AQS",371190041,1,0.052,"ppm",48,"Garinger High School",17,100,44201,"Ozone",16740,"Charlotte-Concord-Gastonia, NC-SC",37,"North Carolina",119,"Mecklenburg",35.2401000008895,-80.785683
"2945","03/16/2018","AQS",371190041,1,0.06,"ppm",67,"Garinger High School",17,100,44201,"Ozone",16740,"Charlotte-Concord-Gastonia, NC-SC",37,"North Carolina",119,"Mecklenburg",35.2401000008895,-80.785683
"2946","03/17/2018","AQS",371190041,1,0.046,"ppm",43,"Garinger High School",17,100,44201,"Ozone",16740,"Charlotte-Concord-Gastonia, NC-SC",37,"North Carolina",119,"Mecklenburg",35.2401000008895,-80.785683
"2947","03/18/2018","AQS",371190041,1,0.047,"ppm",44,"Garinger High School",17,100,44201,"Ozone",16740,"Charlotte-Concord-Gastonia, NC-SC",37,"North Carolina",119,"Mecklenburg",35.2401000008895,-80.785683
"2948","03/19/2018","AQS",371190041,1,0.046,"ppm",43,"Garinger High School",17,100,44201,"Ozone",16740,"Charlotte-Concord-Gastonia, NC-SC",37,"North Carolina",119,"Mecklenburg",35.2401000008895,-80.785683
"2949","03/20/2018","AQS",371190041,1,0.031,"ppm",29,"Garinger High School",17,100,44201,"Ozone",16740,"Charlotte-Concord-Gastonia, NC-SC",37,"North Carolina",119,"Mecklenburg",35.2401000008895,-80.785683
"2950","03/21/2018","AQS",371190041,1,0.035,"ppm",32,"Garinger High School",17,100,44201,"Ozone",16740,"Charlotte-Concord-Gastonia, NC-SC",37,"North Carolina",119,"Mecklenburg",35.2401000008895,-80.785683
"2951","03/22/2018","AQS",371190041,1,0.049,"ppm",45,"Garinger High School",17,100,44201,"Ozone",16740,"Charlotte-Concord-Gastonia, NC-SC",37,"North Carolina",119,"Mecklenburg",35.2401000008895,-80.785683
"2952","03/23/2018","AQS",371190041,1,0.052,"ppm",48,"Garinger High School",17,100,44201,"Ozone",16740,"Charlotte-Concord-Gastonia, NC-SC",37,"North Carolina",119,"Mecklenburg",35.2401000008895,-80.785683
"2953","03/24/2018","AQS",371190041,1,0.045,"ppm",42,"Garinger High School",17,100,44201,"Ozone",16740,"Charlotte-Concord-Gastonia, NC-SC",37,"North Carolina",119,"Mecklenburg",35.2401000008895,-80.785683
"2954","03/25/2018","AQS",371190041,1,0.048,"ppm",44,"Garinger High School",17,100,44201,"Ozone",16740,"Charlotte-Concord-Gastonia, NC-SC",37,"North Carolina",119,"Mecklenburg",35.2401000008895,-80.785683
"2955","03/26/2018","AQS",371190041,1,0.047,"ppm",44,"Garinger High School",17,100,44201,"Ozone",16740,"Charlotte-Concord-Gastonia, NC-SC",37,"North Carolina",119,"Mecklenburg",35.2401000008895,-80.785683
"2956","03/27/2018","AQS",371190041,1,0.037,"ppm",34,"Garinger High School",17,100,44201,"Ozone",16740,"Charlotte-Concord-Gastonia, NC-SC",37,"North Carolina",119,"Mecklenburg",35.2401000008895,-80.785683
"2957","03/28/2018","AQS",371190041,1,0.041,"ppm",38,"Garinger High School",17,100,44201,"Ozone",16740,"Charlotte-Concord-Gastonia, NC-SC",37,"North Carolina",119,"Mecklenburg",35.2401000008895,-80.785683
"2958","03/29/2018","AQS",371190041,1,0.049,"ppm",45,"Garinger High School",17,100,44201,"Ozone",16740,"Charlotte-Concord-Gastonia, NC-SC",37,"North Carolina",119,"Mecklenburg",35.2401000008895,-80.785683
"2959","03/30/2018","AQS",371190041,1,0.044,"ppm",41,"Garinger High School",17,100,44201,"Ozone",16740,"Charlotte-Concord-Gastonia, NC-SC",37,"North Carolina",119,"Mecklenburg",35.2401000008895,-80.785683
"2960","03/31/2018","AQS",371190041,1,0.05,"ppm",46,"Garinger High School",17,100,44201,"Ozone",16740,"Charlotte-Concord-Gastonia, NC-SC",37,"North Carolina",119,"Mecklenburg",35.2401000008895,-80.785683
"2961","04/01/2018","AQS",371190041,1,0.053,"ppm",49,"Garinger High School",17,100,44201,"Ozone",16740,"Charlotte-Concord-Gastonia, NC-SC",37,"North Carolina",119,"Mecklenburg",35.2401000008895,-80.785683
"2962","04/02/2018","AQS",371190041,1,0.052,"ppm",48,"Garinger High School",17,100,44201,"Ozone",16740,"Charlotte-Concord-Gastonia, NC-SC",37,"North Carolina",119,"Mecklenburg",35.2401000008895,-80.785683
"2963","04/03/2018","AQS",371190041,1,0.047,"ppm",44,"Garinger High School",17,100,44201,"Ozone",16740,"Charlotte-Concord-Gastonia, NC-SC",37,"North Carolina",119,"Mecklenburg",35.2401000008895,-80.785683
"2964","04/04/2018","AQS",371190041,1,0.047,"ppm",44,"Garinger High School",17,100,44201,"Ozone",16740,"Charlotte-Concord-Gastonia, NC-SC",37,"North Carolina",119,"Mecklenburg",35.2401000008895,-80.785683
"2965","04/05/2018","AQS",371190041,1,0.048,"ppm",44,"Garinger High School",17,100,44201,"Ozone",16740,"Charlotte-Concord-Gastonia, NC-SC",37,"North Carolina",119,"Mecklenburg",35.2401000008895,-80.785683
"2966","04/07/2018","AQS",371190041,1,0.042,"ppm",39,"Garinger High School",17,100,44201,"Ozone",16740,"Charlotte-Concord-Gastonia, NC-SC",37,"North Carolina",119,"Mecklenburg",35.2401000008895,-80.785683
"2967","04/08/2018","AQS",371190041,1,0.047,"ppm",44,"Garinger High School",17,100,44201,"Ozone",16740,"Charlotte-Concord-Gastonia, NC-SC",37,"North Carolina",119,"Mecklenburg",35.2401000008895,-80.785683
"2968","04/09/2018","AQS",371190041,1,0.047,"ppm",44,"Garinger High School",17,100,44201,"Ozone",16740,"Charlotte-Concord-Gastonia, NC-SC",37,"North Carolina",119,"Mecklenburg",35.2401000008895,-80.785683
"2969","04/10/2018","AQS",371190041,1,0.048,"ppm",44,"Garinger High School",17,100,44201,"Ozone",16740,"Charlotte-Concord-Gastonia, NC-SC",37,"North Carolina",119,"Mecklenburg",35.2401000008895,-80.785683
"2970","04/11/2018","AQS",371190041,1,0.05,"ppm",46,"Garinger High School",17,100,44201,"Ozone",16740,"Charlotte-Concord-Gastonia, NC-SC",37,"North Carolina",119,"Mecklenburg",35.2401000008895,-80.785683
"2971","04/12/2018","AQS",371190041,1,0.057,"ppm",58,"Garinger High School",17,100,44201,"Ozone",16740,"Charlotte-Concord-Gastonia, NC-SC",37,"North Carolina",119,"Mecklenburg",35.2401000008895,-80.785683
"2972","04/13/2018","AQS",371190041,1,0.056,"ppm",54,"Garinger High School",17,100,44201,"Ozone",16740,"Charlotte-Concord-Gastonia, NC-SC",37,"North Carolina",119,"Mecklenburg",35.2401000008895,-80.785683
"2973","04/14/2018","AQS",371190041,1,0.051,"ppm",47,"Garinger High School",17,100,44201,"Ozone",16740,"Charlotte-Concord-Gastonia, NC-SC",37,"North Carolina",119,"Mecklenburg",35.2401000008895,-80.785683
"2974","04/15/2018","AQS",371190041,1,0.037,"ppm",34,"Garinger High School",17,100,44201,"Ozone",16740,"Charlotte-Concord-Gastonia, NC-SC",37,"North Carolina",119,"Mecklenburg",35.2401000008895,-80.785683
"2975","04/16/2018","AQS",371190041,1,0.036,"ppm",33,"Garinger High School",17,100,44201,"Ozone",16740,"Charlotte-Concord-Gastonia, NC-SC",37,"North Carolina",119,"Mecklenburg",35.2401000008895,-80.785683
"2976","04/17/2018","AQS",371190041,1,0.053,"ppm",49,"Garinger High School",17,100,44201,"Ozone",16740,"Charlotte-Concord-Gastonia, NC-SC",37,"North Carolina",119,"Mecklenburg",35.2401000008895,-80.785683
"2977","04/18/2018","AQS",371190041,1,0.061,"ppm",71,"Garinger High School",17,100,44201,"Ozone",16740,"Charlotte-Concord-Gastonia, NC-SC",37,"North Carolina",119,"Mecklenburg",35.2401000008895,-80.785683
"2978","04/19/2018","AQS",371190041,1,0.05,"ppm",46,"Garinger High School",17,100,44201,"Ozone",16740,"Charlotte-Concord-Gastonia, NC-SC",37,"North Carolina",119,"Mecklenburg",35.2401000008895,-80.785683
"2979","04/20/2018","AQS",371190041,1,0.059,"ppm",64,"Garinger High School",17,100,44201,"Ozone",16740,"Charlotte-Concord-Gastonia, NC-SC",37,"North Carolina",119,"Mecklenburg",35.2401000008895,-80.785683
"2980","04/21/2018","AQS",371190041,1,0.061,"ppm",71,"Garinger High School",17,100,44201,"Ozone",16740,"Charlotte-Concord-Gastonia, NC-SC",37,"North Carolina",119,"Mecklenburg",35.2401000008895,-80.785683
"2981","04/22/2018","AQS",371190041,1,0.054,"ppm",50,"Garinger High School",17,100,44201,"Ozone",16740,"Charlotte-Concord-Gastonia, NC-SC",37,"North Carolina",119,"Mecklenburg",35.2401000008895,-80.785683
"2982","04/23/2018","AQS",371190041,1,0.043,"ppm",40,"Garinger High School",17,100,44201,"Ozone",16740,"Charlotte-Concord-Gastonia, NC-SC",37,"North Carolina",119,"Mecklenburg",35.2401000008895,-80.785683
"2983","04/24/2018","AQS",371190041,1,0.037,"ppm",34,"Garinger High School",17,100,44201,"Ozone",16740,"Charlotte-Concord-Gastonia, NC-SC",37,"North Carolina",119,"Mecklenburg",35.2401000008895,-80.785683
"2984","04/25/2018","AQS",371190041,1,0.044,"ppm",41,"Garinger High School",17,100,44201,"Ozone",16740,"Charlotte-Concord-Gastonia, NC-SC",37,"North Carolina",119,"Mecklenburg",35.2401000008895,-80.785683
"2985","04/26/2018","AQS",371190041,1,0.042,"ppm",39,"Garinger High School",17,100,44201,"Ozone",16740,"Charlotte-Concord-Gastonia, NC-SC",37,"North Carolina",119,"Mecklenburg",35.2401000008895,-80.785683
"2986","04/27/2018","AQS",371190041,1,0.046,"ppm",43,"Garinger High School",17,100,44201,"Ozone",16740,"Charlotte-Concord-Gastonia, NC-SC",37,"North Carolina",119,"Mecklenburg",35.2401000008895,-80.785683
"2987","04/28/2018","AQS",371190041,1,0.061,"ppm",71,"Garinger High School",17,100,44201,"Ozone",16740,"Charlotte-Concord-Gastonia, NC-SC",37,"North Carolina",119,"Mecklenburg",35.2401000008895,-80.785683
"2988","04/29/2018","AQS",371190041,1,0.048,"ppm",44,"Garinger High School",17,100,44201,"Ozone",16740,"Charlotte-Concord-Gastonia, NC-SC",37,"North Carolina",119,"Mecklenburg",35.2401000008895,-80.785683
"2989","04/30/2018","AQS",371190041,1,0.054,"ppm",50,"Garinger High School",17,100,44201,"Ozone",16740,"Charlotte-Concord-Gastonia, NC-SC",37,"North Carolina",119,"Mecklenburg",35.2401000008895,-80.785683
"2990","05/01/2018","AQS",371190041,1,0.059,"ppm",64,"Garinger High School",17,100,44201,"Ozone",16740,"Charlotte-Concord-Gastonia, NC-SC",37,"North Carolina",119,"Mecklenburg",35.2401000008895,-80.785683
"2991","05/02/2018","AQS",371190041,1,0.059,"ppm",64,"Garinger High School",17,100,44201,"Ozone",16740,"Charlotte-Concord-Gastonia, NC-SC",37,"North Carolina",119,"Mecklenburg",35.2401000008895,-80.785683
"2992","05/03/2018","AQS",371190041,1,0.053,"ppm",49,"Garinger High School",17,100,44201,"Ozone",16740,"Charlotte-Concord-Gastonia, NC-SC",37,"North Carolina",119,"Mecklenburg",35.2401000008895,-80.785683
"2993","05/04/2018","AQS",371190041,1,0.051,"ppm",47,"Garinger High School",17,100,44201,"Ozone",16740,"Charlotte-Concord-Gastonia, NC-SC",37,"North Carolina",119,"Mecklenburg",35.2401000008895,-80.785683
"2994","05/05/2018","AQS",371190041,1,0.042,"ppm",39,"Garinger High School",17,100,44201,"Ozone",16740,"Charlotte-Concord-Gastonia, NC-SC",37,"North Carolina",119,"Mecklenburg",35.2401000008895,-80.785683
"2995","05/06/2018","AQS",371190041,1,0.048,"ppm",44,"Garinger High School",17,100,44201,"Ozone",16740,"Charlotte-Concord-Gastonia, NC-SC",37,"North Carolina",119,"Mecklenburg",35.2401000008895,-80.785683
"2996","05/07/2018","AQS",371190041,1,0.061,"ppm",71,"Garinger High School",17,100,44201,"Ozone",16740,"Charlotte-Concord-Gastonia, NC-SC",37,"North Carolina",119,"Mecklenburg",35.2401000008895,-80.785683
"2997","05/08/2018","AQS",371190041,1,0.061,"ppm",71,"Garinger High School",17,100,44201,"Ozone",16740,"Charlotte-Concord-Gastonia, NC-SC",37,"North Carolina",119,"Mecklenburg",35.2401000008895,-80.785683
"2998","05/09/2018","AQS",371190041,1,0.067,"ppm",90,"Garinger High School",17,100,44201,"Ozone",16740,"Charlotte-Concord-Gastonia, NC-SC",37,"North Carolina",119,"Mecklenburg",35.2401000008895,-80.785683
"2999","05/10/2018","AQS",371190041,1,0.056,"ppm",54,"Garinger High School",17,100,44201,"Ozone",16740,"Charlotte-Concord-Gastonia, NC-SC",37,"North Carolina",119,"Mecklenburg",35.2401000008895,-80.785683
"3000","05/11/2018","AQS",371190041,1,0.071,"ppm",101,"Garinger High School",17,100,44201,"Ozone",16740,"Charlotte-Concord-Gastonia, NC-SC",37,"North Carolina",119,"Mecklenburg",35.2401000008895,-80.785683
"3001","05/12/2018","AQS",371190041,1,0.069,"ppm",97,"Garinger High School",17,100,44201,"Ozone",16740,"Charlotte-Concord-Gastonia, NC-SC",37,"North Carolina",119,"Mecklenburg",35.2401000008895,-80.785683
"3002","05/13/2018","AQS",371190041,1,0.072,"ppm",105,"Garinger High School",17,100,44201,"Ozone",16740,"Charlotte-Concord-Gastonia, NC-SC",37,"North Carolina",119,"Mecklenburg",35.2401000008895,-80.785683
"3003","05/14/2018","AQS",371190041,1,0.071,"ppm",101,"Garinger High School",17,100,44201,"Ozone",16740,"Charlotte-Concord-Gastonia, NC-SC",37,"North Carolina",119,"Mecklenburg",35.2401000008895,-80.785683
"3004","05/15/2018","AQS",371190041,1,0.025,"ppm",23,"Garinger High School",17,100,44201,"Ozone",16740,"Charlotte-Concord-Gastonia, NC-SC",37,"North Carolina",119,"Mecklenburg",35.2401000008895,-80.785683
"3005","05/16/2018","AQS",371190041,1,0.033,"ppm",31,"Garinger High School",17,100,44201,"Ozone",16740,"Charlotte-Concord-Gastonia, NC-SC",37,"North Carolina",119,"Mecklenburg",35.2401000008895,-80.785683
"3006","05/17/2018","AQS",371190041,1,0.033,"ppm",31,"Garinger High School",17,100,44201,"Ozone",16740,"Charlotte-Concord-Gastonia, NC-SC",37,"North Carolina",119,"Mecklenburg",35.2401000008895,-80.785683
"3007","05/18/2018","AQS",371190041,1,0.027,"ppm",25,"Garinger High School",17,100,44201,"Ozone",16740,"Charlotte-Concord-Gastonia, NC-SC",37,"North Carolina",119,"Mecklenburg",35.2401000008895,-80.785683
"3008","05/19/2018","AQS",371190041,1,0.042,"ppm",39,"Garinger High School",17,100,44201,"Ozone",16740,"Charlotte-Concord-Gastonia, NC-SC",37,"North Carolina",119,"Mecklenburg",35.2401000008895,-80.785683
"3009","05/20/2018","AQS",371190041,1,0.044,"ppm",41,"Garinger High School",17,100,44201,"Ozone",16740,"Charlotte-Concord-Gastonia, NC-SC",37,"North Carolina",119,"Mecklenburg",35.2401000008895,-80.785683
"3010","05/21/2018","AQS",371190041,1,0.043,"ppm",40,"Garinger High School",17,100,44201,"Ozone",16740,"Charlotte-Concord-Gastonia, NC-SC",37,"North Carolina",119,"Mecklenburg",35.2401000008895,-80.785683
"3011","05/22/2018","AQS",371190041,1,0.036,"ppm",33,"Garinger High School",17,100,44201,"Ozone",16740,"Charlotte-Concord-Gastonia, NC-SC",37,"North Carolina",119,"Mecklenburg",35.2401000008895,-80.785683
"3012","05/23/2018","AQS",371190041,1,0.043,"ppm",40,"Garinger High School",17,100,44201,"Ozone",16740,"Charlotte-Concord-Gastonia, NC-SC",37,"North Carolina",119,"Mecklenburg",35.2401000008895,-80.785683
"3013","05/24/2018","AQS",371190041,1,0.042,"ppm",39,"Garinger High School",17,100,44201,"Ozone",16740,"Charlotte-Concord-Gastonia, NC-SC",37,"North Carolina",119,"Mecklenburg",35.2401000008895,-80.785683
"3014","05/25/2018","AQS",371190041,1,0.029,"ppm",27,"Garinger High School",17,100,44201,"Ozone",16740,"Charlotte-Concord-Gastonia, NC-SC",37,"North Carolina",119,"Mecklenburg",35.2401000008895,-80.785683
"3015","05/26/2018","AQS",371190041,1,0.03,"ppm",28,"Garinger High School",17,100,44201,"Ozone",16740,"Charlotte-Concord-Gastonia, NC-SC",37,"North Carolina",119,"Mecklenburg",35.2401000008895,-80.785683
"3016","05/27/2018","AQS",371190041,1,0.024,"ppm",22,"Garinger High School",17,100,44201,"Ozone",16740,"Charlotte-Concord-Gastonia, NC-SC",37,"North Carolina",119,"Mecklenburg",35.2401000008895,-80.785683
"3017","05/28/2018","AQS",371190041,1,0.021,"ppm",19,"Garinger High School",17,100,44201,"Ozone",16740,"Charlotte-Concord-Gastonia, NC-SC",37,"North Carolina",119,"Mecklenburg",35.2401000008895,-80.785683
"3018","05/29/2018","AQS",371190041,1,0.026,"ppm",24,"Garinger High School",17,100,44201,"Ozone",16740,"Charlotte-Concord-Gastonia, NC-SC",37,"North Carolina",119,"Mecklenburg",35.2401000008895,-80.785683
"3019","05/30/2018","AQS",371190041,1,0.03,"ppm",28,"Garinger High School",17,100,44201,"Ozone",16740,"Charlotte-Concord-Gastonia, NC-SC",37,"North Carolina",119,"Mecklenburg",35.2401000008895,-80.785683
"3020","05/31/2018","AQS",371190041,1,0.039,"ppm",36,"Garinger High School",17,100,44201,"Ozone",16740,"Charlotte-Concord-Gastonia, NC-SC",37,"North Carolina",119,"Mecklenburg",35.2401000008895,-80.785683
"3021","06/01/2018","AQS",371190041,1,0.054,"ppm",50,"Garinger High School",17,100,44201,"Ozone",16740,"Charlotte-Concord-Gastonia, NC-SC",37,"North Carolina",119,"Mecklenburg",35.2401000008895,-80.785683
"3022","06/02/2018","AQS",371190041,1,0.047,"ppm",44,"Garinger High School",17,100,44201,"Ozone",16740,"Charlotte-Concord-Gastonia, NC-SC",37,"North Carolina",119,"Mecklenburg",35.2401000008895,-80.785683
"3023","06/03/2018","AQS",371190041,1,0.05,"ppm",46,"Garinger High School",17,100,44201,"Ozone",16740,"Charlotte-Concord-Gastonia, NC-SC",37,"North Carolina",119,"Mecklenburg",35.2401000008895,-80.785683
"3024","06/04/2018","AQS",371190041,1,0.064,"ppm",80,"Garinger High School",17,100,44201,"Ozone",16740,"Charlotte-Concord-Gastonia, NC-SC",37,"North Carolina",119,"Mecklenburg",35.2401000008895,-80.785683
"3025","06/05/2018","AQS",371190041,1,0.069,"ppm",97,"Garinger High School",17,100,44201,"Ozone",16740,"Charlotte-Concord-Gastonia, NC-SC",37,"North Carolina",119,"Mecklenburg",35.2401000008895,-80.785683
"3026","06/06/2018","AQS",371190041,1,0.062,"ppm",74,"Garinger High School",17,100,44201,"Ozone",16740,"Charlotte-Concord-Gastonia, NC-SC",37,"North Carolina",119,"Mecklenburg",35.2401000008895,-80.785683
"3027","06/07/2018","AQS",371190041,1,0.062,"ppm",74,"Garinger High School",17,100,44201,"Ozone",16740,"Charlotte-Concord-Gastonia, NC-SC",37,"North Carolina",119,"Mecklenburg",35.2401000008895,-80.785683
"3028","06/08/2018","AQS",371190041,1,0.063,"ppm",77,"Garinger High School",17,100,44201,"Ozone",16740,"Charlotte-Concord-Gastonia, NC-SC",37,"North Carolina",119,"Mecklenburg",35.2401000008895,-80.785683
"3029","06/09/2018","AQS",371190041,1,0.056,"ppm",54,"Garinger High School",17,100,44201,"Ozone",16740,"Charlotte-Concord-Gastonia, NC-SC",37,"North Carolina",119,"Mecklenburg",35.2401000008895,-80.785683
"3030","06/10/2018","AQS",371190041,1,0.055,"ppm",51,"Garinger High School",17,100,44201,"Ozone",16740,"Charlotte-Concord-Gastonia, NC-SC",37,"North Carolina",119,"Mecklenburg",35.2401000008895,-80.785683
"3031","06/11/2018","AQS",371190041,1,0.06,"ppm",67,"Garinger High School",17,100,44201,"Ozone",16740,"Charlotte-Concord-Gastonia, NC-SC",37,"North Carolina",119,"Mecklenburg",35.2401000008895,-80.785683
"3032","06/12/2018","AQS",371190041,1,0.032,"ppm",30,"Garinger High School",17,100,44201,"Ozone",16740,"Charlotte-Concord-Gastonia, NC-SC",37,"North Carolina",119,"Mecklenburg",35.2401000008895,-80.785683
"3033","06/13/2018","AQS",371190041,1,0.046,"ppm",43,"Garinger High School",17,100,44201,"Ozone",16740,"Charlotte-Concord-Gastonia, NC-SC",37,"North Carolina",119,"Mecklenburg",35.2401000008895,-80.785683
"3034","06/14/2018","AQS",371190041,1,0.055,"ppm",51,"Garinger High School",17,100,44201,"Ozone",16740,"Charlotte-Concord-Gastonia, NC-SC",37,"North Carolina",119,"Mecklenburg",35.2401000008895,-80.785683
"3035","06/15/2018","AQS",371190041,1,0.069,"ppm",97,"Garinger High School",17,100,44201,"Ozone",16740,"Charlotte-Concord-Gastonia, NC-SC",37,"North Carolina",119,"Mecklenburg",35.2401000008895,-80.785683
"3036","06/16/2018","AQS",371190041,1,0.058,"ppm",61,"Garinger High School",17,100,44201,"Ozone",16740,"Charlotte-Concord-Gastonia, NC-SC",37,"North Carolina",119,"Mecklenburg",35.2401000008895,-80.785683
"3037","06/17/2018","AQS",371190041,1,0.059,"ppm",64,"Garinger High School",17,100,44201,"Ozone",16740,"Charlotte-Concord-Gastonia, NC-SC",37,"North Carolina",119,"Mecklenburg",35.2401000008895,-80.785683
"3038","06/18/2018","AQS",371190041,1,0.067,"ppm",90,"Garinger High School",17,100,44201,"Ozone",16740,"Charlotte-Concord-Gastonia, NC-SC",37,"North Carolina",119,"Mecklenburg",35.2401000008895,-80.785683
"3039","06/19/2018","AQS",371190041,1,0.059,"ppm",64,"Garinger High School",17,100,44201,"Ozone",16740,"Charlotte-Concord-Gastonia, NC-SC",37,"North Carolina",119,"Mecklenburg",35.2401000008895,-80.785683
"3040","06/20/2018","AQS",371190041,1,0.052,"ppm",48,"Garinger High School",17,100,44201,"Ozone",16740,"Charlotte-Concord-Gastonia, NC-SC",37,"North Carolina",119,"Mecklenburg",35.2401000008895,-80.785683
"3041","06/21/2018","AQS",371190041,1,0.044,"ppm",41,"Garinger High School",17,100,44201,"Ozone",16740,"Charlotte-Concord-Gastonia, NC-SC",37,"North Carolina",119,"Mecklenburg",35.2401000008895,-80.785683
"3042","06/22/2018","AQS",371190041,1,0.055,"ppm",51,"Garinger High School",17,100,44201,"Ozone",16740,"Charlotte-Concord-Gastonia, NC-SC",37,"North Carolina",119,"Mecklenburg",35.2401000008895,-80.785683
"3043","06/23/2018","AQS",371190041,1,0.046,"ppm",43,"Garinger High School",17,100,44201,"Ozone",16740,"Charlotte-Concord-Gastonia, NC-SC",37,"North Carolina",119,"Mecklenburg",35.2401000008895,-80.785683
"3044","06/24/2018","AQS",371190041,1,0.045,"ppm",42,"Garinger High School",17,100,44201,"Ozone",16740,"Charlotte-Concord-Gastonia, NC-SC",37,"North Carolina",119,"Mecklenburg",35.2401000008895,-80.785683
"3045","06/25/2018","AQS",371190041,1,0.06,"ppm",67,"Garinger High School",17,100,44201,"Ozone",16740,"Charlotte-Concord-Gastonia, NC-SC",37,"North Carolina",119,"Mecklenburg",35.2401000008895,-80.785683
"3046","06/26/2018","AQS",371190041,1,0.044,"ppm",41,"Garinger High School",17,100,44201,"Ozone",16740,"Charlotte-Concord-Gastonia, NC-SC",37,"North Carolina",119,"Mecklenburg",35.2401000008895,-80.785683
"3047","06/27/2018","AQS",371190041,1,0.048,"ppm",44,"Garinger High School",17,100,44201,"Ozone",16740,"Charlotte-Concord-Gastonia, NC-SC",37,"North Carolina",119,"Mecklenburg",35.2401000008895,-80.785683
"3048","06/28/2018","AQS",371190041,1,0.053,"ppm",49,"Garinger High School",17,100,44201,"Ozone",16740,"Charlotte-Concord-Gastonia, NC-SC",37,"North Carolina",119,"Mecklenburg",35.2401000008895,-80.785683
"3049","06/29/2018","AQS",371190041,1,0.056,"ppm",54,"Garinger High School",17,100,44201,"Ozone",16740,"Charlotte-Concord-Gastonia, NC-SC",37,"North Carolina",119,"Mecklenburg",35.2401000008895,-80.785683
"3050","06/30/2018","AQS",371190041,1,0.05,"ppm",46,"Garinger High School",17,100,44201,"Ozone",16740,"Charlotte-Concord-Gastonia, NC-SC",37,"North Carolina",119,"Mecklenburg",35.2401000008895,-80.785683
"3051","07/01/2018","AQS",371190041,1,0.041,"ppm",38,"Garinger High School",17,100,44201,"Ozone",16740,"Charlotte-Concord-Gastonia, NC-SC",37,"North Carolina",119,"Mecklenburg",35.2401000008895,-80.785683
"3052","07/02/2018","AQS",371190041,1,0.044,"ppm",41,"Garinger High School",17,100,44201,"Ozone",16740,"Charlotte-Concord-Gastonia, NC-SC",37,"North Carolina",119,"Mecklenburg",35.2401000008895,-80.785683
"3053","07/03/2018","AQS",371190041,1,0.053,"ppm",49,"Garinger High School",17,100,44201,"Ozone",16740,"Charlotte-Concord-Gastonia, NC-SC",37,"North Carolina",119,"Mecklenburg",35.2401000008895,-80.785683
"3054","07/04/2018","AQS",371190041,1,0.034,"ppm",31,"Garinger High School",17,100,44201,"Ozone",16740,"Charlotte-Concord-Gastonia, NC-SC",37,"North Carolina",119,"Mecklenburg",35.2401000008895,-80.785683
"3055","07/05/2018","AQS",371190041,1,0.034,"ppm",31,"Garinger High School",17,100,44201,"Ozone",16740,"Charlotte-Concord-Gastonia, NC-SC",37,"North Carolina",119,"Mecklenburg",35.2401000008895,-80.785683
"3056","07/06/2018","AQS",371190041,1,0.049,"ppm",45,"Garinger High School",17,100,44201,"Ozone",16740,"Charlotte-Concord-Gastonia, NC-SC",37,"North Carolina",119,"Mecklenburg",35.2401000008895,-80.785683
"3057","07/07/2018","AQS",371190041,1,0.036,"ppm",33,"Garinger High School",17,100,44201,"Ozone",16740,"Charlotte-Concord-Gastonia, NC-SC",37,"North Carolina",119,"Mecklenburg",35.2401000008895,-80.785683
"3058","07/08/2018","AQS",371190041,1,0.058,"ppm",61,"Garinger High School",17,100,44201,"Ozone",16740,"Charlotte-Concord-Gastonia, NC-SC",37,"North Carolina",119,"Mecklenburg",35.2401000008895,-80.785683
"3059","07/09/2018","AQS",371190041,1,0.056,"ppm",54,"Garinger High School",17,100,44201,"Ozone",16740,"Charlotte-Concord-Gastonia, NC-SC",37,"North Carolina",119,"Mecklenburg",35.2401000008895,-80.785683
"3060","07/10/2018","AQS",371190041,1,0.06,"ppm",67,"Garinger High School",17,100,44201,"Ozone",16740,"Charlotte-Concord-Gastonia, NC-SC",37,"North Carolina",119,"Mecklenburg",35.2401000008895,-80.785683
"3061","07/11/2018","AQS",371190041,1,0.07,"ppm",100,"Garinger High School",17,100,44201,"Ozone",16740,"Charlotte-Concord-Gastonia, NC-SC",37,"North Carolina",119,"Mecklenburg",35.2401000008895,-80.785683
"3062","07/12/2018","AQS",371190041,1,0.064,"ppm",80,"Garinger High School",17,100,44201,"Ozone",16740,"Charlotte-Concord-Gastonia, NC-SC",37,"North Carolina",119,"Mecklenburg",35.2401000008895,-80.785683
"3063","07/13/2018","AQS",371190041,1,0.055,"ppm",51,"Garinger High School",17,100,44201,"Ozone",16740,"Charlotte-Concord-Gastonia, NC-SC",37,"North Carolina",119,"Mecklenburg",35.2401000008895,-80.785683
"3064","07/14/2018","AQS",371190041,1,0.055,"ppm",51,"Garinger High School",17,100,44201,"Ozone",16740,"Charlotte-Concord-Gastonia, NC-SC",37,"North Carolina",119,"Mecklenburg",35.2401000008895,-80.785683
"3065","07/15/2018","AQS",371190041,1,0.047,"ppm",44,"Garinger High School",17,100,44201,"Ozone",16740,"Charlotte-Concord-Gastonia, NC-SC",37,"North Carolina",119,"Mecklenburg",35.2401000008895,-80.785683
"3066","07/16/2018","AQS",371190041,1,0.045,"ppm",42,"Garinger High School",17,100,44201,"Ozone",16740,"Charlotte-Concord-Gastonia, NC-SC",37,"North Carolina",119,"Mecklenburg",35.2401000008895,-80.785683
"3067","07/17/2018","AQS",371190041,1,0.045,"ppm",42,"Garinger High School",17,100,44201,"Ozone",16740,"Charlotte-Concord-Gastonia, NC-SC",37,"North Carolina",119,"Mecklenburg",35.2401000008895,-80.785683
"3068","07/18/2018","AQS",371190041,1,0.063,"ppm",77,"Garinger High School",17,100,44201,"Ozone",16740,"Charlotte-Concord-Gastonia, NC-SC",37,"North Carolina",119,"Mecklenburg",35.2401000008895,-80.785683
"3069","07/19/2018","AQS",371190041,1,0.046,"ppm",43,"Garinger High School",17,100,44201,"Ozone",16740,"Charlotte-Concord-Gastonia, NC-SC",37,"North Carolina",119,"Mecklenburg",35.2401000008895,-80.785683
"3070","07/20/2018","AQS",371190041,1,0.049,"ppm",45,"Garinger High School",17,100,44201,"Ozone",16740,"Charlotte-Concord-Gastonia, NC-SC",37,"North Carolina",119,"Mecklenburg",35.2401000008895,-80.785683
"3071","07/21/2018","AQS",371190041,1,0.054,"ppm",50,"Garinger High School",17,100,44201,"Ozone",16740,"Charlotte-Concord-Gastonia, NC-SC",37,"North Carolina",119,"Mecklenburg",35.2401000008895,-80.785683
"3072","07/22/2018","AQS",371190041,1,0.051,"ppm",47,"Garinger High School",17,100,44201,"Ozone",16740,"Charlotte-Concord-Gastonia, NC-SC",37,"North Carolina",119,"Mecklenburg",35.2401000008895,-80.785683
"3073","07/23/2018","AQS",371190041,1,0.045,"ppm",42,"Garinger High School",17,100,44201,"Ozone",16740,"Charlotte-Concord-Gastonia, NC-SC",37,"North Carolina",119,"Mecklenburg",35.2401000008895,-80.785683
"3074","07/24/2018","AQS",371190041,1,0.048,"ppm",44,"Garinger High School",17,100,44201,"Ozone",16740,"Charlotte-Concord-Gastonia, NC-SC",37,"North Carolina",119,"Mecklenburg",35.2401000008895,-80.785683
"3075","07/25/2018","AQS",371190041,1,0.045,"ppm",42,"Garinger High School",17,100,44201,"Ozone",16740,"Charlotte-Concord-Gastonia, NC-SC",37,"North Carolina",119,"Mecklenburg",35.2401000008895,-80.785683
"3076","07/26/2018","AQS",371190041,1,0.059,"ppm",64,"Garinger High School",17,100,44201,"Ozone",16740,"Charlotte-Concord-Gastonia, NC-SC",37,"North Carolina",119,"Mecklenburg",35.2401000008895,-80.785683
"3077","07/27/2018","AQS",371190041,1,0.059,"ppm",64,"Garinger High School",17,100,44201,"Ozone",16740,"Charlotte-Concord-Gastonia, NC-SC",37,"North Carolina",119,"Mecklenburg",35.2401000008895,-80.785683
"3078","07/28/2018","AQS",371190041,1,0.055,"ppm",51,"Garinger High School",17,100,44201,"Ozone",16740,"Charlotte-Concord-Gastonia, NC-SC",37,"North Carolina",119,"Mecklenburg",35.2401000008895,-80.785683
"3079","07/29/2018","AQS",371190041,1,0.049,"ppm",45,"Garinger High School",17,100,44201,"Ozone",16740,"Charlotte-Concord-Gastonia, NC-SC",37,"North Carolina",119,"Mecklenburg",35.2401000008895,-80.785683
"3080","07/30/2018","AQS",371190041,1,0.048,"ppm",44,"Garinger High School",17,100,44201,"Ozone",16740,"Charlotte-Concord-Gastonia, NC-SC",37,"North Carolina",119,"Mecklenburg",35.2401000008895,-80.785683
"3081","07/31/2018","AQS",371190041,1,0.031,"ppm",29,"Garinger High School",17,100,44201,"Ozone",16740,"Charlotte-Concord-Gastonia, NC-SC",37,"North Carolina",119,"Mecklenburg",35.2401000008895,-80.785683
"3082","08/01/2018","AQS",371190041,1,0.027,"ppm",25,"Garinger High School",17,100,44201,"Ozone",16740,"Charlotte-Concord-Gastonia, NC-SC",37,"North Carolina",119,"Mecklenburg",35.2401000008895,-80.785683
"3083","08/02/2018","AQS",371190041,1,0.028,"ppm",26,"Garinger High School",17,100,44201,"Ozone",16740,"Charlotte-Concord-Gastonia, NC-SC",37,"North Carolina",119,"Mecklenburg",35.2401000008895,-80.785683
"3084","08/03/2018","AQS",371190041,1,0.024,"ppm",22,"Garinger High School",17,100,44201,"Ozone",16740,"Charlotte-Concord-Gastonia, NC-SC",37,"North Carolina",119,"Mecklenburg",35.2401000008895,-80.785683
"3085","08/04/2018","AQS",371190041,1,0.043,"ppm",40,"Garinger High School",17,100,44201,"Ozone",16740,"Charlotte-Concord-Gastonia, NC-SC",37,"North Carolina",119,"Mecklenburg",35.2401000008895,-80.785683
"3086","08/05/2018","AQS",371190041,1,0.042,"ppm",39,"Garinger High School",17,100,44201,"Ozone",16740,"Charlotte-Concord-Gastonia, NC-SC",37,"North Carolina",119,"Mecklenburg",35.2401000008895,-80.785683
"3087","08/06/2018","AQS",371190041,1,0.051,"ppm",47,"Garinger High School",17,100,44201,"Ozone",16740,"Charlotte-Concord-Gastonia, NC-SC",37,"North Carolina",119,"Mecklenburg",35.2401000008895,-80.785683
"3088","08/07/2018","AQS",371190041,1,0.046,"ppm",43,"Garinger High School",17,100,44201,"Ozone",16740,"Charlotte-Concord-Gastonia, NC-SC",37,"North Carolina",119,"Mecklenburg",35.2401000008895,-80.785683
"3089","08/08/2018","AQS",371190041,1,0.044,"ppm",41,"Garinger High School",17,100,44201,"Ozone",16740,"Charlotte-Concord-Gastonia, NC-SC",37,"North Carolina",119,"Mecklenburg",35.2401000008895,-80.785683
"3090","08/09/2018","AQS",371190041,1,0.047,"ppm",44,"Garinger High School",17,100,44201,"Ozone",16740,"Charlotte-Concord-Gastonia, NC-SC",37,"North Carolina",119,"Mecklenburg",35.2401000008895,-80.785683
"3091","08/10/2018","AQS",371190041,1,0.056,"ppm",54,"Garinger High School",17,100,44201,"Ozone",16740,"Charlotte-Concord-Gastonia, NC-SC",37,"North Carolina",119,"Mecklenburg",35.2401000008895,-80.785683
"3092","08/11/2018","AQS",371190041,1,0.048,"ppm",44,"Garinger High School",17,100,44201,"Ozone",16740,"Charlotte-Concord-Gastonia, NC-SC",37,"North Carolina",119,"Mecklenburg",35.2401000008895,-80.785683
"3093","08/12/2018","AQS",371190041,1,0.047,"ppm",44,"Garinger High School",17,100,44201,"Ozone",16740,"Charlotte-Concord-Gastonia, NC-SC",37,"North Carolina",119,"Mecklenburg",35.2401000008895,-80.785683
"3094","08/13/2018","AQS",371190041,1,0.056,"ppm",54,"Garinger High School",17,100,44201,"Ozone",16740,"Charlotte-Concord-Gastonia, NC-SC",37,"North Carolina",119,"Mecklenburg",35.2401000008895,-80.785683
"3095","08/14/2018","AQS",371190041,1,0.054,"ppm",50,"Garinger High School",17,100,44201,"Ozone",16740,"Charlotte-Concord-Gastonia, NC-SC",37,"North Carolina",119,"Mecklenburg",35.2401000008895,-80.785683
"3096","08/15/2018","AQS",371190041,1,0.065,"ppm",84,"Garinger High School",17,100,44201,"Ozone",16740,"Charlotte-Concord-Gastonia, NC-SC",37,"North Carolina",119,"Mecklenburg",35.2401000008895,-80.785683
"3097","08/16/2018","AQS",371190041,1,0.047,"ppm",44,"Garinger High School",17,100,44201,"Ozone",16740,"Charlotte-Concord-Gastonia, NC-SC",37,"North Carolina",119,"Mecklenburg",35.2401000008895,-80.785683
"3098","08/17/2018","AQS",371190041,1,0.03,"ppm",28,"Garinger High School",17,100,44201,"Ozone",16740,"Charlotte-Concord-Gastonia, NC-SC",37,"North Carolina",119,"Mecklenburg",35.2401000008895,-80.785683
"3099","08/18/2018","AQS",371190041,1,0.031,"ppm",29,"Garinger High School",17,100,44201,"Ozone",16740,"Charlotte-Concord-Gastonia, NC-SC",37,"North Carolina",119,"Mecklenburg",35.2401000008895,-80.785683
"3100","08/19/2018","AQS",371190041,1,0.035,"ppm",32,"Garinger High School",17,100,44201,"Ozone",16740,"Charlotte-Concord-Gastonia, NC-SC",37,"North Carolina",119,"Mecklenburg",35.2401000008895,-80.785683
"3101","08/20/2018","AQS",371190041,1,0.037,"ppm",34,"Garinger High School",17,100,44201,"Ozone",16740,"Charlotte-Concord-Gastonia, NC-SC",37,"North Carolina",119,"Mecklenburg",35.2401000008895,-80.785683
"3102","08/21/2018","AQS",371190041,1,0.028,"ppm",26,"Garinger High School",17,100,44201,"Ozone",16740,"Charlotte-Concord-Gastonia, NC-SC",37,"North Carolina",119,"Mecklenburg",35.2401000008895,-80.785683
"3103","08/22/2018","AQS",371190041,1,0.04,"ppm",37,"Garinger High School",17,100,44201,"Ozone",16740,"Charlotte-Concord-Gastonia, NC-SC",37,"North Carolina",119,"Mecklenburg",35.2401000008895,-80.785683
"3104","08/23/2018","AQS",371190041,1,0.056,"ppm",54,"Garinger High School",17,100,44201,"Ozone",16740,"Charlotte-Concord-Gastonia, NC-SC",37,"North Carolina",119,"Mecklenburg",35.2401000008895,-80.785683
"3105","08/24/2018","AQS",371190041,1,0.048,"ppm",44,"Garinger High School",17,100,44201,"Ozone",16740,"Charlotte-Concord-Gastonia, NC-SC",37,"North Carolina",119,"Mecklenburg",35.2401000008895,-80.785683
"3106","08/25/2018","AQS",371190041,1,0.062,"ppm",74,"Garinger High School",17,100,44201,"Ozone",16740,"Charlotte-Concord-Gastonia, NC-SC",37,"North Carolina",119,"Mecklenburg",35.2401000008895,-80.785683
"3107","08/26/2018","AQS",371190041,1,0.059,"ppm",64,"Garinger High School",17,100,44201,"Ozone",16740,"Charlotte-Concord-Gastonia, NC-SC",37,"North Carolina",119,"Mecklenburg",35.2401000008895,-80.785683
"3108","08/27/2018","AQS",371190041,1,0.062,"ppm",74,"Garinger High School",17,100,44201,"Ozone",16740,"Charlotte-Concord-Gastonia, NC-SC",37,"North Carolina",119,"Mecklenburg",35.2401000008895,-80.785683
"3109","08/28/2018","AQS",371190041,1,0.061,"ppm",71,"Garinger High School",17,100,44201,"Ozone",16740,"Charlotte-Concord-Gastonia, NC-SC",37,"North Carolina",119,"Mecklenburg",35.2401000008895,-80.785683
"3110","08/29/2018","AQS",371190041,1,0.062,"ppm",74,"Garinger High School",17,100,44201,"Ozone",16740,"Charlotte-Concord-Gastonia, NC-SC",37,"North Carolina",119,"Mecklenburg",35.2401000008895,-80.785683
"3111","08/30/2018","AQS",371190041,1,0.055,"ppm",51,"Garinger High School",17,100,44201,"Ozone",16740,"Charlotte-Concord-Gastonia, NC-SC",37,"North Carolina",119,"Mecklenburg",35.2401000008895,-80.785683
"3112","08/31/2018","AQS",371190041,1,0.052,"ppm",48,"Garinger High School",17,100,44201,"Ozone",16740,"Charlotte-Concord-Gastonia, NC-SC",37,"North Carolina",119,"Mecklenburg",35.2401000008895,-80.785683
"3113","09/01/2018","AQS",371190041,1,0.044,"ppm",41,"Garinger High School",17,100,44201,"Ozone",16740,"Charlotte-Concord-Gastonia, NC-SC",37,"North Carolina",119,"Mecklenburg",35.2401000008895,-80.785683
"3114","09/02/2018","AQS",371190041,1,0.03,"ppm",28,"Garinger High School",17,100,44201,"Ozone",16740,"Charlotte-Concord-Gastonia, NC-SC",37,"North Carolina",119,"Mecklenburg",35.2401000008895,-80.785683
"3115","09/03/2018","AQS",371190041,1,0.032,"ppm",30,"Garinger High School",17,100,44201,"Ozone",16740,"Charlotte-Concord-Gastonia, NC-SC",37,"North Carolina",119,"Mecklenburg",35.2401000008895,-80.785683
"3116","09/04/2018","AQS",371190041,1,0.037,"ppm",34,"Garinger High School",17,100,44201,"Ozone",16740,"Charlotte-Concord-Gastonia, NC-SC",37,"North Carolina",119,"Mecklenburg",35.2401000008895,-80.785683
"3117","09/05/2018","AQS",371190041,1,0.04,"ppm",37,"Garinger High School",17,100,44201,"Ozone",16740,"Charlotte-Concord-Gastonia, NC-SC",37,"North Carolina",119,"Mecklenburg",35.2401000008895,-80.785683
"3118","09/06/2018","AQS",371190041,1,0.044,"ppm",41,"Garinger High School",17,100,44201,"Ozone",16740,"Charlotte-Concord-Gastonia, NC-SC",37,"North Carolina",119,"Mecklenburg",35.2401000008895,-80.785683
"3119","09/07/2018","AQS",371190041,1,0.05,"ppm",46,"Garinger High School",17,100,44201,"Ozone",16740,"Charlotte-Concord-Gastonia, NC-SC",37,"North Carolina",119,"Mecklenburg",35.2401000008895,-80.785683
"3120","09/08/2018","AQS",371190041,1,0.042,"ppm",39,"Garinger High School",17,100,44201,"Ozone",16740,"Charlotte-Concord-Gastonia, NC-SC",37,"North Carolina",119,"Mecklenburg",35.2401000008895,-80.785683
"3121","09/09/2018","AQS",371190041,1,0.031,"ppm",29,"Garinger High School",17,100,44201,"Ozone",16740,"Charlotte-Concord-Gastonia, NC-SC",37,"North Carolina",119,"Mecklenburg",35.2401000008895,-80.785683
"3122","09/10/2018","AQS",371190041,1,0.026,"ppm",24,"Garinger High School",17,100,44201,"Ozone",16740,"Charlotte-Concord-Gastonia, NC-SC",37,"North Carolina",119,"Mecklenburg",35.2401000008895,-80.785683
"3123","09/11/2018","AQS",371190041,1,0.041,"ppm",38,"Garinger High School",17,100,44201,"Ozone",16740,"Charlotte-Concord-Gastonia, NC-SC",37,"North Carolina",119,"Mecklenburg",35.2401000008895,-80.785683
"3124","09/18/2018","AQS",371190041,1,0.036,"ppm",33,"Garinger High School",16,94,44201,"Ozone",16740,"Charlotte-Concord-Gastonia, NC-SC",37,"North Carolina",119,"Mecklenburg",35.2401000008895,-80.785683
"3125","09/19/2018","AQS",371190041,1,0.051,"ppm",47,"Garinger High School",17,100,44201,"Ozone",16740,"Charlotte-Concord-Gastonia, NC-SC",37,"North Carolina",119,"Mecklenburg",35.2401000008895,-80.785683
"3126","09/20/2018","AQS",371190041,1,0.059,"ppm",64,"Garinger High School",17,100,44201,"Ozone",16740,"Charlotte-Concord-Gastonia, NC-SC",37,"North Carolina",119,"Mecklenburg",35.2401000008895,-80.785683
"3127","09/21/2018","AQS",371190041,1,0.053,"ppm",49,"Garinger High School",17,100,44201,"Ozone",16740,"Charlotte-Concord-Gastonia, NC-SC",37,"North Carolina",119,"Mecklenburg",35.2401000008895,-80.785683
"3128","09/22/2018","AQS",371190041,1,0.051,"ppm",47,"Garinger High School",17,100,44201,"Ozone",16740,"Charlotte-Concord-Gastonia, NC-SC",37,"North Carolina",119,"Mecklenburg",35.2401000008895,-80.785683
"3129","09/23/2018","AQS",371190041,1,0.038,"ppm",35,"Garinger High School",17,100,44201,"Ozone",16740,"Charlotte-Concord-Gastonia, NC-SC",37,"North Carolina",119,"Mecklenburg",35.2401000008895,-80.785683
"3130","09/24/2018","AQS",371190041,1,0.022,"ppm",20,"Garinger High School",17,100,44201,"Ozone",16740,"Charlotte-Concord-Gastonia, NC-SC",37,"North Carolina",119,"Mecklenburg",35.2401000008895,-80.785683
"3131","09/25/2018","AQS",371190041,1,0.035,"ppm",32,"Garinger High School",17,100,44201,"Ozone",16740,"Charlotte-Concord-Gastonia, NC-SC",37,"North Carolina",119,"Mecklenburg",35.2401000008895,-80.785683
"3132","09/26/2018","AQS",371190041,1,0.033,"ppm",31,"Garinger High School",17,100,44201,"Ozone",16740,"Charlotte-Concord-Gastonia, NC-SC",37,"North Carolina",119,"Mecklenburg",35.2401000008895,-80.785683
"3133","09/27/2018","AQS",371190041,1,0.027,"ppm",25,"Garinger High School",17,100,44201,"Ozone",16740,"Charlotte-Concord-Gastonia, NC-SC",37,"North Carolina",119,"Mecklenburg",35.2401000008895,-80.785683
"3134","09/28/2018","AQS",371190041,1,0.024,"ppm",22,"Garinger High School",17,100,44201,"Ozone",16740,"Charlotte-Concord-Gastonia, NC-SC",37,"North Carolina",119,"Mecklenburg",35.2401000008895,-80.785683
"3135","09/29/2018","AQS",371190041,1,0.034,"ppm",31,"Garinger High School",17,100,44201,"Ozone",16740,"Charlotte-Concord-Gastonia, NC-SC",37,"North Carolina",119,"Mecklenburg",35.2401000008895,-80.785683
"3136","09/30/2018","AQS",371190041,1,0.037,"ppm",34,"Garinger High School",17,100,44201,"Ozone",16740,"Charlotte-Concord-Gastonia, NC-SC",37,"North Carolina",119,"Mecklenburg",35.2401000008895,-80.785683
"3137","10/01/2018","AQS",371190041,1,0.047,"ppm",44,"Garinger High School",17,100,44201,"Ozone",16740,"Charlotte-Concord-Gastonia, NC-SC",37,"North Carolina",119,"Mecklenburg",35.2401000008895,-80.785683
"3138","10/02/2018","AQS",371190041,1,0.047,"ppm",44,"Garinger High School",17,100,44201,"Ozone",16740,"Charlotte-Concord-Gastonia, NC-SC",37,"North Carolina",119,"Mecklenburg",35.2401000008895,-80.785683
"3139","10/03/2018","AQS",371190041,1,0.043,"ppm",40,"Garinger High School",17,100,44201,"Ozone",16740,"Charlotte-Concord-Gastonia, NC-SC",37,"North Carolina",119,"Mecklenburg",35.2401000008895,-80.785683
"3140","10/04/2018","AQS",371190041,1,0.051,"ppm",47,"Garinger High School",17,100,44201,"Ozone",16740,"Charlotte-Concord-Gastonia, NC-SC",37,"North Carolina",119,"Mecklenburg",35.2401000008895,-80.785683
"3141","10/05/2018","AQS",371190041,1,0.053,"ppm",49,"Garinger High School",17,100,44201,"Ozone",16740,"Charlotte-Concord-Gastonia, NC-SC",37,"North Carolina",119,"Mecklenburg",35.2401000008895,-80.785683
"3142","10/06/2018","AQS",371190041,1,0.04,"ppm",37,"Garinger High School",17,100,44201,"Ozone",16740,"Charlotte-Concord-Gastonia, NC-SC",37,"North Carolina",119,"Mecklenburg",35.2401000008895,-80.785683
"3143","10/07/2018","AQS",371190041,1,0.046,"ppm",43,"Garinger High School",17,100,44201,"Ozone",16740,"Charlotte-Concord-Gastonia, NC-SC",37,"North Carolina",119,"Mecklenburg",35.2401000008895,-80.785683
"3144","10/08/2018","AQS",371190041,1,0.033,"ppm",31,"Garinger High School",17,100,44201,"Ozone",16740,"Charlotte-Concord-Gastonia, NC-SC",37,"North Carolina",119,"Mecklenburg",35.2401000008895,-80.785683
"3145","10/09/2018","AQS",371190041,1,0.027,"ppm",25,"Garinger High School",17,100,44201,"Ozone",16740,"Charlotte-Concord-Gastonia, NC-SC",37,"North Carolina",119,"Mecklenburg",35.2401000008895,-80.785683
"3146","10/10/2018","AQS",371190041,1,0.017,"ppm",16,"Garinger High School",17,100,44201,"Ozone",16740,"Charlotte-Concord-Gastonia, NC-SC",37,"North Carolina",119,"Mecklenburg",35.2401000008895,-80.785683
"3147","10/11/2018","AQS",371190041,1,0.026,"ppm",24,"Garinger High School",17,100,44201,"Ozone",16740,"Charlotte-Concord-Gastonia, NC-SC",37,"North Carolina",119,"Mecklenburg",35.2401000008895,-80.785683
"3148","10/12/2018","AQS",371190041,1,0.039,"ppm",36,"Garinger High School",17,100,44201,"Ozone",16740,"Charlotte-Concord-Gastonia, NC-SC",37,"North Carolina",119,"Mecklenburg",35.2401000008895,-80.785683
"3149","10/13/2018","AQS",371190041,1,0.038,"ppm",35,"Garinger High School",17,100,44201,"Ozone",16740,"Charlotte-Concord-Gastonia, NC-SC",37,"North Carolina",119,"Mecklenburg",35.2401000008895,-80.785683
"3150","10/14/2018","AQS",371190041,1,0.027,"ppm",25,"Garinger High School",17,100,44201,"Ozone",16740,"Charlotte-Concord-Gastonia, NC-SC",37,"North Carolina",119,"Mecklenburg",35.2401000008895,-80.785683
"3151","10/15/2018","AQS",371190041,1,0.034,"ppm",31,"Garinger High School",17,100,44201,"Ozone",16740,"Charlotte-Concord-Gastonia, NC-SC",37,"North Carolina",119,"Mecklenburg",35.2401000008895,-80.785683
"3152","10/16/2018","AQS",371190041,1,0.034,"ppm",31,"Garinger High School",17,100,44201,"Ozone",16740,"Charlotte-Concord-Gastonia, NC-SC",37,"North Carolina",119,"Mecklenburg",35.2401000008895,-80.785683
"3153","10/17/2018","AQS",371190041,1,0.025,"ppm",23,"Garinger High School",17,100,44201,"Ozone",16740,"Charlotte-Concord-Gastonia, NC-SC",37,"North Carolina",119,"Mecklenburg",35.2401000008895,-80.785683
"3154","10/18/2018","AQS",371190041,1,0.041,"ppm",38,"Garinger High School",17,100,44201,"Ozone",16740,"Charlotte-Concord-Gastonia, NC-SC",37,"North Carolina",119,"Mecklenburg",35.2401000008895,-80.785683
"3155","10/19/2018","AQS",371190041,1,0.046,"ppm",43,"Garinger High School",17,100,44201,"Ozone",16740,"Charlotte-Concord-Gastonia, NC-SC",37,"North Carolina",119,"Mecklenburg",35.2401000008895,-80.785683
"3156","10/20/2018","AQS",371190041,1,0.032,"ppm",30,"Garinger High School",17,100,44201,"Ozone",16740,"Charlotte-Concord-Gastonia, NC-SC",37,"North Carolina",119,"Mecklenburg",35.2401000008895,-80.785683
"3157","10/21/2018","AQS",371190041,1,0.031,"ppm",29,"Garinger High School",17,100,44201,"Ozone",16740,"Charlotte-Concord-Gastonia, NC-SC",37,"North Carolina",119,"Mecklenburg",35.2401000008895,-80.785683
"3158","10/22/2018","AQS",371190041,1,0.033,"ppm",31,"Garinger High School",17,100,44201,"Ozone",16740,"Charlotte-Concord-Gastonia, NC-SC",37,"North Carolina",119,"Mecklenburg",35.2401000008895,-80.785683
"3159","10/23/2018","AQS",371190041,1,0.03,"ppm",28,"Garinger High School",17,100,44201,"Ozone",16740,"Charlotte-Concord-Gastonia, NC-SC",37,"North Carolina",119,"Mecklenburg",35.2401000008895,-80.785683
"3160","10/24/2018","AQS",371190041,1,0.04,"ppm",37,"Garinger High School",17,100,44201,"Ozone",16740,"Charlotte-Concord-Gastonia, NC-SC",37,"North Carolina",119,"Mecklenburg",35.2401000008895,-80.785683
"3161","10/25/2018","AQS",371190041,1,0.025,"ppm",23,"Garinger High School",17,100,44201,"Ozone",16740,"Charlotte-Concord-Gastonia, NC-SC",37,"North Carolina",119,"Mecklenburg",35.2401000008895,-80.785683
"3162","10/26/2018","AQS",371190041,1,0.026,"ppm",24,"Garinger High School",17,100,44201,"Ozone",16740,"Charlotte-Concord-Gastonia, NC-SC",37,"North Carolina",119,"Mecklenburg",35.2401000008895,-80.785683
"3163","10/27/2018","AQS",371190041,1,0.021,"ppm",19,"Garinger High School",17,100,44201,"Ozone",16740,"Charlotte-Concord-Gastonia, NC-SC",37,"North Carolina",119,"Mecklenburg",35.2401000008895,-80.785683
"3164","10/28/2018","AQS",371190041,1,0.036,"ppm",33,"Garinger High School",17,100,44201,"Ozone",16740,"Charlotte-Concord-Gastonia, NC-SC",37,"North Carolina",119,"Mecklenburg",35.2401000008895,-80.785683
"3165","10/29/2018","AQS",371190041,1,0.037,"ppm",34,"Garinger High School",17,100,44201,"Ozone",16740,"Charlotte-Concord-Gastonia, NC-SC",37,"North Carolina",119,"Mecklenburg",35.2401000008895,-80.785683
"3166","10/30/2018","AQS",371190041,1,0.036,"ppm",33,"Garinger High School",17,100,44201,"Ozone",16740,"Charlotte-Concord-Gastonia, NC-SC",37,"North Carolina",119,"Mecklenburg",35.2401000008895,-80.785683
"3167","10/31/2018","AQS",371190041,1,0.043,"ppm",40,"Garinger High School",17,100,44201,"Ozone",16740,"Charlotte-Concord-Gastonia, NC-SC",37,"North Carolina",119,"Mecklenburg",35.2401000008895,-80.785683
"3168","11/01/2018","AQS",371190041,1,0.036,"ppm",33,"Garinger High School",17,100,44201,"Ozone",16740,"Charlotte-Concord-Gastonia, NC-SC",37,"North Carolina",119,"Mecklenburg",35.2401000008895,-80.785683
"3169","11/02/2018","AQS",371190041,1,0.022,"ppm",20,"Garinger High School",17,100,44201,"Ozone",16740,"Charlotte-Concord-Gastonia, NC-SC",37,"North Carolina",119,"Mecklenburg",35.2401000008895,-80.785683
"3170","11/03/2018","AQS",371190041,1,0.035,"ppm",32,"Garinger High School",17,100,44201,"Ozone",16740,"Charlotte-Concord-Gastonia, NC-SC",37,"North Carolina",119,"Mecklenburg",35.2401000008895,-80.785683
"3171","11/04/2018","AQS",371190041,1,0.032,"ppm",30,"Garinger High School",17,100,44201,"Ozone",16740,"Charlotte-Concord-Gastonia, NC-SC",37,"North Carolina",119,"Mecklenburg",35.2401000008895,-80.785683
"3172","11/05/2018","AQS",371190041,1,0.01,"ppm",9,"Garinger High School",17,100,44201,"Ozone",16740,"Charlotte-Concord-Gastonia, NC-SC",37,"North Carolina",119,"Mecklenburg",35.2401000008895,-80.785683
"3173","11/06/2018","AQS",371190041,1,0.023,"ppm",21,"Garinger High School",17,100,44201,"Ozone",16740,"Charlotte-Concord-Gastonia, NC-SC",37,"North Carolina",119,"Mecklenburg",35.2401000008895,-80.785683
"3174","11/07/2018","AQS",371190041,1,0.035,"ppm",32,"Garinger High School",17,100,44201,"Ozone",16740,"Charlotte-Concord-Gastonia, NC-SC",37,"North Carolina",119,"Mecklenburg",35.2401000008895,-80.785683
"3175","11/08/2018","AQS",371190041,1,0.035,"ppm",32,"Garinger High School",17,100,44201,"Ozone",16740,"Charlotte-Concord-Gastonia, NC-SC",37,"North Carolina",119,"Mecklenburg",35.2401000008895,-80.785683
"3176","11/09/2018","AQS",371190041,1,0.015,"ppm",14,"Garinger High School",17,100,44201,"Ozone",16740,"Charlotte-Concord-Gastonia, NC-SC",37,"North Carolina",119,"Mecklenburg",35.2401000008895,-80.785683
"3177","11/10/2018","AQS",371190041,1,0.033,"ppm",31,"Garinger High School",17,100,44201,"Ozone",16740,"Charlotte-Concord-Gastonia, NC-SC",37,"North Carolina",119,"Mecklenburg",35.2401000008895,-80.785683
"3178","11/11/2018","AQS",371190041,1,0.034,"ppm",31,"Garinger High School",17,100,44201,"Ozone",16740,"Charlotte-Concord-Gastonia, NC-SC",37,"North Carolina",119,"Mecklenburg",35.2401000008895,-80.785683
"3179","11/12/2018","AQS",371190041,1,0.019,"ppm",18,"Garinger High School",17,100,44201,"Ozone",16740,"Charlotte-Concord-Gastonia, NC-SC",37,"North Carolina",119,"Mecklenburg",35.2401000008895,-80.785683
"3180","11/13/2018","AQS",371190041,1,0.017,"ppm",16,"Garinger High School",17,100,44201,"Ozone",16740,"Charlotte-Concord-Gastonia, NC-SC",37,"North Carolina",119,"Mecklenburg",35.2401000008895,-80.785683
"3181","11/14/2018","AQS",371190041,1,0.02,"ppm",19,"Garinger High School",17,100,44201,"Ozone",16740,"Charlotte-Concord-Gastonia, NC-SC",37,"North Carolina",119,"Mecklenburg",35.2401000008895,-80.785683
"3182","11/15/2018","AQS",371190041,1,0.022,"ppm",20,"Garinger High School",17,100,44201,"Ozone",16740,"Charlotte-Concord-Gastonia, NC-SC",37,"North Carolina",119,"Mecklenburg",35.2401000008895,-80.785683
"3183","11/16/2018","AQS",371190041,1,0.024,"ppm",22,"Garinger High School",17,100,44201,"Ozone",16740,"Charlotte-Concord-Gastonia, NC-SC",37,"North Carolina",119,"Mecklenburg",35.2401000008895,-80.785683
"3184","11/17/2018","AQS",371190041,1,0.037,"ppm",34,"Garinger High School",17,100,44201,"Ozone",16740,"Charlotte-Concord-Gastonia, NC-SC",37,"North Carolina",119,"Mecklenburg",35.2401000008895,-80.785683
"3185","11/18/2018","AQS",371190041,1,0.036,"ppm",33,"Garinger High School",17,100,44201,"Ozone",16740,"Charlotte-Concord-Gastonia, NC-SC",37,"North Carolina",119,"Mecklenburg",35.2401000008895,-80.785683
"3186","11/19/2018","AQS",371190041,1,0.036,"ppm",33,"Garinger High School",17,100,44201,"Ozone",16740,"Charlotte-Concord-Gastonia, NC-SC",37,"North Carolina",119,"Mecklenburg",35.2401000008895,-80.785683
"3187","11/20/2018","AQS",371190041,1,0.035,"ppm",32,"Garinger High School",17,100,44201,"Ozone",16740,"Charlotte-Concord-Gastonia, NC-SC",37,"North Carolina",119,"Mecklenburg",35.2401000008895,-80.785683
"3188","11/21/2018","AQS",371190041,1,0.027,"ppm",25,"Garinger High School",17,100,44201,"Ozone",16740,"Charlotte-Concord-Gastonia, NC-SC",37,"North Carolina",119,"Mecklenburg",35.2401000008895,-80.785683
"3189","11/22/2018","AQS",371190041,1,0.033,"ppm",31,"Garinger High School",17,100,44201,"Ozone",16740,"Charlotte-Concord-Gastonia, NC-SC",37,"North Carolina",119,"Mecklenburg",35.2401000008895,-80.785683
"3190","11/23/2018","AQS",371190041,1,0.032,"ppm",30,"Garinger High School",17,100,44201,"Ozone",16740,"Charlotte-Concord-Gastonia, NC-SC",37,"North Carolina",119,"Mecklenburg",35.2401000008895,-80.785683
"3191","11/24/2018","AQS",371190041,1,0.02,"ppm",19,"Garinger High School",17,100,44201,"Ozone",16740,"Charlotte-Concord-Gastonia, NC-SC",37,"North Carolina",119,"Mecklenburg",35.2401000008895,-80.785683
"3192","11/25/2018","AQS",371190041,1,0.025,"ppm",23,"Garinger High School",17,100,44201,"Ozone",16740,"Charlotte-Concord-Gastonia, NC-SC",37,"North Carolina",119,"Mecklenburg",35.2401000008895,-80.785683
"3193","11/26/2018","AQS",371190041,1,0.022,"ppm",20,"Garinger High School",17,100,44201,"Ozone",16740,"Charlotte-Concord-Gastonia, NC-SC",37,"North Carolina",119,"Mecklenburg",35.2401000008895,-80.785683
"3194","11/27/2018","AQS",371190041,1,0.026,"ppm",24,"Garinger High School",17,100,44201,"Ozone",16740,"Charlotte-Concord-Gastonia, NC-SC",37,"North Carolina",119,"Mecklenburg",35.2401000008895,-80.785683
"3195","11/28/2018","AQS",371190041,1,0.029,"ppm",27,"Garinger High School",17,100,44201,"Ozone",16740,"Charlotte-Concord-Gastonia, NC-SC",37,"North Carolina",119,"Mecklenburg",35.2401000008895,-80.785683
"3196","11/29/2018","AQS",371190041,1,0.027,"ppm",25,"Garinger High School",17,100,44201,"Ozone",16740,"Charlotte-Concord-Gastonia, NC-SC",37,"North Carolina",119,"Mecklenburg",35.2401000008895,-80.785683
"3197","11/30/2018","AQS",371190041,1,0.03,"ppm",28,"Garinger High School",17,100,44201,"Ozone",16740,"Charlotte-Concord-Gastonia, NC-SC",37,"North Carolina",119,"Mecklenburg",35.2401000008895,-80.785683
"3198","12/01/2018","AQS",371190041,1,0.028,"ppm",26,"Garinger High School",17,100,44201,"Ozone",16740,"Charlotte-Concord-Gastonia, NC-SC",37,"North Carolina",119,"Mecklenburg",35.2401000008895,-80.785683
"3199","12/02/2018","AQS",371190041,1,0.022,"ppm",20,"Garinger High School",17,100,44201,"Ozone",16740,"Charlotte-Concord-Gastonia, NC-SC",37,"North Carolina",119,"Mecklenburg",35.2401000008895,-80.785683
"3200","12/03/2018","AQS",371190041,1,0.032,"ppm",30,"Garinger High School",17,100,44201,"Ozone",16740,"Charlotte-Concord-Gastonia, NC-SC",37,"North Carolina",119,"Mecklenburg",35.2401000008895,-80.785683
"3201","12/04/2018","AQS",371190041,1,0.021,"ppm",19,"Garinger High School",17,100,44201,"Ozone",16740,"Charlotte-Concord-Gastonia, NC-SC",37,"North Carolina",119,"Mecklenburg",35.2401000008895,-80.785683
"3202","12/05/2018","AQS",371190041,1,0.025,"ppm",23,"Garinger High School",17,100,44201,"Ozone",16740,"Charlotte-Concord-Gastonia, NC-SC",37,"North Carolina",119,"Mecklenburg",35.2401000008895,-80.785683
"3203","12/06/2018","AQS",371190041,1,0.025,"ppm",23,"Garinger High School",17,100,44201,"Ozone",16740,"Charlotte-Concord-Gastonia, NC-SC",37,"North Carolina",119,"Mecklenburg",35.2401000008895,-80.785683
"3204","12/07/2018","AQS",371190041,1,0.02,"ppm",19,"Garinger High School",17,100,44201,"Ozone",16740,"Charlotte-Concord-Gastonia, NC-SC",37,"North Carolina",119,"Mecklenburg",35.2401000008895,-80.785683
"3205","12/08/2018","AQS",371190041,1,0.023,"ppm",21,"Garinger High School",17,100,44201,"Ozone",16740,"Charlotte-Concord-Gastonia, NC-SC",37,"North Carolina",119,"Mecklenburg",35.2401000008895,-80.785683
"3206","12/10/2018","AQS",371190041,1,0.035,"ppm",32,"Garinger High School",17,100,44201,"Ozone",16740,"Charlotte-Concord-Gastonia, NC-SC",37,"North Carolina",119,"Mecklenburg",35.2401000008895,-80.785683
"3207","12/11/2018","AQS",371190041,1,0.026,"ppm",24,"Garinger High School",17,100,44201,"Ozone",16740,"Charlotte-Concord-Gastonia, NC-SC",37,"North Carolina",119,"Mecklenburg",35.2401000008895,-80.785683
"3208","12/12/2018","AQS",371190041,1,0.028,"ppm",26,"Garinger High School",17,100,44201,"Ozone",16740,"Charlotte-Concord-Gastonia, NC-SC",37,"North Carolina",119,"Mecklenburg",35.2401000008895,-80.785683
"3209","12/13/2018","AQS",371190041,1,0.015,"ppm",14,"Garinger High School",17,100,44201,"Ozone",16740,"Charlotte-Concord-Gastonia, NC-SC",37,"North Carolina",119,"Mecklenburg",35.2401000008895,-80.785683
"3210","12/14/2018","AQS",371190041,1,0.018,"ppm",17,"Garinger High School",17,100,44201,"Ozone",16740,"Charlotte-Concord-Gastonia, NC-SC",37,"North Carolina",119,"Mecklenburg",35.2401000008895,-80.785683
"3211","12/15/2018","AQS",371190041,1,0.013,"ppm",12,"Garinger High School",17,100,44201,"Ozone",16740,"Charlotte-Concord-Gastonia, NC-SC",37,"North Carolina",119,"Mecklenburg",35.2401000008895,-80.785683
"3212","12/16/2018","AQS",371190041,1,0.026,"ppm",24,"Garinger High School",17,100,44201,"Ozone",16740,"Charlotte-Concord-Gastonia, NC-SC",37,"North Carolina",119,"Mecklenburg",35.2401000008895,-80.785683
"3213","12/17/2018","AQS",371190041,1,0.032,"ppm",30,"Garinger High School",17,100,44201,"Ozone",16740,"Charlotte-Concord-Gastonia, NC-SC",37,"North Carolina",119,"Mecklenburg",35.2401000008895,-80.785683
"3214","12/18/2018","AQS",371190041,1,0.031,"ppm",29,"Garinger High School",17,100,44201,"Ozone",16740,"Charlotte-Concord-Gastonia, NC-SC",37,"North Carolina",119,"Mecklenburg",35.2401000008895,-80.785683
"3215","12/19/2018","AQS",371190041,1,0.024,"ppm",22,"Garinger High School",17,100,44201,"Ozone",16740,"Charlotte-Concord-Gastonia, NC-SC",37,"North Carolina",119,"Mecklenburg",35.2401000008895,-80.785683
"3216","12/20/2018","AQS",371190041,1,0.028,"ppm",26,"Garinger High School",17,100,44201,"Ozone",16740,"Charlotte-Concord-Gastonia, NC-SC",37,"North Carolina",119,"Mecklenburg",35.2401000008895,-80.785683
"3217","12/21/2018","AQS",371190041,1,0.031,"ppm",29,"Garinger High School",17,100,44201,"Ozone",16740,"Charlotte-Concord-Gastonia, NC-SC",37,"North Carolina",119,"Mecklenburg",35.2401000008895,-80.785683
"3218","12/22/2018","AQS",371190041,1,0.023,"ppm",21,"Garinger High School",17,100,44201,"Ozone",16740,"Charlotte-Concord-Gastonia, NC-SC",37,"North Carolina",119,"Mecklenburg",35.2401000008895,-80.785683
"3219","12/23/2018","AQS",371190041,1,0.028,"ppm",26,"Garinger High School",17,100,44201,"Ozone",16740,"Charlotte-Concord-Gastonia, NC-SC",37,"North Carolina",119,"Mecklenburg",35.2401000008895,-80.785683
"3220","12/24/2018","AQS",371190041,1,0.032,"ppm",30,"Garinger High School",17,100,44201,"Ozone",16740,"Charlotte-Concord-Gastonia, NC-SC",37,"North Carolina",119,"Mecklenburg",35.2401000008895,-80.785683
"3221","12/25/2018","AQS",371190041,1,0.034,"ppm",31,"Garinger High School",17,100,44201,"Ozone",16740,"Charlotte-Concord-Gastonia, NC-SC",37,"North Carolina",119,"Mecklenburg",35.2401000008895,-80.785683
"3222","12/26/2018","AQS",371190041,1,0.033,"ppm",31,"Garinger High School",17,100,44201,"Ozone",16740,"Charlotte-Concord-Gastonia, NC-SC",37,"North Carolina",119,"Mecklenburg",35.2401000008895,-80.785683
"3223","12/27/2018","AQS",371190041,1,0.019,"ppm",18,"Garinger High School",17,100,44201,"Ozone",16740,"Charlotte-Concord-Gastonia, NC-SC",37,"North Carolina",119,"Mecklenburg",35.2401000008895,-80.785683
"3224","12/28/2018","AQS",371190041,1,0.019,"ppm",18,"Garinger High School",17,100,44201,"Ozone",16740,"Charlotte-Concord-Gastonia, NC-SC",37,"North Carolina",119,"Mecklenburg",35.2401000008895,-80.785683
"3225","12/29/2018","AQS",371190041,1,0.027,"ppm",25,"Garinger High School",17,100,44201,"Ozone",16740,"Charlotte-Concord-Gastonia, NC-SC",37,"North Carolina",119,"Mecklenburg",35.2401000008895,-80.785683
"3226","12/30/2018","AQS",371190041,1,0.029,"ppm",27,"Garinger High School",17,100,44201,"Ozone",16740,"Charlotte-Concord-Gastonia, NC-SC",37,"North Carolina",119,"Mecklenburg",35.2401000008895,-80.785683
"3227","01/01/2019","AQS",371190041,1,0.026,"ppm",24,"Garinger High School",17,100,44201,"Ozone",16740,"Charlotte-Concord-Gastonia, NC-SC",37,"North Carolina",119,"Mecklenburg",35.2401000008895,-80.785683
"3228","01/02/2019","AQS",371190041,1,0.021,"ppm",19,"Garinger High School",17,100,44201,"Ozone",16740,"Charlotte-Concord-Gastonia, NC-SC",37,"North Carolina",119,"Mecklenburg",35.2401000008895,-80.785683
"3229","01/03/2019","AQS",371190041,1,0.013,"ppm",12,"Garinger High School",17,100,44201,"Ozone",16740,"Charlotte-Concord-Gastonia, NC-SC",37,"North Carolina",119,"Mecklenburg",35.2401000008895,-80.785683
"3230","01/04/2019","AQS",371190041,1,0.024,"ppm",22,"Garinger High School",17,100,44201,"Ozone",16740,"Charlotte-Concord-Gastonia, NC-SC",37,"North Carolina",119,"Mecklenburg",35.2401000008895,-80.785683
"3231","01/05/2019","AQS",371190041,1,0.033,"ppm",31,"Garinger High School",17,100,44201,"Ozone",16740,"Charlotte-Concord-Gastonia, NC-SC",37,"North Carolina",119,"Mecklenburg",35.2401000008895,-80.785683
"3232","01/06/2019","AQS",371190041,1,0.032,"ppm",30,"Garinger High School",17,100,44201,"Ozone",16740,"Charlotte-Concord-Gastonia, NC-SC",37,"North Carolina",119,"Mecklenburg",35.2401000008895,-80.785683
"3233","01/07/2019","AQS",371190041,1,0.029,"ppm",27,"Garinger High School",17,100,44201,"Ozone",16740,"Charlotte-Concord-Gastonia, NC-SC",37,"North Carolina",119,"Mecklenburg",35.2401000008895,-80.785683
"3234","01/08/2019","AQS",371190041,1,0.035,"ppm",32,"Garinger High School",17,100,44201,"Ozone",16740,"Charlotte-Concord-Gastonia, NC-SC",37,"North Carolina",119,"Mecklenburg",35.2401000008895,-80.785683
"3235","01/09/2019","AQS",371190041,1,0.037,"ppm",34,"Garinger High School",17,100,44201,"Ozone",16740,"Charlotte-Concord-Gastonia, NC-SC",37,"North Carolina",119,"Mecklenburg",35.2401000008895,-80.785683
"3236","01/10/2019","AQS",371190041,1,0.027,"ppm",25,"Garinger High School",17,100,44201,"Ozone",16740,"Charlotte-Concord-Gastonia, NC-SC",37,"North Carolina",119,"Mecklenburg",35.2401000008895,-80.785683
"3237","01/11/2019","AQS",371190041,1,0.031,"ppm",29,"Garinger High School",17,100,44201,"Ozone",16740,"Charlotte-Concord-Gastonia, NC-SC",37,"North Carolina",119,"Mecklenburg",35.2401000008895,-80.785683
"3238","01/12/2019","AQS",371190041,1,0.029,"ppm",27,"Garinger High School",17,100,44201,"Ozone",16740,"Charlotte-Concord-Gastonia, NC-SC",37,"North Carolina",119,"Mecklenburg",35.2401000008895,-80.785683
"3239","01/13/2019","AQS",371190041,1,0.025,"ppm",23,"Garinger High School",17,100,44201,"Ozone",16740,"Charlotte-Concord-Gastonia, NC-SC",37,"North Carolina",119,"Mecklenburg",35.2401000008895,-80.785683
"3240","01/14/2019","AQS",371190041,1,0.022,"ppm",20,"Garinger High School",17,100,44201,"Ozone",16740,"Charlotte-Concord-Gastonia, NC-SC",37,"North Carolina",119,"Mecklenburg",35.2401000008895,-80.785683
"3241","01/15/2019","AQS",371190041,1,0.024,"ppm",22,"Garinger High School",17,100,44201,"Ozone",16740,"Charlotte-Concord-Gastonia, NC-SC",37,"North Carolina",119,"Mecklenburg",35.2401000008895,-80.785683
"3242","01/16/2019","AQS",371190041,1,0.029,"ppm",27,"Garinger High School",17,100,44201,"Ozone",16740,"Charlotte-Concord-Gastonia, NC-SC",37,"North Carolina",119,"Mecklenburg",35.2401000008895,-80.785683
"3243","01/17/2019","AQS",371190041,1,0.022,"ppm",20,"Garinger High School",17,100,44201,"Ozone",16740,"Charlotte-Concord-Gastonia, NC-SC",37,"North Carolina",119,"Mecklenburg",35.2401000008895,-80.785683
"3244","01/18/2019","AQS",371190041,1,0.015,"ppm",14,"Garinger High School",17,100,44201,"Ozone",16740,"Charlotte-Concord-Gastonia, NC-SC",37,"North Carolina",119,"Mecklenburg",35.2401000008895,-80.785683
"3245","01/19/2019","AQS",371190041,1,0.038,"ppm",35,"Garinger High School",17,100,44201,"Ozone",16740,"Charlotte-Concord-Gastonia, NC-SC",37,"North Carolina",119,"Mecklenburg",35.2401000008895,-80.785683
"3246","01/20/2019","AQS",371190041,1,0.035,"ppm",32,"Garinger High School",17,100,44201,"Ozone",16740,"Charlotte-Concord-Gastonia, NC-SC",37,"North Carolina",119,"Mecklenburg",35.2401000008895,-80.785683
"3247","01/21/2019","AQS",371190041,1,0.035,"ppm",32,"Garinger High School",17,100,44201,"Ozone",16740,"Charlotte-Concord-Gastonia, NC-SC",37,"North Carolina",119,"Mecklenburg",35.2401000008895,-80.785683
"3248","01/22/2019","AQS",371190041,1,0.033,"ppm",31,"Garinger High School",17,100,44201,"Ozone",16740,"Charlotte-Concord-Gastonia, NC-SC",37,"North Carolina",119,"Mecklenburg",35.2401000008895,-80.785683
"3249","01/23/2019","AQS",371190041,1,0.034,"ppm",31,"Garinger High School",17,100,44201,"Ozone",16740,"Charlotte-Concord-Gastonia, NC-SC",37,"North Carolina",119,"Mecklenburg",35.2401000008895,-80.785683
"3250","01/25/2019","AQS",371190041,1,0.035,"ppm",32,"Garinger High School",17,100,44201,"Ozone",16740,"Charlotte-Concord-Gastonia, NC-SC",37,"North Carolina",119,"Mecklenburg",35.2401000008895,-80.785683
"3251","01/26/2019","AQS",371190041,1,0.036,"ppm",33,"Garinger High School",17,100,44201,"Ozone",16740,"Charlotte-Concord-Gastonia, NC-SC",37,"North Carolina",119,"Mecklenburg",35.2401000008895,-80.785683
"3252","01/27/2019","AQS",371190041,1,0.033,"ppm",31,"Garinger High School",17,100,44201,"Ozone",16740,"Charlotte-Concord-Gastonia, NC-SC",37,"North Carolina",119,"Mecklenburg",35.2401000008895,-80.785683
"3253","01/28/2019","AQS",371190041,1,0.04,"ppm",37,"Garinger High School",17,100,44201,"Ozone",16740,"Charlotte-Concord-Gastonia, NC-SC",37,"North Carolina",119,"Mecklenburg",35.2401000008895,-80.785683
"3254","01/29/2019","AQS",371190041,1,0.034,"ppm",31,"Garinger High School",17,100,44201,"Ozone",16740,"Charlotte-Concord-Gastonia, NC-SC",37,"North Carolina",119,"Mecklenburg",35.2401000008895,-80.785683
"3255","01/30/2019","AQS",371190041,1,0.036,"ppm",33,"Garinger High School",17,100,44201,"Ozone",16740,"Charlotte-Concord-Gastonia, NC-SC",37,"North Carolina",119,"Mecklenburg",35.2401000008895,-80.785683
"3256","01/31/2019","AQS",371190041,1,0.037,"ppm",34,"Garinger High School",17,100,44201,"Ozone",16740,"Charlotte-Concord-Gastonia, NC-SC",37,"North Carolina",119,"Mecklenburg",35.2401000008895,-80.785683
"3257","02/01/2019","AQS",371190041,1,0.042,"ppm",39,"Garinger High School",17,100,44201,"Ozone",16740,"Charlotte-Concord-Gastonia, NC-SC",37,"North Carolina",119,"Mecklenburg",35.2401000008895,-80.785683
"3258","02/02/2019","AQS",371190041,1,0.045,"ppm",42,"Garinger High School",17,100,44201,"Ozone",16740,"Charlotte-Concord-Gastonia, NC-SC",37,"North Carolina",119,"Mecklenburg",35.2401000008895,-80.785683
"3259","02/03/2019","AQS",371190041,1,0.044,"ppm",41,"Garinger High School",17,100,44201,"Ozone",16740,"Charlotte-Concord-Gastonia, NC-SC",37,"North Carolina",119,"Mecklenburg",35.2401000008895,-80.785683
"3260","02/04/2019","AQS",371190041,1,0.043,"ppm",40,"Garinger High School",17,100,44201,"Ozone",16740,"Charlotte-Concord-Gastonia, NC-SC",37,"North Carolina",119,"Mecklenburg",35.2401000008895,-80.785683
"3261","02/05/2019","AQS",371190041,1,0.035,"ppm",32,"Garinger High School",17,100,44201,"Ozone",16740,"Charlotte-Concord-Gastonia, NC-SC",37,"North Carolina",119,"Mecklenburg",35.2401000008895,-80.785683
"3262","02/06/2019","AQS",371190041,1,0.023,"ppm",21,"Garinger High School",17,100,44201,"Ozone",16740,"Charlotte-Concord-Gastonia, NC-SC",37,"North Carolina",119,"Mecklenburg",35.2401000008895,-80.785683
"3263","02/07/2019","AQS",371190041,1,0.036,"ppm",33,"Garinger High School",17,100,44201,"Ozone",16740,"Charlotte-Concord-Gastonia, NC-SC",37,"North Carolina",119,"Mecklenburg",35.2401000008895,-80.785683
"3264","02/08/2019","AQS",371190041,1,0.04,"ppm",37,"Garinger High School",17,100,44201,"Ozone",16740,"Charlotte-Concord-Gastonia, NC-SC",37,"North Carolina",119,"Mecklenburg",35.2401000008895,-80.785683
"3265","02/09/2019","AQS",371190041,1,0.04,"ppm",37,"Garinger High School",17,100,44201,"Ozone",16740,"Charlotte-Concord-Gastonia, NC-SC",37,"North Carolina",119,"Mecklenburg",35.2401000008895,-80.785683
"3266","02/10/2019","AQS",371190041,1,0.033,"ppm",31,"Garinger High School",17,100,44201,"Ozone",16740,"Charlotte-Concord-Gastonia, NC-SC",37,"North Carolina",119,"Mecklenburg",35.2401000008895,-80.785683
"3267","02/11/2019","AQS",371190041,1,0.019,"ppm",18,"Garinger High School",17,100,44201,"Ozone",16740,"Charlotte-Concord-Gastonia, NC-SC",37,"North Carolina",119,"Mecklenburg",35.2401000008895,-80.785683
"3268","02/12/2019","AQS",371190041,1,0.011,"ppm",10,"Garinger High School",17,100,44201,"Ozone",16740,"Charlotte-Concord-Gastonia, NC-SC",37,"North Carolina",119,"Mecklenburg",35.2401000008895,-80.785683
"3269","02/13/2019","AQS",371190041,1,0.041,"ppm",38,"Garinger High School",17,100,44201,"Ozone",16740,"Charlotte-Concord-Gastonia, NC-SC",37,"North Carolina",119,"Mecklenburg",35.2401000008895,-80.785683
"3270","02/14/2019","AQS",371190041,1,0.038,"ppm",35,"Garinger High School",17,100,44201,"Ozone",16740,"Charlotte-Concord-Gastonia, NC-SC",37,"North Carolina",119,"Mecklenburg",35.2401000008895,-80.785683
"3271","02/15/2019","AQS",371190041,1,0.039,"ppm",36,"Garinger High School",17,100,44201,"Ozone",16740,"Charlotte-Concord-Gastonia, NC-SC",37,"North Carolina",119,"Mecklenburg",35.2401000008895,-80.785683
"3272","02/16/2019","AQS",371190041,1,0.037,"ppm",34,"Garinger High School",17,100,44201,"Ozone",16740,"Charlotte-Concord-Gastonia, NC-SC",37,"North Carolina",119,"Mecklenburg",35.2401000008895,-80.785683
"3273","02/17/2019","AQS",371190041,1,0.028,"ppm",26,"Garinger High School",17,100,44201,"Ozone",16740,"Charlotte-Concord-Gastonia, NC-SC",37,"North Carolina",119,"Mecklenburg",35.2401000008895,-80.785683
"3274","02/18/2019","AQS",371190041,1,0.035,"ppm",32,"Garinger High School",17,100,44201,"Ozone",16740,"Charlotte-Concord-Gastonia, NC-SC",37,"North Carolina",119,"Mecklenburg",35.2401000008895,-80.785683
"3275","02/19/2019","AQS",371190041,1,0.026,"ppm",24,"Garinger High School",17,100,44201,"Ozone",16740,"Charlotte-Concord-Gastonia, NC-SC",37,"North Carolina",119,"Mecklenburg",35.2401000008895,-80.785683
"3276","02/20/2019","AQS",371190041,1,0.029,"ppm",27,"Garinger High School",17,100,44201,"Ozone",16740,"Charlotte-Concord-Gastonia, NC-SC",37,"North Carolina",119,"Mecklenburg",35.2401000008895,-80.785683
"3277","02/21/2019","AQS",371190041,1,0.02,"ppm",19,"Garinger High School",17,100,44201,"Ozone",16740,"Charlotte-Concord-Gastonia, NC-SC",37,"North Carolina",119,"Mecklenburg",35.2401000008895,-80.785683
"3278","02/22/2019","AQS",371190041,1,0.033,"ppm",31,"Garinger High School",17,100,44201,"Ozone",16740,"Charlotte-Concord-Gastonia, NC-SC",37,"North Carolina",119,"Mecklenburg",35.2401000008895,-80.785683
"3279","02/23/2019","AQS",371190041,1,0.032,"ppm",30,"Garinger High School",17,100,44201,"Ozone",16740,"Charlotte-Concord-Gastonia, NC-SC",37,"North Carolina",119,"Mecklenburg",35.2401000008895,-80.785683
"3280","02/24/2019","AQS",371190041,1,0.044,"ppm",41,"Garinger High School",17,100,44201,"Ozone",16740,"Charlotte-Concord-Gastonia, NC-SC",37,"North Carolina",119,"Mecklenburg",35.2401000008895,-80.785683
"3281","02/25/2019","AQS",371190041,1,0.044,"ppm",41,"Garinger High School",17,100,44201,"Ozone",16740,"Charlotte-Concord-Gastonia, NC-SC",37,"North Carolina",119,"Mecklenburg",35.2401000008895,-80.785683
"3282","02/26/2019","AQS",371190041,1,0.046,"ppm",43,"Garinger High School",17,100,44201,"Ozone",16740,"Charlotte-Concord-Gastonia, NC-SC",37,"North Carolina",119,"Mecklenburg",35.2401000008895,-80.785683
"3283","02/27/2019","AQS",371190041,1,0.022,"ppm",20,"Garinger High School",15,88,44201,"Ozone",16740,"Charlotte-Concord-Gastonia, NC-SC",37,"North Carolina",119,"Mecklenburg",35.2401000008895,-80.785683
"3284","02/28/2019","AQS",371190041,1,0.03,"ppm",28,"Garinger High School",17,100,44201,"Ozone",16740,"Charlotte-Concord-Gastonia, NC-SC",37,"North Carolina",119,"Mecklenburg",35.2401000008895,-80.785683
"3285","03/01/2019","AQS",371190041,1,0.02,"ppm",19,"Garinger High School",17,100,44201,"Ozone",16740,"Charlotte-Concord-Gastonia, NC-SC",37,"North Carolina",119,"Mecklenburg",35.2401000008895,-80.785683
"3286","03/02/2019","AQS",371190041,1,0.027,"ppm",25,"Garinger High School",17,100,44201,"Ozone",16740,"Charlotte-Concord-Gastonia, NC-SC",37,"North Carolina",119,"Mecklenburg",35.2401000008895,-80.785683
"3287","03/03/2019","AQS",371190041,1,0.015,"ppm",14,"Garinger High School",17,100,44201,"Ozone",16740,"Charlotte-Concord-Gastonia, NC-SC",37,"North Carolina",119,"Mecklenburg",35.2401000008895,-80.785683
"3288","03/04/2019","AQS",371190041,1,0.039,"ppm",36,"Garinger High School",17,100,44201,"Ozone",16740,"Charlotte-Concord-Gastonia, NC-SC",37,"North Carolina",119,"Mecklenburg",35.2401000008895,-80.785683
"3289","03/05/2019","AQS",371190041,1,0.041,"ppm",38,"Garinger High School",17,100,44201,"Ozone",16740,"Charlotte-Concord-Gastonia, NC-SC",37,"North Carolina",119,"Mecklenburg",35.2401000008895,-80.785683
"3290","03/06/2019","AQS",371190041,1,0.045,"ppm",42,"Garinger High School",17,100,44201,"Ozone",16740,"Charlotte-Concord-Gastonia, NC-SC",37,"North Carolina",119,"Mecklenburg",35.2401000008895,-80.785683
"3291","03/07/2019","AQS",371190041,1,0.043,"ppm",40,"Garinger High School",17,100,44201,"Ozone",16740,"Charlotte-Concord-Gastonia, NC-SC",37,"North Carolina",119,"Mecklenburg",35.2401000008895,-80.785683
"3292","03/08/2019","AQS",371190041,1,0.029,"ppm",27,"Garinger High School",17,100,44201,"Ozone",16740,"Charlotte-Concord-Gastonia, NC-SC",37,"North Carolina",119,"Mecklenburg",35.2401000008895,-80.785683
"3293","03/09/2019","AQS",371190041,1,0.026,"ppm",24,"Garinger High School",17,100,44201,"Ozone",16740,"Charlotte-Concord-Gastonia, NC-SC",37,"North Carolina",119,"Mecklenburg",35.2401000008895,-80.785683
"3294","03/10/2019","AQS",371190041,1,0.022,"ppm",20,"Garinger High School",17,100,44201,"Ozone",16740,"Charlotte-Concord-Gastonia, NC-SC",37,"North Carolina",119,"Mecklenburg",35.2401000008895,-80.785683
"3295","03/11/2019","AQS",371190041,1,0.041,"ppm",38,"Garinger High School",17,100,44201,"Ozone",16740,"Charlotte-Concord-Gastonia, NC-SC",37,"North Carolina",119,"Mecklenburg",35.2401000008895,-80.785683
"3296","03/12/2019","AQS",371190041,1,0.047,"ppm",44,"Garinger High School",17,100,44201,"Ozone",16740,"Charlotte-Concord-Gastonia, NC-SC",37,"North Carolina",119,"Mecklenburg",35.2401000008895,-80.785683
"3297","03/13/2019","AQS",371190041,1,0.053,"ppm",49,"Garinger High School",17,100,44201,"Ozone",16740,"Charlotte-Concord-Gastonia, NC-SC",37,"North Carolina",119,"Mecklenburg",35.2401000008895,-80.785683
"3298","03/14/2019","AQS",371190041,1,0.051,"ppm",47,"Garinger High School",17,100,44201,"Ozone",16740,"Charlotte-Concord-Gastonia, NC-SC",37,"North Carolina",119,"Mecklenburg",35.2401000008895,-80.785683
"3299","03/15/2019","AQS",371190041,1,0.034,"ppm",31,"Garinger High School",17,100,44201,"Ozone",16740,"Charlotte-Concord-Gastonia, NC-SC",37,"North Carolina",119,"Mecklenburg",35.2401000008895,-80.785683
"3300","03/16/2019","AQS",371190041,1,0.047,"ppm",44,"Garinger High School",17,100,44201,"Ozone",16740,"Charlotte-Concord-Gastonia, NC-SC",37,"North Carolina",119,"Mecklenburg",35.2401000008895,-80.785683
"3301","03/17/2019","AQS",371190041,1,0.05,"ppm",46,"Garinger High School",17,100,44201,"Ozone",16740,"Charlotte-Concord-Gastonia, NC-SC",37,"North Carolina",119,"Mecklenburg",35.2401000008895,-80.785683
"3302","03/18/2019","AQS",371190041,1,0.05,"ppm",46,"Garinger High School",17,100,44201,"Ozone",16740,"Charlotte-Concord-Gastonia, NC-SC",37,"North Carolina",119,"Mecklenburg",35.2401000008895,-80.785683
"3303","03/19/2019","AQS",371190041,1,0.049,"ppm",45,"Garinger High School",17,100,44201,"Ozone",16740,"Charlotte-Concord-Gastonia, NC-SC",37,"North Carolina",119,"Mecklenburg",35.2401000008895,-80.785683
"3304","03/20/2019","AQS",371190041,1,0.053,"ppm",49,"Garinger High School",17,100,44201,"Ozone",16740,"Charlotte-Concord-Gastonia, NC-SC",37,"North Carolina",119,"Mecklenburg",35.2401000008895,-80.785683
"3305","03/21/2019","AQS",371190041,1,0.054,"ppm",50,"Garinger High School",17,100,44201,"Ozone",16740,"Charlotte-Concord-Gastonia, NC-SC",37,"North Carolina",119,"Mecklenburg",35.2401000008895,-80.785683
"3306","03/22/2019","AQS",371190041,1,0.048,"ppm",44,"Garinger High School",17,100,44201,"Ozone",16740,"Charlotte-Concord-Gastonia, NC-SC",37,"North Carolina",119,"Mecklenburg",35.2401000008895,-80.785683
"3307","03/23/2019","AQS",371190041,1,0.054,"ppm",50,"Garinger High School",17,100,44201,"Ozone",16740,"Charlotte-Concord-Gastonia, NC-SC",37,"North Carolina",119,"Mecklenburg",35.2401000008895,-80.785683
"3308","03/24/2019","AQS",371190041,1,0.057,"ppm",58,"Garinger High School",17,100,44201,"Ozone",16740,"Charlotte-Concord-Gastonia, NC-SC",37,"North Carolina",119,"Mecklenburg",35.2401000008895,-80.785683
"3309","03/25/2019","AQS",371190041,1,0.048,"ppm",44,"Garinger High School",17,100,44201,"Ozone",16740,"Charlotte-Concord-Gastonia, NC-SC",37,"North Carolina",119,"Mecklenburg",35.2401000008895,-80.785683
"3310","03/26/2019","AQS",371190041,1,0.046,"ppm",43,"Garinger High School",17,100,44201,"Ozone",16740,"Charlotte-Concord-Gastonia, NC-SC",37,"North Carolina",119,"Mecklenburg",35.2401000008895,-80.785683
"3311","03/27/2019","AQS",371190041,1,0.051,"ppm",47,"Garinger High School",17,100,44201,"Ozone",16740,"Charlotte-Concord-Gastonia, NC-SC",37,"North Carolina",119,"Mecklenburg",35.2401000008895,-80.785683
"3312","03/28/2019","AQS",371190041,1,0.057,"ppm",58,"Garinger High School",17,100,44201,"Ozone",16740,"Charlotte-Concord-Gastonia, NC-SC",37,"North Carolina",119,"Mecklenburg",35.2401000008895,-80.785683
"3313","03/29/2019","AQS",371190041,1,0.06,"ppm",67,"Garinger High School",17,100,44201,"Ozone",16740,"Charlotte-Concord-Gastonia, NC-SC",37,"North Carolina",119,"Mecklenburg",35.2401000008895,-80.785683
"3314","03/30/2019","AQS",371190041,1,0.055,"ppm",51,"Garinger High School",17,100,44201,"Ozone",16740,"Charlotte-Concord-Gastonia, NC-SC",37,"North Carolina",119,"Mecklenburg",35.2401000008895,-80.785683
"3315","03/31/2019","AQS",371190041,1,0.045,"ppm",42,"Garinger High School",17,100,44201,"Ozone",16740,"Charlotte-Concord-Gastonia, NC-SC",37,"North Carolina",119,"Mecklenburg",35.2401000008895,-80.785683
"3316","04/01/2019","AQS",371190041,1,0.048,"ppm",44,"Garinger High School",17,100,44201,"Ozone",16740,"Charlotte-Concord-Gastonia, NC-SC",37,"North Carolina",119,"Mecklenburg",35.2401000008895,-80.785683
"3317","04/02/2019","AQS",371190041,1,0.043,"ppm",40,"Garinger High School",17,100,44201,"Ozone",16740,"Charlotte-Concord-Gastonia, NC-SC",37,"North Carolina",119,"Mecklenburg",35.2401000008895,-80.785683
"3318","04/03/2019","AQS",371190041,1,0.057,"ppm",58,"Garinger High School",17,100,44201,"Ozone",16740,"Charlotte-Concord-Gastonia, NC-SC",37,"North Carolina",119,"Mecklenburg",35.2401000008895,-80.785683
"3319","04/04/2019","AQS",371190041,1,0.059,"ppm",64,"Garinger High School",17,100,44201,"Ozone",16740,"Charlotte-Concord-Gastonia, NC-SC",37,"North Carolina",119,"Mecklenburg",35.2401000008895,-80.785683
"3320","04/05/2019","AQS",371190041,1,0.041,"ppm",38,"Garinger High School",17,100,44201,"Ozone",16740,"Charlotte-Concord-Gastonia, NC-SC",37,"North Carolina",119,"Mecklenburg",35.2401000008895,-80.785683
"3321","04/06/2019","AQS",371190041,1,0.051,"ppm",47,"Garinger High School",17,100,44201,"Ozone",16740,"Charlotte-Concord-Gastonia, NC-SC",37,"North Carolina",119,"Mecklenburg",35.2401000008895,-80.785683
"3322","04/07/2019","AQS",371190041,1,0.033,"ppm",31,"Garinger High School",17,100,44201,"Ozone",16740,"Charlotte-Concord-Gastonia, NC-SC",37,"North Carolina",119,"Mecklenburg",35.2401000008895,-80.785683
"3323","04/08/2019","AQS",371190041,1,0.034,"ppm",31,"Garinger High School",17,100,44201,"Ozone",16740,"Charlotte-Concord-Gastonia, NC-SC",37,"North Carolina",119,"Mecklenburg",35.2401000008895,-80.785683
"3324","04/09/2019","AQS",371190041,1,0.024,"ppm",22,"Garinger High School",17,100,44201,"Ozone",16740,"Charlotte-Concord-Gastonia, NC-SC",37,"North Carolina",119,"Mecklenburg",35.2401000008895,-80.785683
"3325","04/10/2019","AQS",371190041,1,0.061,"ppm",71,"Garinger High School",17,100,44201,"Ozone",16740,"Charlotte-Concord-Gastonia, NC-SC",37,"North Carolina",119,"Mecklenburg",35.2401000008895,-80.785683
"3326","04/11/2019","AQS",371190041,1,0.052,"ppm",48,"Garinger High School",17,100,44201,"Ozone",16740,"Charlotte-Concord-Gastonia, NC-SC",37,"North Carolina",119,"Mecklenburg",35.2401000008895,-80.785683
"3327","04/12/2019","AQS",371190041,1,0.031,"ppm",29,"Garinger High School",17,100,44201,"Ozone",16740,"Charlotte-Concord-Gastonia, NC-SC",37,"North Carolina",119,"Mecklenburg",35.2401000008895,-80.785683
"3328","04/13/2019","AQS",371190041,1,0.035,"ppm",32,"Garinger High School",17,100,44201,"Ozone",16740,"Charlotte-Concord-Gastonia, NC-SC",37,"North Carolina",119,"Mecklenburg",35.2401000008895,-80.785683
"3329","04/14/2019","AQS",371190041,1,0.036,"ppm",33,"Garinger High School",17,100,44201,"Ozone",16740,"Charlotte-Concord-Gastonia, NC-SC",37,"North Carolina",119,"Mecklenburg",35.2401000008895,-80.785683
"3330","04/15/2019","AQS",371190041,1,0.051,"ppm",47,"Garinger High School",17,100,44201,"Ozone",16740,"Charlotte-Concord-Gastonia, NC-SC",37,"North Carolina",119,"Mecklenburg",35.2401000008895,-80.785683
"3331","04/16/2019","AQS",371190041,1,0.058,"ppm",61,"Garinger High School",17,100,44201,"Ozone",16740,"Charlotte-Concord-Gastonia, NC-SC",37,"North Carolina",119,"Mecklenburg",35.2401000008895,-80.785683
"3332","04/17/2019","AQS",371190041,1,0.059,"ppm",64,"Garinger High School",17,100,44201,"Ozone",16740,"Charlotte-Concord-Gastonia, NC-SC",37,"North Carolina",119,"Mecklenburg",35.2401000008895,-80.785683
"3333","04/18/2019","AQS",371190041,1,0.049,"ppm",45,"Garinger High School",17,100,44201,"Ozone",16740,"Charlotte-Concord-Gastonia, NC-SC",37,"North Carolina",119,"Mecklenburg",35.2401000008895,-80.785683
"3334","04/19/2019","AQS",371190041,1,0.038,"ppm",35,"Garinger High School",17,100,44201,"Ozone",16740,"Charlotte-Concord-Gastonia, NC-SC",37,"North Carolina",119,"Mecklenburg",35.2401000008895,-80.785683
"3335","04/20/2019","AQS",371190041,1,0.033,"ppm",31,"Garinger High School",17,100,44201,"Ozone",16740,"Charlotte-Concord-Gastonia, NC-SC",37,"North Carolina",119,"Mecklenburg",35.2401000008895,-80.785683
"3336","04/21/2019","AQS",371190041,1,0.038,"ppm",35,"Garinger High School",17,100,44201,"Ozone",16740,"Charlotte-Concord-Gastonia, NC-SC",37,"North Carolina",119,"Mecklenburg",35.2401000008895,-80.785683
"3337","04/22/2019","AQS",371190041,1,0.051,"ppm",47,"Garinger High School",17,100,44201,"Ozone",16740,"Charlotte-Concord-Gastonia, NC-SC",37,"North Carolina",119,"Mecklenburg",35.2401000008895,-80.785683
"3338","04/23/2019","AQS",371190041,1,0.051,"ppm",47,"Garinger High School",17,100,44201,"Ozone",16740,"Charlotte-Concord-Gastonia, NC-SC",37,"North Carolina",119,"Mecklenburg",35.2401000008895,-80.785683
"3339","04/24/2019","AQS",371190041,1,0.054,"ppm",50,"Garinger High School",17,100,44201,"Ozone",16740,"Charlotte-Concord-Gastonia, NC-SC",37,"North Carolina",119,"Mecklenburg",35.2401000008895,-80.785683
"3340","04/25/2019","AQS",371190041,1,0.045,"ppm",42,"Garinger High School",17,100,44201,"Ozone",16740,"Charlotte-Concord-Gastonia, NC-SC",37,"North Carolina",119,"Mecklenburg",35.2401000008895,-80.785683
"3341","04/26/2019","AQS",371190041,1,0.047,"ppm",44,"Garinger High School",17,100,44201,"Ozone",16740,"Charlotte-Concord-Gastonia, NC-SC",37,"North Carolina",119,"Mecklenburg",35.2401000008895,-80.785683
"3342","04/27/2019","AQS",371190041,1,0.056,"ppm",54,"Garinger High School",17,100,44201,"Ozone",16740,"Charlotte-Concord-Gastonia, NC-SC",37,"North Carolina",119,"Mecklenburg",35.2401000008895,-80.785683
"3343","04/28/2019","AQS",371190041,1,0.052,"ppm",48,"Garinger High School",17,100,44201,"Ozone",16740,"Charlotte-Concord-Gastonia, NC-SC",37,"North Carolina",119,"Mecklenburg",35.2401000008895,-80.785683
"3344","04/29/2019","AQS",371190041,1,0.042,"ppm",39,"Garinger High School",17,100,44201,"Ozone",16740,"Charlotte-Concord-Gastonia, NC-SC",37,"North Carolina",119,"Mecklenburg",35.2401000008895,-80.785683
"3345","04/30/2019","AQS",371190041,1,0.057,"ppm",58,"Garinger High School",17,100,44201,"Ozone",16740,"Charlotte-Concord-Gastonia, NC-SC",37,"North Carolina",119,"Mecklenburg",35.2401000008895,-80.785683
"3346","05/01/2019","AQS",371190041,1,0.036,"ppm",33,"Garinger High School",17,100,44201,"Ozone",16740,"Charlotte-Concord-Gastonia, NC-SC",37,"North Carolina",119,"Mecklenburg",35.2401000008895,-80.785683
"3347","05/02/2019","AQS",371190041,1,0.048,"ppm",44,"Garinger High School",17,100,44201,"Ozone",16740,"Charlotte-Concord-Gastonia, NC-SC",37,"North Carolina",119,"Mecklenburg",35.2401000008895,-80.785683
"3348","05/03/2019","AQS",371190041,1,0.033,"ppm",31,"Garinger High School",17,100,44201,"Ozone",16740,"Charlotte-Concord-Gastonia, NC-SC",37,"North Carolina",119,"Mecklenburg",35.2401000008895,-80.785683
"3349","05/04/2019","AQS",371190041,1,0.036,"ppm",33,"Garinger High School",17,100,44201,"Ozone",16740,"Charlotte-Concord-Gastonia, NC-SC",37,"North Carolina",119,"Mecklenburg",35.2401000008895,-80.785683
"3350","05/05/2019","AQS",371190041,1,0.029,"ppm",27,"Garinger High School",17,100,44201,"Ozone",16740,"Charlotte-Concord-Gastonia, NC-SC",37,"North Carolina",119,"Mecklenburg",35.2401000008895,-80.785683
"3351","05/06/2019","AQS",371190041,1,0.05,"ppm",46,"Garinger High School",17,100,44201,"Ozone",16740,"Charlotte-Concord-Gastonia, NC-SC",37,"North Carolina",119,"Mecklenburg",35.2401000008895,-80.785683
"3352","05/07/2019","AQS",371190041,1,0.046,"ppm",43,"Garinger High School",17,100,44201,"Ozone",16740,"Charlotte-Concord-Gastonia, NC-SC",37,"North Carolina",119,"Mecklenburg",35.2401000008895,-80.785683
"3353","05/08/2019","AQS",371190041,1,0.045,"ppm",42,"Garinger High School",17,100,44201,"Ozone",16740,"Charlotte-Concord-Gastonia, NC-SC",37,"North Carolina",119,"Mecklenburg",35.2401000008895,-80.785683
"3354","05/09/2019","AQS",371190041,1,0.041,"ppm",38,"Garinger High School",17,100,44201,"Ozone",16740,"Charlotte-Concord-Gastonia, NC-SC",37,"North Carolina",119,"Mecklenburg",35.2401000008895,-80.785683
"3355","05/10/2019","AQS",371190041,1,0.029,"ppm",27,"Garinger High School",17,100,44201,"Ozone",16740,"Charlotte-Concord-Gastonia, NC-SC",37,"North Carolina",119,"Mecklenburg",35.2401000008895,-80.785683
"3356","05/11/2019","AQS",371190041,1,0.035,"ppm",32,"Garinger High School",17,100,44201,"Ozone",16740,"Charlotte-Concord-Gastonia, NC-SC",37,"North Carolina",119,"Mecklenburg",35.2401000008895,-80.785683
"3357","05/12/2019","AQS",371190041,1,0.035,"ppm",32,"Garinger High School",17,100,44201,"Ozone",16740,"Charlotte-Concord-Gastonia, NC-SC",37,"North Carolina",119,"Mecklenburg",35.2401000008895,-80.785683
"3358","05/13/2019","AQS",371190041,1,0.041,"ppm",38,"Garinger High School",17,100,44201,"Ozone",16740,"Charlotte-Concord-Gastonia, NC-SC",37,"North Carolina",119,"Mecklenburg",35.2401000008895,-80.785683
"3359","05/14/2019","AQS",371190041,1,0.047,"ppm",44,"Garinger High School",17,100,44201,"Ozone",16740,"Charlotte-Concord-Gastonia, NC-SC",37,"North Carolina",119,"Mecklenburg",35.2401000008895,-80.785683
"3360","05/15/2019","AQS",371190041,1,0.05,"ppm",46,"Garinger High School",17,100,44201,"Ozone",16740,"Charlotte-Concord-Gastonia, NC-SC",37,"North Carolina",119,"Mecklenburg",35.2401000008895,-80.785683
"3361","05/16/2019","AQS",371190041,1,0.057,"ppm",58,"Garinger High School",17,100,44201,"Ozone",16740,"Charlotte-Concord-Gastonia, NC-SC",37,"North Carolina",119,"Mecklenburg",35.2401000008895,-80.785683
"3362","05/17/2019","AQS",371190041,1,0.062,"ppm",74,"Garinger High School",17,100,44201,"Ozone",16740,"Charlotte-Concord-Gastonia, NC-SC",37,"North Carolina",119,"Mecklenburg",35.2401000008895,-80.785683
"3363","05/18/2019","AQS",371190041,1,0.059,"ppm",64,"Garinger High School",17,100,44201,"Ozone",16740,"Charlotte-Concord-Gastonia, NC-SC",37,"North Carolina",119,"Mecklenburg",35.2401000008895,-80.785683
"3364","05/19/2019","AQS",371190041,1,0.05,"ppm",46,"Garinger High School",17,100,44201,"Ozone",16740,"Charlotte-Concord-Gastonia, NC-SC",37,"North Carolina",119,"Mecklenburg",35.2401000008895,-80.785683
"3365","05/20/2019","AQS",371190041,1,0.047,"ppm",44,"Garinger High School",17,100,44201,"Ozone",16740,"Charlotte-Concord-Gastonia, NC-SC",37,"North Carolina",119,"Mecklenburg",35.2401000008895,-80.785683
"3366","05/21/2019","AQS",371190041,1,0.062,"ppm",74,"Garinger High School",17,100,44201,"Ozone",16740,"Charlotte-Concord-Gastonia, NC-SC",37,"North Carolina",119,"Mecklenburg",35.2401000008895,-80.785683
"3367","05/22/2019","AQS",371190041,1,0.045,"ppm",42,"Garinger High School",17,100,44201,"Ozone",16740,"Charlotte-Concord-Gastonia, NC-SC",37,"North Carolina",119,"Mecklenburg",35.2401000008895,-80.785683
"3368","05/23/2019","AQS",371190041,1,0.038,"ppm",35,"Garinger High School",17,100,44201,"Ozone",16740,"Charlotte-Concord-Gastonia, NC-SC",37,"North Carolina",119,"Mecklenburg",35.2401000008895,-80.785683
"3369","05/24/2019","AQS",371190041,1,0.052,"ppm",48,"Garinger High School",17,100,44201,"Ozone",16740,"Charlotte-Concord-Gastonia, NC-SC",37,"North Carolina",119,"Mecklenburg",35.2401000008895,-80.785683
"3370","05/25/2019","AQS",371190041,1,0.057,"ppm",58,"Garinger High School",17,100,44201,"Ozone",16740,"Charlotte-Concord-Gastonia, NC-SC",37,"North Carolina",119,"Mecklenburg",35.2401000008895,-80.785683
"3371","05/26/2019","AQS",371190041,1,0.047,"ppm",44,"Garinger High School",17,100,44201,"Ozone",16740,"Charlotte-Concord-Gastonia, NC-SC",37,"North Carolina",119,"Mecklenburg",35.2401000008895,-80.785683
"3372","05/27/2019","AQS",371190041,1,0.046,"ppm",43,"Garinger High School",17,100,44201,"Ozone",16740,"Charlotte-Concord-Gastonia, NC-SC",37,"North Carolina",119,"Mecklenburg",35.2401000008895,-80.785683
"3373","05/28/2019","AQS",371190041,1,0.055,"ppm",51,"Garinger High School",17,100,44201,"Ozone",16740,"Charlotte-Concord-Gastonia, NC-SC",37,"North Carolina",119,"Mecklenburg",35.2401000008895,-80.785683
"3374","05/30/2019","AQS",371190041,1,0.051,"ppm",47,"Garinger High School",17,100,44201,"Ozone",16740,"Charlotte-Concord-Gastonia, NC-SC",37,"North Carolina",119,"Mecklenburg",35.2401000008895,-80.785683
"3375","05/31/2019","AQS",371190041,1,0.058,"ppm",61,"Garinger High School",17,100,44201,"Ozone",16740,"Charlotte-Concord-Gastonia, NC-SC",37,"North Carolina",119,"Mecklenburg",35.2401000008895,-80.785683
"3376","06/01/2019","AQS",371190041,1,0.058,"ppm",61,"Garinger High School",17,100,44201,"Ozone",16740,"Charlotte-Concord-Gastonia, NC-SC",37,"North Carolina",119,"Mecklenburg",35.2401000008895,-80.785683
"3377","06/02/2019","AQS",371190041,1,0.064,"ppm",80,"Garinger High School",17,100,44201,"Ozone",16740,"Charlotte-Concord-Gastonia, NC-SC",37,"North Carolina",119,"Mecklenburg",35.2401000008895,-80.785683
"3378","06/03/2019","AQS",371190041,1,0.061,"ppm",71,"Garinger High School",17,100,44201,"Ozone",16740,"Charlotte-Concord-Gastonia, NC-SC",37,"North Carolina",119,"Mecklenburg",35.2401000008895,-80.785683
"3379","06/04/2019","AQS",371190041,1,0.059,"ppm",64,"Garinger High School",17,100,44201,"Ozone",16740,"Charlotte-Concord-Gastonia, NC-SC",37,"North Carolina",119,"Mecklenburg",35.2401000008895,-80.785683
"3380","06/05/2019","AQS",371190041,1,0.044,"ppm",41,"Garinger High School",17,100,44201,"Ozone",16740,"Charlotte-Concord-Gastonia, NC-SC",37,"North Carolina",119,"Mecklenburg",35.2401000008895,-80.785683
"3381","06/06/2019","AQS",371190041,1,0.042,"ppm",39,"Garinger High School",17,100,44201,"Ozone",16740,"Charlotte-Concord-Gastonia, NC-SC",37,"North Carolina",119,"Mecklenburg",35.2401000008895,-80.785683
"3382","06/07/2019","AQS",371190041,1,0.022,"ppm",20,"Garinger High School",17,100,44201,"Ozone",16740,"Charlotte-Concord-Gastonia, NC-SC",37,"North Carolina",119,"Mecklenburg",35.2401000008895,-80.785683
"3383","06/08/2019","AQS",371190041,1,0.048,"ppm",44,"Garinger High School",17,100,44201,"Ozone",16740,"Charlotte-Concord-Gastonia, NC-SC",37,"North Carolina",119,"Mecklenburg",35.2401000008895,-80.785683
"3384","06/09/2019","AQS",371190041,1,0.03,"ppm",28,"Garinger High School",17,100,44201,"Ozone",16740,"Charlotte-Concord-Gastonia, NC-SC",37,"North Carolina",119,"Mecklenburg",35.2401000008895,-80.785683
"3385","06/10/2019","AQS",371190041,1,0.036,"ppm",33,"Garinger High School",17,100,44201,"Ozone",16740,"Charlotte-Concord-Gastonia, NC-SC",37,"North Carolina",119,"Mecklenburg",35.2401000008895,-80.785683
"3386","06/11/2019","AQS",371190041,1,0.051,"ppm",47,"Garinger High School",17,100,44201,"Ozone",16740,"Charlotte-Concord-Gastonia, NC-SC",37,"North Carolina",119,"Mecklenburg",35.2401000008895,-80.785683
"3387","06/12/2019","AQS",371190041,1,0.039,"ppm",36,"Garinger High School",17,100,44201,"Ozone",16740,"Charlotte-Concord-Gastonia, NC-SC",37,"North Carolina",119,"Mecklenburg",35.2401000008895,-80.785683
"3388","06/13/2019","AQS",371190041,1,0.045,"ppm",42,"Garinger High School",17,100,44201,"Ozone",16740,"Charlotte-Concord-Gastonia, NC-SC",37,"North Carolina",119,"Mecklenburg",35.2401000008895,-80.785683
"3389","06/14/2019","AQS",371190041,1,0.061,"ppm",71,"Garinger High School",17,100,44201,"Ozone",16740,"Charlotte-Concord-Gastonia, NC-SC",37,"North Carolina",119,"Mecklenburg",35.2401000008895,-80.785683
"3390","06/15/2019","AQS",371190041,1,0.054,"ppm",50,"Garinger High School",17,100,44201,"Ozone",16740,"Charlotte-Concord-Gastonia, NC-SC",37,"North Carolina",119,"Mecklenburg",35.2401000008895,-80.785683
"3391","06/16/2019","AQS",371190041,1,0.044,"ppm",41,"Garinger High School",17,100,44201,"Ozone",16740,"Charlotte-Concord-Gastonia, NC-SC",37,"North Carolina",119,"Mecklenburg",35.2401000008895,-80.785683
"3392","06/17/2019","AQS",371190041,1,0.043,"ppm",40,"Garinger High School",17,100,44201,"Ozone",16740,"Charlotte-Concord-Gastonia, NC-SC",37,"North Carolina",119,"Mecklenburg",35.2401000008895,-80.785683
"3393","06/18/2019","AQS",371190041,1,0.033,"ppm",31,"Garinger High School",17,100,44201,"Ozone",16740,"Charlotte-Concord-Gastonia, NC-SC",37,"North Carolina",119,"Mecklenburg",35.2401000008895,-80.785683
"3394","06/19/2019","AQS",371190041,1,0.033,"ppm",31,"Garinger High School",17,100,44201,"Ozone",16740,"Charlotte-Concord-Gastonia, NC-SC",37,"North Carolina",119,"Mecklenburg",35.2401000008895,-80.785683
"3395","06/20/2019","AQS",371190041,1,0.045,"ppm",42,"Garinger High School",17,100,44201,"Ozone",16740,"Charlotte-Concord-Gastonia, NC-SC",37,"North Carolina",119,"Mecklenburg",35.2401000008895,-80.785683
"3396","06/21/2019","AQS",371190041,1,0.048,"ppm",44,"Garinger High School",17,100,44201,"Ozone",16740,"Charlotte-Concord-Gastonia, NC-SC",37,"North Carolina",119,"Mecklenburg",35.2401000008895,-80.785683
"3397","06/22/2019","AQS",371190041,1,0.052,"ppm",48,"Garinger High School",17,100,44201,"Ozone",16740,"Charlotte-Concord-Gastonia, NC-SC",37,"North Carolina",119,"Mecklenburg",35.2401000008895,-80.785683
"3398","06/23/2019","AQS",371190041,1,0.047,"ppm",44,"Garinger High School",17,100,44201,"Ozone",16740,"Charlotte-Concord-Gastonia, NC-SC",37,"North Carolina",119,"Mecklenburg",35.2401000008895,-80.785683
"3399","06/24/2019","AQS",371190041,1,0.032,"ppm",30,"Garinger High School",17,100,44201,"Ozone",16740,"Charlotte-Concord-Gastonia, NC-SC",37,"North Carolina",119,"Mecklenburg",35.2401000008895,-80.785683
"3400","06/25/2019","AQS",371190041,1,0.045,"ppm",42,"Garinger High School",17,100,44201,"Ozone",16740,"Charlotte-Concord-Gastonia, NC-SC",37,"North Carolina",119,"Mecklenburg",35.2401000008895,-80.785683
"3401","06/26/2019","AQS",371190041,1,0.053,"ppm",49,"Garinger High School",17,100,44201,"Ozone",16740,"Charlotte-Concord-Gastonia, NC-SC",37,"North Carolina",119,"Mecklenburg",35.2401000008895,-80.785683
"3402","06/27/2019","AQS",371190041,1,0.059,"ppm",64,"Garinger High School",17,100,44201,"Ozone",16740,"Charlotte-Concord-Gastonia, NC-SC",37,"North Carolina",119,"Mecklenburg",35.2401000008895,-80.785683
"3403","06/28/2019","AQS",371190041,1,0.068,"ppm",93,"Garinger High School",17,100,44201,"Ozone",16740,"Charlotte-Concord-Gastonia, NC-SC",37,"North Carolina",119,"Mecklenburg",35.2401000008895,-80.785683
"3404","06/29/2019","AQS",371190041,1,0.061,"ppm",71,"Garinger High School",17,100,44201,"Ozone",16740,"Charlotte-Concord-Gastonia, NC-SC",37,"North Carolina",119,"Mecklenburg",35.2401000008895,-80.785683
"3405","06/30/2019","AQS",371190041,1,0.051,"ppm",47,"Garinger High School",17,100,44201,"Ozone",16740,"Charlotte-Concord-Gastonia, NC-SC",37,"North Carolina",119,"Mecklenburg",35.2401000008895,-80.785683
"3406","07/01/2019","AQS",371190041,1,0.062,"ppm",74,"Garinger High School",17,100,44201,"Ozone",16740,"Charlotte-Concord-Gastonia, NC-SC",37,"North Carolina",119,"Mecklenburg",35.2401000008895,-80.785683
"3407","07/02/2019","AQS",371190041,1,0.077,"ppm",122,"Garinger High School",17,100,44201,"Ozone",16740,"Charlotte-Concord-Gastonia, NC-SC",37,"North Carolina",119,"Mecklenburg",35.2401000008895,-80.785683
"3408","07/03/2019","AQS",371190041,1,0.067,"ppm",90,"Garinger High School",17,100,44201,"Ozone",16740,"Charlotte-Concord-Gastonia, NC-SC",37,"North Carolina",119,"Mecklenburg",35.2401000008895,-80.785683
"3409","07/04/2019","AQS",371190041,1,0.053,"ppm",49,"Garinger High School",17,100,44201,"Ozone",16740,"Charlotte-Concord-Gastonia, NC-SC",37,"North Carolina",119,"Mecklenburg",35.2401000008895,-80.785683
"3410","07/05/2019","AQS",371190041,1,0.051,"ppm",47,"Garinger High School",17,100,44201,"Ozone",16740,"Charlotte-Concord-Gastonia, NC-SC",37,"North Carolina",119,"Mecklenburg",35.2401000008895,-80.785683
"3411","07/06/2019","AQS",371190041,1,0.037,"ppm",34,"Garinger High School",17,100,44201,"Ozone",16740,"Charlotte-Concord-Gastonia, NC-SC",37,"North Carolina",119,"Mecklenburg",35.2401000008895,-80.785683
"3412","07/07/2019","AQS",371190041,1,0.043,"ppm",40,"Garinger High School",17,100,44201,"Ozone",16740,"Charlotte-Concord-Gastonia, NC-SC",37,"North Carolina",119,"Mecklenburg",35.2401000008895,-80.785683
"3413","07/08/2019","AQS",371190041,1,0.064,"ppm",80,"Garinger High School",17,100,44201,"Ozone",16740,"Charlotte-Concord-Gastonia, NC-SC",37,"North Carolina",119,"Mecklenburg",35.2401000008895,-80.785683
"3414","07/09/2019","AQS",371190041,1,0.034,"ppm",31,"Garinger High School",17,100,44201,"Ozone",16740,"Charlotte-Concord-Gastonia, NC-SC",37,"North Carolina",119,"Mecklenburg",35.2401000008895,-80.785683
"3415","07/10/2019","AQS",371190041,1,0.041,"ppm",38,"Garinger High School",17,100,44201,"Ozone",16740,"Charlotte-Concord-Gastonia, NC-SC",37,"North Carolina",119,"Mecklenburg",35.2401000008895,-80.785683
"3416","07/11/2019","AQS",371190041,1,0.04,"ppm",37,"Garinger High School",17,100,44201,"Ozone",16740,"Charlotte-Concord-Gastonia, NC-SC",37,"North Carolina",119,"Mecklenburg",35.2401000008895,-80.785683
"3417","07/12/2019","AQS",371190041,1,0.041,"ppm",38,"Garinger High School",17,100,44201,"Ozone",16740,"Charlotte-Concord-Gastonia, NC-SC",37,"North Carolina",119,"Mecklenburg",35.2401000008895,-80.785683
"3418","07/13/2019","AQS",371190041,1,0.053,"ppm",49,"Garinger High School",17,100,44201,"Ozone",16740,"Charlotte-Concord-Gastonia, NC-SC",37,"North Carolina",119,"Mecklenburg",35.2401000008895,-80.785683
"3419","07/14/2019","AQS",371190041,1,0.045,"ppm",42,"Garinger High School",17,100,44201,"Ozone",16740,"Charlotte-Concord-Gastonia, NC-SC",37,"North Carolina",119,"Mecklenburg",35.2401000008895,-80.785683
"3420","07/15/2019","AQS",371190041,1,0.058,"ppm",61,"Garinger High School",17,100,44201,"Ozone",16740,"Charlotte-Concord-Gastonia, NC-SC",37,"North Carolina",119,"Mecklenburg",35.2401000008895,-80.785683
"3421","07/16/2019","AQS",371190041,1,0.054,"ppm",50,"Garinger High School",17,100,44201,"Ozone",16740,"Charlotte-Concord-Gastonia, NC-SC",37,"North Carolina",119,"Mecklenburg",35.2401000008895,-80.785683
"3422","07/17/2019","AQS",371190041,1,0.034,"ppm",31,"Garinger High School",17,100,44201,"Ozone",16740,"Charlotte-Concord-Gastonia, NC-SC",37,"North Carolina",119,"Mecklenburg",35.2401000008895,-80.785683
"3423","07/18/2019","AQS",371190041,1,0.043,"ppm",40,"Garinger High School",17,100,44201,"Ozone",16740,"Charlotte-Concord-Gastonia, NC-SC",37,"North Carolina",119,"Mecklenburg",35.2401000008895,-80.785683
"3424","07/19/2019","AQS",371190041,1,0.069,"ppm",97,"Garinger High School",17,100,44201,"Ozone",16740,"Charlotte-Concord-Gastonia, NC-SC",37,"North Carolina",119,"Mecklenburg",35.2401000008895,-80.785683
"3425","07/20/2019","AQS",371190041,1,0.042,"ppm",39,"Garinger High School",17,100,44201,"Ozone",16740,"Charlotte-Concord-Gastonia, NC-SC",37,"North Carolina",119,"Mecklenburg",35.2401000008895,-80.785683
"3426","07/21/2019","AQS",371190041,1,0.036,"ppm",33,"Garinger High School",17,100,44201,"Ozone",16740,"Charlotte-Concord-Gastonia, NC-SC",37,"North Carolina",119,"Mecklenburg",35.2401000008895,-80.785683
"3427","07/22/2019","AQS",371190041,1,0.036,"ppm",33,"Garinger High School",17,100,44201,"Ozone",16740,"Charlotte-Concord-Gastonia, NC-SC",37,"North Carolina",119,"Mecklenburg",35.2401000008895,-80.785683
"3428","07/23/2019","AQS",371190041,1,0.032,"ppm",30,"Garinger High School",17,100,44201,"Ozone",16740,"Charlotte-Concord-Gastonia, NC-SC",37,"North Carolina",119,"Mecklenburg",35.2401000008895,-80.785683
"3429","07/24/2019","AQS",371190041,1,0.048,"ppm",44,"Garinger High School",17,100,44201,"Ozone",16740,"Charlotte-Concord-Gastonia, NC-SC",37,"North Carolina",119,"Mecklenburg",35.2401000008895,-80.785683
"3430","07/25/2019","AQS",371190041,1,0.054,"ppm",50,"Garinger High School",17,100,44201,"Ozone",16740,"Charlotte-Concord-Gastonia, NC-SC",37,"North Carolina",119,"Mecklenburg",35.2401000008895,-80.785683
"3431","07/26/2019","AQS",371190041,1,0.053,"ppm",49,"Garinger High School",17,100,44201,"Ozone",16740,"Charlotte-Concord-Gastonia, NC-SC",37,"North Carolina",119,"Mecklenburg",35.2401000008895,-80.785683
"3432","07/27/2019","AQS",371190041,1,0.059,"ppm",64,"Garinger High School",17,100,44201,"Ozone",16740,"Charlotte-Concord-Gastonia, NC-SC",37,"North Carolina",119,"Mecklenburg",35.2401000008895,-80.785683
"3433","07/28/2019","AQS",371190041,1,0.069,"ppm",97,"Garinger High School",17,100,44201,"Ozone",16740,"Charlotte-Concord-Gastonia, NC-SC",37,"North Carolina",119,"Mecklenburg",35.2401000008895,-80.785683
"3434","07/29/2019","AQS",371190041,1,0.064,"ppm",80,"Garinger High School",17,100,44201,"Ozone",16740,"Charlotte-Concord-Gastonia, NC-SC",37,"North Carolina",119,"Mecklenburg",35.2401000008895,-80.785683
"3435","07/30/2019","AQS",371190041,1,0.06,"ppm",67,"Garinger High School",17,100,44201,"Ozone",16740,"Charlotte-Concord-Gastonia, NC-SC",37,"North Carolina",119,"Mecklenburg",35.2401000008895,-80.785683
"3436","07/31/2019","AQS",371190041,1,0.05,"ppm",46,"Garinger High School",17,100,44201,"Ozone",16740,"Charlotte-Concord-Gastonia, NC-SC",37,"North Carolina",119,"Mecklenburg",35.2401000008895,-80.785683
"3437","08/01/2019","AQS",371190041,1,0.063,"ppm",77,"Garinger High School",17,100,44201,"Ozone",16740,"Charlotte-Concord-Gastonia, NC-SC",37,"North Carolina",119,"Mecklenburg",35.2401000008895,-80.785683
"3438","08/02/2019","AQS",371190041,1,0.046,"ppm",43,"Garinger High School",17,100,44201,"Ozone",16740,"Charlotte-Concord-Gastonia, NC-SC",37,"North Carolina",119,"Mecklenburg",35.2401000008895,-80.785683
"3439","08/03/2019","AQS",371190041,1,0.05,"ppm",46,"Garinger High School",17,100,44201,"Ozone",16740,"Charlotte-Concord-Gastonia, NC-SC",37,"North Carolina",119,"Mecklenburg",35.2401000008895,-80.785683
"3440","08/04/2019","AQS",371190041,1,0.044,"ppm",41,"Garinger High School",17,100,44201,"Ozone",16740,"Charlotte-Concord-Gastonia, NC-SC",37,"North Carolina",119,"Mecklenburg",35.2401000008895,-80.785683
"3441","08/05/2019","AQS",371190041,1,0.059,"ppm",64,"Garinger High School",17,100,44201,"Ozone",16740,"Charlotte-Concord-Gastonia, NC-SC",37,"North Carolina",119,"Mecklenburg",35.2401000008895,-80.785683
"3442","08/06/2019","AQS",371190041,1,0.057,"ppm",58,"Garinger High School",17,100,44201,"Ozone",16740,"Charlotte-Concord-Gastonia, NC-SC",37,"North Carolina",119,"Mecklenburg",35.2401000008895,-80.785683
"3443","08/07/2019","AQS",371190041,1,0.06,"ppm",67,"Garinger High School",17,100,44201,"Ozone",16740,"Charlotte-Concord-Gastonia, NC-SC",37,"North Carolina",119,"Mecklenburg",35.2401000008895,-80.785683
"3444","08/08/2019","AQS",371190041,1,0.048,"ppm",44,"Garinger High School",17,100,44201,"Ozone",16740,"Charlotte-Concord-Gastonia, NC-SC",37,"North Carolina",119,"Mecklenburg",35.2401000008895,-80.785683
"3445","08/09/2019","AQS",371190041,1,0.074,"ppm",112,"Garinger High School",17,100,44201,"Ozone",16740,"Charlotte-Concord-Gastonia, NC-SC",37,"North Carolina",119,"Mecklenburg",35.2401000008895,-80.785683
"3446","08/10/2019","AQS",371190041,1,0.047,"ppm",44,"Garinger High School",17,100,44201,"Ozone",16740,"Charlotte-Concord-Gastonia, NC-SC",37,"North Carolina",119,"Mecklenburg",35.2401000008895,-80.785683
"3447","08/11/2019","AQS",371190041,1,0.045,"ppm",42,"Garinger High School",17,100,44201,"Ozone",16740,"Charlotte-Concord-Gastonia, NC-SC",37,"North Carolina",119,"Mecklenburg",35.2401000008895,-80.785683
"3448","08/12/2019","AQS",371190041,1,0.051,"ppm",47,"Garinger High School",17,100,44201,"Ozone",16740,"Charlotte-Concord-Gastonia, NC-SC",37,"North Carolina",119,"Mecklenburg",35.2401000008895,-80.785683
"3449","08/13/2019","AQS",371190041,1,0.044,"ppm",41,"Garinger High School",17,100,44201,"Ozone",16740,"Charlotte-Concord-Gastonia, NC-SC",37,"North Carolina",119,"Mecklenburg",35.2401000008895,-80.785683
"3450","08/14/2019","AQS",371190041,1,0.053,"ppm",49,"Garinger High School",17,100,44201,"Ozone",16740,"Charlotte-Concord-Gastonia, NC-SC",37,"North Carolina",119,"Mecklenburg",35.2401000008895,-80.785683
"3451","08/15/2019","AQS",371190041,1,0.072,"ppm",105,"Garinger High School",17,100,44201,"Ozone",16740,"Charlotte-Concord-Gastonia, NC-SC",37,"North Carolina",119,"Mecklenburg",35.2401000008895,-80.785683
"3452","08/16/2019","AQS",371190041,1,0.07,"ppm",100,"Garinger High School",17,100,44201,"Ozone",16740,"Charlotte-Concord-Gastonia, NC-SC",37,"North Carolina",119,"Mecklenburg",35.2401000008895,-80.785683
"3453","08/17/2019","AQS",371190041,1,0.046,"ppm",43,"Garinger High School",17,100,44201,"Ozone",16740,"Charlotte-Concord-Gastonia, NC-SC",37,"North Carolina",119,"Mecklenburg",35.2401000008895,-80.785683
"3454","08/18/2019","AQS",371190041,1,0.056,"ppm",54,"Garinger High School",17,100,44201,"Ozone",16740,"Charlotte-Concord-Gastonia, NC-SC",37,"North Carolina",119,"Mecklenburg",35.2401000008895,-80.785683
"3455","08/19/2019","AQS",371190041,1,0.05,"ppm",46,"Garinger High School",17,100,44201,"Ozone",16740,"Charlotte-Concord-Gastonia, NC-SC",37,"North Carolina",119,"Mecklenburg",35.2401000008895,-80.785683
"3456","08/20/2019","AQS",371190041,1,0.032,"ppm",30,"Garinger High School",17,100,44201,"Ozone",16740,"Charlotte-Concord-Gastonia, NC-SC",37,"North Carolina",119,"Mecklenburg",35.2401000008895,-80.785683
"3457","08/21/2019","AQS",371190041,1,0.044,"ppm",41,"Garinger High School",17,100,44201,"Ozone",16740,"Charlotte-Concord-Gastonia, NC-SC",37,"North Carolina",119,"Mecklenburg",35.2401000008895,-80.785683
"3458","08/22/2019","AQS",371190041,1,0.044,"ppm",41,"Garinger High School",17,100,44201,"Ozone",16740,"Charlotte-Concord-Gastonia, NC-SC",37,"North Carolina",119,"Mecklenburg",35.2401000008895,-80.785683
"3459","08/23/2019","AQS",371190041,1,0.047,"ppm",44,"Garinger High School",17,100,44201,"Ozone",16740,"Charlotte-Concord-Gastonia, NC-SC",37,"North Carolina",119,"Mecklenburg",35.2401000008895,-80.785683
"3460","08/24/2019","AQS",371190041,1,0.028,"ppm",26,"Garinger High School",17,100,44201,"Ozone",16740,"Charlotte-Concord-Gastonia, NC-SC",37,"North Carolina",119,"Mecklenburg",35.2401000008895,-80.785683
"3461","08/25/2019","AQS",371190041,1,0.033,"ppm",31,"Garinger High School",17,100,44201,"Ozone",16740,"Charlotte-Concord-Gastonia, NC-SC",37,"North Carolina",119,"Mecklenburg",35.2401000008895,-80.785683
"3462","08/26/2019","AQS",371190041,1,0.029,"ppm",27,"Garinger High School",17,100,44201,"Ozone",16740,"Charlotte-Concord-Gastonia, NC-SC",37,"North Carolina",119,"Mecklenburg",35.2401000008895,-80.785683
"3463","08/27/2019","AQS",371190041,1,0.03,"ppm",28,"Garinger High School",17,100,44201,"Ozone",16740,"Charlotte-Concord-Gastonia, NC-SC",37,"North Carolina",119,"Mecklenburg",35.2401000008895,-80.785683
"3464","08/28/2019","AQS",371190041,1,0.043,"ppm",40,"Garinger High School",17,100,44201,"Ozone",16740,"Charlotte-Concord-Gastonia, NC-SC",37,"North Carolina",119,"Mecklenburg",35.2401000008895,-80.785683
"3465","08/29/2019","AQS",371190041,1,0.054,"ppm",50,"Garinger High School",17,100,44201,"Ozone",16740,"Charlotte-Concord-Gastonia, NC-SC",37,"North Carolina",119,"Mecklenburg",35.2401000008895,-80.785683
"3466","08/30/2019","AQS",371190041,1,0.071,"ppm",101,"Garinger High School",17,100,44201,"Ozone",16740,"Charlotte-Concord-Gastonia, NC-SC",37,"North Carolina",119,"Mecklenburg",35.2401000008895,-80.785683
"3467","08/31/2019","AQS",371190041,1,0.054,"ppm",50,"Garinger High School",17,100,44201,"Ozone",16740,"Charlotte-Concord-Gastonia, NC-SC",37,"North Carolina",119,"Mecklenburg",35.2401000008895,-80.785683
"3468","09/01/2019","AQS",371190041,1,0.04,"ppm",37,"Garinger High School",17,100,44201,"Ozone",16740,"Charlotte-Concord-Gastonia, NC-SC",37,"North Carolina",119,"Mecklenburg",35.2401000008895,-80.785683
"3469","09/02/2019","AQS",371190041,1,0.038,"ppm",35,"Garinger High School",17,100,44201,"Ozone",16740,"Charlotte-Concord-Gastonia, NC-SC",37,"North Carolina",119,"Mecklenburg",35.2401000008895,-80.785683
"3470","09/03/2019","AQS",371190041,1,0.052,"ppm",48,"Garinger High School",17,100,44201,"Ozone",16740,"Charlotte-Concord-Gastonia, NC-SC",37,"North Carolina",119,"Mecklenburg",35.2401000008895,-80.785683
"3471","09/04/2019","AQS",371190041,1,0.04,"ppm",37,"Garinger High School",17,100,44201,"Ozone",16740,"Charlotte-Concord-Gastonia, NC-SC",37,"North Carolina",119,"Mecklenburg",35.2401000008895,-80.785683
"3472","09/05/2019","AQS",371190041,1,0.032,"ppm",30,"Garinger High School",17,100,44201,"Ozone",16740,"Charlotte-Concord-Gastonia, NC-SC",37,"North Carolina",119,"Mecklenburg",35.2401000008895,-80.785683
"3473","09/06/2019","AQS",371190041,1,0.056,"ppm",54,"Garinger High School",17,100,44201,"Ozone",16740,"Charlotte-Concord-Gastonia, NC-SC",37,"North Carolina",119,"Mecklenburg",35.2401000008895,-80.785683
"3474","09/07/2019","AQS",371190041,1,0.066,"ppm",87,"Garinger High School",17,100,44201,"Ozone",16740,"Charlotte-Concord-Gastonia, NC-SC",37,"North Carolina",119,"Mecklenburg",35.2401000008895,-80.785683
"3475","09/08/2019","AQS",371190041,1,0.063,"ppm",77,"Garinger High School",17,100,44201,"Ozone",16740,"Charlotte-Concord-Gastonia, NC-SC",37,"North Carolina",119,"Mecklenburg",35.2401000008895,-80.785683
"3476","09/09/2019","AQS",371190041,1,0.079,"ppm",129,"Garinger High School",17,100,44201,"Ozone",16740,"Charlotte-Concord-Gastonia, NC-SC",37,"North Carolina",119,"Mecklenburg",35.2401000008895,-80.785683
"3477","09/10/2019","AQS",371190041,1,0.053,"ppm",49,"Garinger High School",17,100,44201,"Ozone",16740,"Charlotte-Concord-Gastonia, NC-SC",37,"North Carolina",119,"Mecklenburg",35.2401000008895,-80.785683
"3478","09/11/2019","AQS",371190041,1,0.078,"ppm",126,"Garinger High School",17,100,44201,"Ozone",16740,"Charlotte-Concord-Gastonia, NC-SC",37,"North Carolina",119,"Mecklenburg",35.2401000008895,-80.785683
"3479","09/12/2019","AQS",371190041,1,0.06,"ppm",67,"Garinger High School",17,100,44201,"Ozone",16740,"Charlotte-Concord-Gastonia, NC-SC",37,"North Carolina",119,"Mecklenburg",35.2401000008895,-80.785683
"3480","09/13/2019","AQS",371190041,1,0.048,"ppm",44,"Garinger High School",17,100,44201,"Ozone",16740,"Charlotte-Concord-Gastonia, NC-SC",37,"North Carolina",119,"Mecklenburg",35.2401000008895,-80.785683
"3481","09/14/2019","AQS",371190041,1,0.037,"ppm",34,"Garinger High School",17,100,44201,"Ozone",16740,"Charlotte-Concord-Gastonia, NC-SC",37,"North Carolina",119,"Mecklenburg",35.2401000008895,-80.785683
"3482","09/15/2019","AQS",371190041,1,0.046,"ppm",43,"Garinger High School",17,100,44201,"Ozone",16740,"Charlotte-Concord-Gastonia, NC-SC",37,"North Carolina",119,"Mecklenburg",35.2401000008895,-80.785683
"3483","09/16/2019","AQS",371190041,1,0.056,"ppm",54,"Garinger High School",17,100,44201,"Ozone",16740,"Charlotte-Concord-Gastonia, NC-SC",37,"North Carolina",119,"Mecklenburg",35.2401000008895,-80.785683
"3484","09/17/2019","AQS",371190041,1,0.073,"ppm",108,"Garinger High School",17,100,44201,"Ozone",16740,"Charlotte-Concord-Gastonia, NC-SC",37,"North Carolina",119,"Mecklenburg",35.2401000008895,-80.785683
"3485","09/18/2019","AQS",371190041,1,0.045,"ppm",42,"Garinger High School",17,100,44201,"Ozone",16740,"Charlotte-Concord-Gastonia, NC-SC",37,"North Carolina",119,"Mecklenburg",35.2401000008895,-80.785683
"3486","09/19/2019","AQS",371190041,1,0.047,"ppm",44,"Garinger High School",17,100,44201,"Ozone",16740,"Charlotte-Concord-Gastonia, NC-SC",37,"North Carolina",119,"Mecklenburg",35.2401000008895,-80.785683
"3487","09/20/2019","AQS",371190041,1,0.05,"ppm",46,"Garinger High School",17,100,44201,"Ozone",16740,"Charlotte-Concord-Gastonia, NC-SC",37,"North Carolina",119,"Mecklenburg",35.2401000008895,-80.785683
"3488","09/21/2019","AQS",371190041,1,0.055,"ppm",51,"Garinger High School",17,100,44201,"Ozone",16740,"Charlotte-Concord-Gastonia, NC-SC",37,"North Carolina",119,"Mecklenburg",35.2401000008895,-80.785683
"3489","09/22/2019","AQS",371190041,1,0.049,"ppm",45,"Garinger High School",17,100,44201,"Ozone",16740,"Charlotte-Concord-Gastonia, NC-SC",37,"North Carolina",119,"Mecklenburg",35.2401000008895,-80.785683
"3490","09/23/2019","AQS",371190041,1,0.061,"ppm",71,"Garinger High School",17,100,44201,"Ozone",16740,"Charlotte-Concord-Gastonia, NC-SC",37,"North Carolina",119,"Mecklenburg",35.2401000008895,-80.785683
"3491","09/24/2019","AQS",371190041,1,0.055,"ppm",51,"Garinger High School",17,100,44201,"Ozone",16740,"Charlotte-Concord-Gastonia, NC-SC",37,"North Carolina",119,"Mecklenburg",35.2401000008895,-80.785683
"3492","09/25/2019","AQS",371190041,1,0.07,"ppm",100,"Garinger High School",17,100,44201,"Ozone",16740,"Charlotte-Concord-Gastonia, NC-SC",37,"North Carolina",119,"Mecklenburg",35.2401000008895,-80.785683
"3493","09/26/2019","AQS",371190041,1,0.064,"ppm",80,"Garinger High School",17,100,44201,"Ozone",16740,"Charlotte-Concord-Gastonia, NC-SC",37,"North Carolina",119,"Mecklenburg",35.2401000008895,-80.785683
"3494","09/27/2019","AQS",371190041,1,0.054,"ppm",50,"Garinger High School",17,100,44201,"Ozone",16740,"Charlotte-Concord-Gastonia, NC-SC",37,"North Carolina",119,"Mecklenburg",35.2401000008895,-80.785683
"3495","09/28/2019","AQS",371190041,1,0.046,"ppm",43,"Garinger High School",17,100,44201,"Ozone",16740,"Charlotte-Concord-Gastonia, NC-SC",37,"North Carolina",119,"Mecklenburg",35.2401000008895,-80.785683
"3496","09/29/2019","AQS",371190041,1,0.055,"ppm",51,"Garinger High School",17,100,44201,"Ozone",16740,"Charlotte-Concord-Gastonia, NC-SC",37,"North Carolina",119,"Mecklenburg",35.2401000008895,-80.785683
"3497","09/30/2019","AQS",371190041,1,0.048,"ppm",44,"Garinger High School",17,100,44201,"Ozone",16740,"Charlotte-Concord-Gastonia, NC-SC",37,"North Carolina",119,"Mecklenburg",35.2401000008895,-80.785683
"3498","10/01/2019","AQS",371190041,1,0.069,"ppm",97,"Garinger High School",17,100,44201,"Ozone",16740,"Charlotte-Concord-Gastonia, NC-SC",37,"North Carolina",119,"Mecklenburg",35.2401000008895,-80.785683
"3499","10/02/2019","AQS",371190041,1,0.063,"ppm",77,"Garinger High School",17,100,44201,"Ozone",16740,"Charlotte-Concord-Gastonia, NC-SC",37,"North Carolina",119,"Mecklenburg",35.2401000008895,-80.785683
"3500","10/03/2019","AQS",371190041,1,0.067,"ppm",90,"Garinger High School",17,100,44201,"Ozone",16740,"Charlotte-Concord-Gastonia, NC-SC",37,"North Carolina",119,"Mecklenburg",35.2401000008895,-80.785683
"3501","10/04/2019","AQS",371190041,1,0.06,"ppm",67,"Garinger High School",17,100,44201,"Ozone",16740,"Charlotte-Concord-Gastonia, NC-SC",37,"North Carolina",119,"Mecklenburg",35.2401000008895,-80.785683
"3502","10/05/2019","AQS",371190041,1,0.03,"ppm",28,"Garinger High School",17,100,44201,"Ozone",16740,"Charlotte-Concord-Gastonia, NC-SC",37,"North Carolina",119,"Mecklenburg",35.2401000008895,-80.785683
"3503","10/06/2019","AQS",371190041,1,0.038,"ppm",35,"Garinger High School",17,100,44201,"Ozone",16740,"Charlotte-Concord-Gastonia, NC-SC",37,"North Carolina",119,"Mecklenburg",35.2401000008895,-80.785683
"3504","10/07/2019","AQS",371190041,1,0.038,"ppm",35,"Garinger High School",17,100,44201,"Ozone",16740,"Charlotte-Concord-Gastonia, NC-SC",37,"North Carolina",119,"Mecklenburg",35.2401000008895,-80.785683
"3505","10/08/2019","AQS",371190041,1,0.03,"ppm",28,"Garinger High School",17,100,44201,"Ozone",16740,"Charlotte-Concord-Gastonia, NC-SC",37,"North Carolina",119,"Mecklenburg",35.2401000008895,-80.785683
"3506","10/09/2019","AQS",371190041,1,0.044,"ppm",41,"Garinger High School",17,100,44201,"Ozone",16740,"Charlotte-Concord-Gastonia, NC-SC",37,"North Carolina",119,"Mecklenburg",35.2401000008895,-80.785683
"3507","10/10/2019","AQS",371190041,1,0.046,"ppm",43,"Garinger High School",17,100,44201,"Ozone",16740,"Charlotte-Concord-Gastonia, NC-SC",37,"North Carolina",119,"Mecklenburg",35.2401000008895,-80.785683
"3508","10/11/2019","AQS",371190041,1,0.052,"ppm",48,"Garinger High School",17,100,44201,"Ozone",16740,"Charlotte-Concord-Gastonia, NC-SC",37,"North Carolina",119,"Mecklenburg",35.2401000008895,-80.785683
"3509","10/12/2019","AQS",371190041,1,0.046,"ppm",43,"Garinger High School",17,100,44201,"Ozone",16740,"Charlotte-Concord-Gastonia, NC-SC",37,"North Carolina",119,"Mecklenburg",35.2401000008895,-80.785683
"3510","10/13/2019","AQS",371190041,1,0.019,"ppm",18,"Garinger High School",17,100,44201,"Ozone",16740,"Charlotte-Concord-Gastonia, NC-SC",37,"North Carolina",119,"Mecklenburg",35.2401000008895,-80.785683
"3511","10/14/2019","AQS",371190041,1,0.045,"ppm",42,"Garinger High School",17,100,44201,"Ozone",16740,"Charlotte-Concord-Gastonia, NC-SC",37,"North Carolina",119,"Mecklenburg",35.2401000008895,-80.785683
"3512","10/15/2019","AQS",371190041,1,0.049,"ppm",45,"Garinger High School",17,100,44201,"Ozone",16740,"Charlotte-Concord-Gastonia, NC-SC",37,"North Carolina",119,"Mecklenburg",35.2401000008895,-80.785683
"3513","10/16/2019","AQS",371190041,1,0.031,"ppm",29,"Garinger High School",17,100,44201,"Ozone",16740,"Charlotte-Concord-Gastonia, NC-SC",37,"North Carolina",119,"Mecklenburg",35.2401000008895,-80.785683
"3514","10/17/2019","AQS",371190041,1,0.034,"ppm",31,"Garinger High School",17,100,44201,"Ozone",16740,"Charlotte-Concord-Gastonia, NC-SC",37,"North Carolina",119,"Mecklenburg",35.2401000008895,-80.785683
"3515","10/18/2019","AQS",371190041,1,0.039,"ppm",36,"Garinger High School",17,100,44201,"Ozone",16740,"Charlotte-Concord-Gastonia, NC-SC",37,"North Carolina",119,"Mecklenburg",35.2401000008895,-80.785683
"3516","10/19/2019","AQS",371190041,1,0.032,"ppm",30,"Garinger High School",17,100,44201,"Ozone",16740,"Charlotte-Concord-Gastonia, NC-SC",37,"North Carolina",119,"Mecklenburg",35.2401000008895,-80.785683
"3517","10/20/2019","AQS",371190041,1,0.034,"ppm",31,"Garinger High School",17,100,44201,"Ozone",16740,"Charlotte-Concord-Gastonia, NC-SC",37,"North Carolina",119,"Mecklenburg",35.2401000008895,-80.785683
"3518","10/21/2019","AQS",371190041,1,0.034,"ppm",31,"Garinger High School",17,100,44201,"Ozone",16740,"Charlotte-Concord-Gastonia, NC-SC",37,"North Carolina",119,"Mecklenburg",35.2401000008895,-80.785683
"3519","10/22/2019","AQS",371190041,1,0.031,"ppm",29,"Garinger High School",17,100,44201,"Ozone",16740,"Charlotte-Concord-Gastonia, NC-SC",37,"North Carolina",119,"Mecklenburg",35.2401000008895,-80.785683
"3520","10/23/2019","AQS",371190041,1,0.039,"ppm",36,"Garinger High School",17,100,44201,"Ozone",16740,"Charlotte-Concord-Gastonia, NC-SC",37,"North Carolina",119,"Mecklenburg",35.2401000008895,-80.785683
"3521","10/24/2019","AQS",371190041,1,0.045,"ppm",42,"Garinger High School",17,100,44201,"Ozone",16740,"Charlotte-Concord-Gastonia, NC-SC",37,"North Carolina",119,"Mecklenburg",35.2401000008895,-80.785683
"3522","10/25/2019","AQS",371190041,1,0.036,"ppm",33,"Garinger High School",17,100,44201,"Ozone",16740,"Charlotte-Concord-Gastonia, NC-SC",37,"North Carolina",119,"Mecklenburg",35.2401000008895,-80.785683
"3523","10/26/2019","AQS",371190041,1,0.037,"ppm",34,"Garinger High School",17,100,44201,"Ozone",16740,"Charlotte-Concord-Gastonia, NC-SC",37,"North Carolina",119,"Mecklenburg",35.2401000008895,-80.785683
"3524","10/27/2019","AQS",371190041,1,0.033,"ppm",31,"Garinger High School",17,100,44201,"Ozone",16740,"Charlotte-Concord-Gastonia, NC-SC",37,"North Carolina",119,"Mecklenburg",35.2401000008895,-80.785683
"3525","10/28/2019","AQS",371190041,1,0.039,"ppm",36,"Garinger High School",17,100,44201,"Ozone",16740,"Charlotte-Concord-Gastonia, NC-SC",37,"North Carolina",119,"Mecklenburg",35.2401000008895,-80.785683
"3526","10/29/2019","AQS",371190041,1,0.032,"ppm",30,"Garinger High School",17,100,44201,"Ozone",16740,"Charlotte-Concord-Gastonia, NC-SC",37,"North Carolina",119,"Mecklenburg",35.2401000008895,-80.785683
"3527","10/30/2019","AQS",371190041,1,0.02,"ppm",19,"Garinger High School",17,100,44201,"Ozone",16740,"Charlotte-Concord-Gastonia, NC-SC",37,"North Carolina",119,"Mecklenburg",35.2401000008895,-80.785683
"3528","10/31/2019","AQS",371190041,1,0.021,"ppm",19,"Garinger High School",17,100,44201,"Ozone",16740,"Charlotte-Concord-Gastonia, NC-SC",37,"North Carolina",119,"Mecklenburg",35.2401000008895,-80.785683
"3529","11/01/2019","AQS",371190041,1,0.03,"ppm",28,"Garinger High School",17,100,44201,"Ozone",16740,"Charlotte-Concord-Gastonia, NC-SC",37,"North Carolina",119,"Mecklenburg",35.2401000008895,-80.785683
"3530","11/02/2019","AQS",371190041,1,0.034,"ppm",31,"Garinger High School",17,100,44201,"Ozone",16740,"Charlotte-Concord-Gastonia, NC-SC",37,"North Carolina",119,"Mecklenburg",35.2401000008895,-80.785683
"3531","11/03/2019","AQS",371190041,1,0.036,"ppm",33,"Garinger High School",17,100,44201,"Ozone",16740,"Charlotte-Concord-Gastonia, NC-SC",37,"North Carolina",119,"Mecklenburg",35.2401000008895,-80.785683
"3532","11/04/2019","AQS",371190041,1,0.034,"ppm",31,"Garinger High School",17,100,44201,"Ozone",16740,"Charlotte-Concord-Gastonia, NC-SC",37,"North Carolina",119,"Mecklenburg",35.2401000008895,-80.785683
"3533","11/05/2019","AQS",371190041,1,0.026,"ppm",24,"Garinger High School",17,100,44201,"Ozone",16740,"Charlotte-Concord-Gastonia, NC-SC",37,"North Carolina",119,"Mecklenburg",35.2401000008895,-80.785683
"3534","11/06/2019","AQS",371190041,1,0.039,"ppm",36,"Garinger High School",17,100,44201,"Ozone",16740,"Charlotte-Concord-Gastonia, NC-SC",37,"North Carolina",119,"Mecklenburg",35.2401000008895,-80.785683
"3535","11/07/2019","AQS",371190041,1,0.035,"ppm",32,"Garinger High School",17,100,44201,"Ozone",16740,"Charlotte-Concord-Gastonia, NC-SC",37,"North Carolina",119,"Mecklenburg",35.2401000008895,-80.785683
"3536","11/08/2019","AQS",371190041,1,0.033,"ppm",31,"Garinger High School",17,100,44201,"Ozone",16740,"Charlotte-Concord-Gastonia, NC-SC",37,"North Carolina",119,"Mecklenburg",35.2401000008895,-80.785683
"3537","11/09/2019","AQS",371190041,1,0.034,"ppm",31,"Garinger High School",17,100,44201,"Ozone",16740,"Charlotte-Concord-Gastonia, NC-SC",37,"North Carolina",119,"Mecklenburg",35.2401000008895,-80.785683
"3538","11/10/2019","AQS",371190041,1,0.037,"ppm",34,"Garinger High School",17,100,44201,"Ozone",16740,"Charlotte-Concord-Gastonia, NC-SC",37,"North Carolina",119,"Mecklenburg",35.2401000008895,-80.785683
"3539","11/11/2019","AQS",371190041,1,0.037,"ppm",34,"Garinger High School",17,100,44201,"Ozone",16740,"Charlotte-Concord-Gastonia, NC-SC",37,"North Carolina",119,"Mecklenburg",35.2401000008895,-80.785683
"3540","11/12/2019","AQS",371190041,1,0.029,"ppm",27,"Garinger High School",17,100,44201,"Ozone",16740,"Charlotte-Concord-Gastonia, NC-SC",37,"North Carolina",119,"Mecklenburg",35.2401000008895,-80.785683
"3541","11/13/2019","AQS",371190041,1,0.033,"ppm",31,"Garinger High School",17,100,44201,"Ozone",16740,"Charlotte-Concord-Gastonia, NC-SC",37,"North Carolina",119,"Mecklenburg",35.2401000008895,-80.785683
"3542","11/14/2019","AQS",371190041,1,0.015,"ppm",14,"Garinger High School",17,100,44201,"Ozone",16740,"Charlotte-Concord-Gastonia, NC-SC",37,"North Carolina",119,"Mecklenburg",35.2401000008895,-80.785683
"3543","11/15/2019","AQS",371190041,1,0.034,"ppm",31,"Garinger High School",17,100,44201,"Ozone",16740,"Charlotte-Concord-Gastonia, NC-SC",37,"North Carolina",119,"Mecklenburg",35.2401000008895,-80.785683
"3544","11/16/2019","AQS",371190041,1,0.034,"ppm",31,"Garinger High School",17,100,44201,"Ozone",16740,"Charlotte-Concord-Gastonia, NC-SC",37,"North Carolina",119,"Mecklenburg",35.2401000008895,-80.785683
"3545","11/17/2019","AQS",371190041,1,0.035,"ppm",32,"Garinger High School",17,100,44201,"Ozone",16740,"Charlotte-Concord-Gastonia, NC-SC",37,"North Carolina",119,"Mecklenburg",35.2401000008895,-80.785683
"3546","11/18/2019","AQS",371190041,1,0.012,"ppm",11,"Garinger High School",17,100,44201,"Ozone",16740,"Charlotte-Concord-Gastonia, NC-SC",37,"North Carolina",119,"Mecklenburg",35.2401000008895,-80.785683
"3547","11/19/2019","AQS",371190041,1,0.015,"ppm",14,"Garinger High School",17,100,44201,"Ozone",16740,"Charlotte-Concord-Gastonia, NC-SC",37,"North Carolina",119,"Mecklenburg",35.2401000008895,-80.785683
"3548","11/20/2019","AQS",371190041,1,0.033,"ppm",31,"Garinger High School",17,100,44201,"Ozone",16740,"Charlotte-Concord-Gastonia, NC-SC",37,"North Carolina",119,"Mecklenburg",35.2401000008895,-80.785683
"3549","11/21/2019","AQS",371190041,1,0.032,"ppm",30,"Garinger High School",17,100,44201,"Ozone",16740,"Charlotte-Concord-Gastonia, NC-SC",37,"North Carolina",119,"Mecklenburg",35.2401000008895,-80.785683
"3550","11/22/2019","AQS",371190041,1,0.035,"ppm",32,"Garinger High School",17,100,44201,"Ozone",16740,"Charlotte-Concord-Gastonia, NC-SC",37,"North Carolina",119,"Mecklenburg",35.2401000008895,-80.785683
"3551","11/23/2019","AQS",371190041,1,0.016,"ppm",15,"Garinger High School",17,100,44201,"Ozone",16740,"Charlotte-Concord-Gastonia, NC-SC",37,"North Carolina",119,"Mecklenburg",35.2401000008895,-80.785683
"3552","11/24/2019","AQS",371190041,1,0.036,"ppm",33,"Garinger High School",17,100,44201,"Ozone",16740,"Charlotte-Concord-Gastonia, NC-SC",37,"North Carolina",119,"Mecklenburg",35.2401000008895,-80.785683
"3553","11/25/2019","AQS",371190041,1,0.033,"ppm",31,"Garinger High School",17,100,44201,"Ozone",16740,"Charlotte-Concord-Gastonia, NC-SC",37,"North Carolina",119,"Mecklenburg",35.2401000008895,-80.785683
"3554","11/26/2019","AQS",371190041,1,0.032,"ppm",30,"Garinger High School",17,100,44201,"Ozone",16740,"Charlotte-Concord-Gastonia, NC-SC",37,"North Carolina",119,"Mecklenburg",35.2401000008895,-80.785683
"3555","11/27/2019","AQS",371190041,1,0.024,"ppm",22,"Garinger High School",17,100,44201,"Ozone",16740,"Charlotte-Concord-Gastonia, NC-SC",37,"North Carolina",119,"Mecklenburg",35.2401000008895,-80.785683
"3556","11/28/2019","AQS",371190041,1,0.037,"ppm",34,"Garinger High School",17,100,44201,"Ozone",16740,"Charlotte-Concord-Gastonia, NC-SC",37,"North Carolina",119,"Mecklenburg",35.2401000008895,-80.785683
"3557","11/29/2019","AQS",371190041,1,0.026,"ppm",24,"Garinger High School",17,100,44201,"Ozone",16740,"Charlotte-Concord-Gastonia, NC-SC",37,"North Carolina",119,"Mecklenburg",35.2401000008895,-80.785683
"3558","11/30/2019","AQS",371190041,1,0.024,"ppm",22,"Garinger High School",17,100,44201,"Ozone",16740,"Charlotte-Concord-Gastonia, NC-SC",37,"North Carolina",119,"Mecklenburg",35.2401000008895,-80.785683
"3559","12/01/2019","AQS",371190041,1,0.04,"ppm",37,"Garinger High School",17,100,44201,"Ozone",16740,"Charlotte-Concord-Gastonia, NC-SC",37,"North Carolina",119,"Mecklenburg",35.2401000008895,-80.785683
"3560","12/02/2019","AQS",371190041,1,0.02,"ppm",19,"Garinger High School",17,100,44201,"Ozone",16740,"Charlotte-Concord-Gastonia, NC-SC",37,"North Carolina",119,"Mecklenburg",35.2401000008895,-80.785683
"3561","12/03/2019","AQS",371190041,1,0.025,"ppm",23,"Garinger High School",17,100,44201,"Ozone",16740,"Charlotte-Concord-Gastonia, NC-SC",37,"North Carolina",119,"Mecklenburg",35.2401000008895,-80.785683
"3562","12/04/2019","AQS",371190041,1,0.035,"ppm",32,"Garinger High School",17,100,44201,"Ozone",16740,"Charlotte-Concord-Gastonia, NC-SC",37,"North Carolina",119,"Mecklenburg",35.2401000008895,-80.785683
"3563","12/05/2019","AQS",371190041,1,0.034,"ppm",31,"Garinger High School",17,100,44201,"Ozone",16740,"Charlotte-Concord-Gastonia, NC-SC",37,"North Carolina",119,"Mecklenburg",35.2401000008895,-80.785683
"3564","12/06/2019","AQS",371190041,1,0.022,"ppm",20,"Garinger High School",17,100,44201,"Ozone",16740,"Charlotte-Concord-Gastonia, NC-SC",37,"North Carolina",119,"Mecklenburg",35.2401000008895,-80.785683
"3565","12/07/2019","AQS",371190041,1,0.034,"ppm",31,"Garinger High School",17,100,44201,"Ozone",16740,"Charlotte-Concord-Gastonia, NC-SC",37,"North Carolina",119,"Mecklenburg",35.2401000008895,-80.785683
"3566","12/08/2019","AQS",371190041,1,0.033,"ppm",31,"Garinger High School",17,100,44201,"Ozone",16740,"Charlotte-Concord-Gastonia, NC-SC",37,"North Carolina",119,"Mecklenburg",35.2401000008895,-80.785683
"3567","12/09/2019","AQS",371190041,1,0.013,"ppm",12,"Garinger High School",17,100,44201,"Ozone",16740,"Charlotte-Concord-Gastonia, NC-SC",37,"North Carolina",119,"Mecklenburg",35.2401000008895,-80.785683
"3568","12/10/2019","AQS",371190041,1,0.03,"ppm",28,"Garinger High School",17,100,44201,"Ozone",16740,"Charlotte-Concord-Gastonia, NC-SC",37,"North Carolina",119,"Mecklenburg",35.2401000008895,-80.785683
"3569","12/11/2019","AQS",371190041,1,0.035,"ppm",32,"Garinger High School",17,100,44201,"Ozone",16740,"Charlotte-Concord-Gastonia, NC-SC",37,"North Carolina",119,"Mecklenburg",35.2401000008895,-80.785683
"3570","12/12/2019","AQS",371190041,1,0.032,"ppm",30,"Garinger High School",17,100,44201,"Ozone",16740,"Charlotte-Concord-Gastonia, NC-SC",37,"North Carolina",119,"Mecklenburg",35.2401000008895,-80.785683
"3571","12/13/2019","AQS",371190041,1,0.014,"ppm",13,"Garinger High School",17,100,44201,"Ozone",16740,"Charlotte-Concord-Gastonia, NC-SC",37,"North Carolina",119,"Mecklenburg",35.2401000008895,-80.785683
"3572","12/14/2019","AQS",371190041,1,0.028,"ppm",26,"Garinger High School",17,100,44201,"Ozone",16740,"Charlotte-Concord-Gastonia, NC-SC",37,"North Carolina",119,"Mecklenburg",35.2401000008895,-80.785683
"3573","12/15/2019","AQS",371190041,1,0.031,"ppm",29,"Garinger High School",17,100,44201,"Ozone",16740,"Charlotte-Concord-Gastonia, NC-SC",37,"North Carolina",119,"Mecklenburg",35.2401000008895,-80.785683
"3574","12/16/2019","AQS",371190041,1,0.036,"ppm",33,"Garinger High School",17,100,44201,"Ozone",16740,"Charlotte-Concord-Gastonia, NC-SC",37,"North Carolina",119,"Mecklenburg",35.2401000008895,-80.785683
"3575","12/17/2019","AQS",371190041,1,0.029,"ppm",27,"Garinger High School",17,100,44201,"Ozone",16740,"Charlotte-Concord-Gastonia, NC-SC",37,"North Carolina",119,"Mecklenburg",35.2401000008895,-80.785683
"3576","12/18/2019","AQS",371190041,1,0.035,"ppm",32,"Garinger High School",17,100,44201,"Ozone",16740,"Charlotte-Concord-Gastonia, NC-SC",37,"North Carolina",119,"Mecklenburg",35.2401000008895,-80.785683
"3577","12/19/2019","AQS",371190041,1,0.03,"ppm",28,"Garinger High School",17,100,44201,"Ozone",16740,"Charlotte-Concord-Gastonia, NC-SC",37,"North Carolina",119,"Mecklenburg",35.2401000008895,-80.785683
"3578","12/20/2019","AQS",371190041,1,0.02,"ppm",19,"Garinger High School",17,100,44201,"Ozone",16740,"Charlotte-Concord-Gastonia, NC-SC",37,"North Carolina",119,"Mecklenburg",35.2401000008895,-80.785683
"3579","12/21/2019","AQS",371190041,1,0.025,"ppm",23,"Garinger High School",17,100,44201,"Ozone",16740,"Charlotte-Concord-Gastonia, NC-SC",37,"North Carolina",119,"Mecklenburg",35.2401000008895,-80.785683
"3580","12/22/2019","AQS",371190041,1,0.027,"ppm",25,"Garinger High School",17,100,44201,"Ozone",16740,"Charlotte-Concord-Gastonia, NC-SC",37,"North Carolina",119,"Mecklenburg",35.2401000008895,-80.785683
"3581","12/23/2019","AQS",371190041,1,0.028,"ppm",26,"Garinger High School",17,100,44201,"Ozone",16740,"Charlotte-Concord-Gastonia, NC-SC",37,"North Carolina",119,"Mecklenburg",35.2401000008895,-80.785683
"3582","12/24/2019","AQS",371190041,1,0.036,"ppm",33,"Garinger High School",17,100,44201,"Ozone",16740,"Charlotte-Concord-Gastonia, NC-SC",37,"North Carolina",119,"Mecklenburg",35.2401000008895,-80.785683
"3583","12/25/2019","AQS",371190041,1,0.034,"ppm",31,"Garinger High School",17,100,44201,"Ozone",16740,"Charlotte-Concord-Gastonia, NC-SC",37,"North Carolina",119,"Mecklenburg",35.2401000008895,-80.785683
"3584","12/26/2019","AQS",371190041,1,0.026,"ppm",24,"Garinger High School",17,100,44201,"Ozone",16740,"Charlotte-Concord-Gastonia, NC-SC",37,"North Carolina",119,"Mecklenburg",35.2401000008895,-80.785683
"3585","12/27/2019","AQS",371190041,1,0.021,"ppm",19,"Garinger High School",17,100,44201,"Ozone",16740,"Charlotte-Concord-Gastonia, NC-SC",37,"North Carolina",119,"Mecklenburg",35.2401000008895,-80.785683
"3586","12/28/2019","AQS",371190041,1,0.031,"ppm",29,"Garinger High School",17,100,44201,"Ozone",16740,"Charlotte-Concord-Gastonia, NC-SC",37,"North Carolina",119,"Mecklenburg",35.2401000008895,-80.785683
"3587","12/29/2019","AQS",371190041,1,0.027,"ppm",25,"Garinger High School",17,100,44201,"Ozone",16740,"Charlotte-Concord-Gastonia, NC-SC",37,"North Carolina",119,"Mecklenburg",35.2401000008895,-80.785683
"3588","12/30/2019","AQS",371190041,1,0.039,"ppm",36,"Garinger High School",17,100,44201,"Ozone",16740,"Charlotte-Concord-Gastonia, NC-SC",37,"North Carolina",119,"Mecklenburg",35.2401000008895,-80.785683
"3589","12/31/2019","AirNow",371190041,1,0.035,"ppm",32,"Garinger High School",19,79,44201,"Ozone",16740,"Charlotte-Concord-Gastonia, NC-SC",37,"North Carolina",119,"Mecklenburg",35.2401000008895,-80.785683
